{
 "config": {
  "quick": false,
  "b0": 1.0,
  "rho0": 1.0,
  "lambda_ssv": 2000.0,
  "alpha": 0.0072973525205055605
 },
 "B1_magnon": {
  "k": [
   0.030679615757712823,
   0.06135923151542565,
   0.1227184630308513,
   0.2454369260617026,
   0.4908738521234052,
   0.9817477042468103,
   1.5707963267948966
  ],
  "omega": [
   0.00047050932074037374,
   0.0018822511647688988,
   0.007529428251796341,
   0.030118506859987203,
   0.12047402823252375,
   0.4819156415885502,
   1.2336990069707856
  ],
  "omega_over_k2_2": [
   0.9997660725899064,
   0.9998796897730102,
   0.9999359444543908,
   0.9999623011020877,
   0.999962307680643,
   1.0000028307764948,
   0.9999987491572537
  ],
  "p_fit": 2.0000523165143846,
  "A_fit": 0.5000024257343099,
  "A_expected_quantum_pressure": 0.5,
  "alpha_c_k_for_contrast": [
   0.00022387997137768777,
   0.00044775994275537555,
   0.0008955198855107511,
   0.0017910397710215022,
   0.0035820795420430044,
   0.007164159084086009,
   0.011462654534537615
  ]
 },
 "B2_control": [
  {
   "k": 0.030679615757712823,
   "omega_measured": 0.030691160611740303,
   "omega_bogoliubov": 0.030683225151072382,
   "ratio": 1.0002586253768582
  },
  {
   "k": 0.1227184630308513,
   "omega_measured": 0.12294889745731732,
   "omega_bogoliubov": 0.12294926076256979,
   "ratio": 0.9999970450798141
  },
  {
   "k": 0.4908738521234052,
   "omega_measured": 0.5054543370457294,
   "omega_bogoliubov": 0.505442602449486,
   "ratio": 1.0000232164763843
  },
  {
   "k": 1.5707963267948966,
   "omega_measured": 1.9976704772495273,
   "omega_bogoliubov": 1.99735278498282,
   "ratio": 1.0001590566619456
  }
 ],
 "B2_control_p_fit": 1.0550134194317629,
 "B3a_B4_scaling": {
  "eps": [
   0.001,
   0.003,
   0.01,
   0.03
  ],
  "E_perp": [
   9.740909103400246e-11,
   7.890136373754195e-09,
   9.74090910340024e-07,
   7.890136373754191e-05
  ],
  "E_spin_gradient": [
   0.0012633093633394377,
   0.011369784270054938,
   0.12633093633394377,
   1.1369784270054937
  ],
  "j_norm": [
   3.078119592388474e-05,
   0.00027703076331496256,
   0.003078119592388473,
   0.027703076331496254
  ],
  "curl_j_norm": [
   1.395772839927776e-05,
   0.0001256195555934998,
   0.0013957728399277755,
   0.012561955559349977
  ],
  "slope_E_perp": 3.9999999999999982,
  "slope_E_spin_gradient": 2.0,
  "slope_j": 2.000000000000001,
  "slope_curl_j": 1.9999999999999998,
  "q": 0.39269908169872414
 },
 "B3b_lambda_on": {
  "eps": [
   0.003,
   0.01
  ],
  "lambda": 2000.0,
  "omega_off_eps0.003": 0.1542128693572409,
  "omega_on_eps0.003": 0.1546400524080133,
  "omega_off_eps0.01": 0.1542159087312073,
  "omega_on_eps0.01": 0.15887216381679545,
  "omega0_linear_spectrum": 0.15421256876702122,
  "shift_ratio_measured": 0.09174391070080842,
  "shift_ratio_eps2_expected": 0.09,
  "c2_measured": 46.562550855881454,
  "c2_first_order_PT": 47.56303273144649,
  "extrapolated_linear_shift_rel": 5.265519622929288e-05
 },
 "B5a_static": {
  "max_U_eff_over_V0": 0.00017768390880884555,
  "max_U_unbalanced_over_V0": 1.0
 },
 "B5b_transit": {
  "k0": 0.7853981633974483,
  "sigma": 50.0,
  "V0": 0.1,
  "wkb_unbalanced_prediction": -15.705682507571716,
  "delay_depression": 6.698536230942409e-05,
  "delay_positive_control": -15.871269229672066,
  "pc_ratio": 1.0105431089683954,
  "gamma_magnon": -4.265039884585113e-06
 },
 "verdicts": {
  "B1_p": 2.0000523165143846,
  "R1_trigger_p2": true,
  "R2_trigger_p1": false,
  "B1_coefficient_is_quantum_pressure": true,
  "B2_instrument_distinguishes": true,
  "B3a_chiral_silent_quartic": true,
  "B3b_linear_spectrum_shift_le_1e-3": true,
  "B4_no_linear_order_current": true,
  "B5_instrument_validated": true,
  "B5_gamma_magnon": -4.265039884585113e-06,
  "Q3_non_transactional": true,
  "Q3_transactional": false,
  "S1_prediction": "R1 operative clause (omega = k^2/2, quantum-pressure coefficient, chiral term silent at linear order) and Q3 NEGATIVE"
 }
}