{
 "config": {
  "quick": false,
  "B0": 1.0,
  "c_s": 1.0,
  "xi": 0.7071067811865475,
  "N": 240,
  "a": 0.4,
  "ell_max": 110,
  "width": 1.414213562373095
 },
 "A_baseline": {
  "R": [
   2.0,
   3.2,
   4.0,
   4.800000000000001,
   6.0,
   7.2,
   8.0
  ],
  "S": [
   23.465325099200605,
   55.54838316132486,
   83.87882838574464,
   117.37591077572047,
   176.51383584273975,
   245.18093176481867,
   295.6097069363397
  ],
  "slope": 1.8301486409875893,
  "ell_used": 110,
  "k4": true,
  "diag": {
   "slope": 1.8301486409875893,
   "slope_hi": 1.775272173427064,
   "c2_area": 3.689316828107744,
   "area_frac": 0.7987433141014677,
   "rms_area": 0.6558080637290957,
   "rms_vol": 0.6615714498134111,
   "area_beats_volume": true,
   "S_over_R2": [
    5.866331274800151,
    5.4246467930981295,
    5.24242677410904,
    5.094440571862866,
    4.903162106742771,
    4.729570442994187,
    4.618901670880308
   ],
   "S_over_R3": [
    2.9331656374000756,
    1.6952021228431653,
    1.31060669352726,
    1.0613417858047636,
    0.8171936844571285,
    0.6568847837491926,
    0.5773627088600385
   ]
  },
  "massive_control": {
   "S": [
    22.44195960766556,
    53.09302549798659,
    80.12580457389774,
    112.05112648055466,
    168.31785026342175,
    233.49798540255009,
    281.26042234859136
   ],
   "slope": 1.826435743183267,
   "diag": {
    "slope": 1.826435743183267,
    "slope_hi": 1.7663880977052226,
    "c2_area": 3.475328256405065,
    "area_frac": 0.7908009472241273,
    "rms_area": 0.6554588087795599,
    "rms_vol": 0.6247726350924814,
    "area_beats_volume": false,
    "S_over_R2": [
     5.61048990191639,
     5.184865771287751,
     5.007862785868609,
     4.863330142385183,
     4.675495840650604,
     4.504204965326969,
     4.39469409919674
    ],
    "S_over_R3": [
     2.805244950958195,
     1.6202705535274224,
     1.2519656964671522,
     1.0131937796635797,
     0.7792493067751006,
     0.6255840229620789,
     0.5493367623995925
    ]
   },
   "mass2": 1.0
  },
  "sound_only_control": {
   "S": [
    8.729301751060278,
    20.795535805342148,
    31.518479606349505,
    44.27281176904479,
    66.97960646822574,
    93.6348410450617,
    113.40188905179261
   ],
   "slope": 1.8521409087708345,
   "fit_rms": 0.002094746142991136
  }
 },
 "B_chiral": {
  "R": [
   2.0,
   3.2,
   4.0,
   4.800000000000001,
   6.0,
   7.2,
   8.0
  ],
  "S_chiral_off": [
   22.929044980691394,
   52.95204102925603,
   78.41438611002025,
   107.41875280955682,
   156.09275629438324,
   209.1382809850467,
   246.05124487385453
  ],
  "S_chiral_on": [
   22.929044980691394,
   52.95204102925603,
   78.41438611002025,
   107.41875280955682,
   156.09275629438324,
   209.1382809850467,
   246.05124487385453
  ],
  "max_rel_diff": 0.0,
  "slope": 1.713776427965273,
  "note": "chiral term is exactly silent at quadratic order over irrotational flow (#138 statement 1); area-law form is chiral-protected. Rotational-flow risk flagged residual."
 },
 "C_dumbhole": {
  "r_H": [
   2.4000000000000004,
   3.6,
   4.4,
   5.6000000000000005,
   6.4,
   7.6000000000000005
  ],
  "S": [
   34.94394466924894,
   73.1492139100193,
   107.05318342184722,
   165.28523416493442,
   212.95328339756202,
   287.3161420459339
  ],
  "slope": 1.8339686671350628,
  "diag": {
   "slope": 1.8339686671350628,
   "slope_hi": 1.7428564857201387,
   "c2_area": 3.8692731304952974,
   "area_frac": 0.7778512353186153,
   "rms_area": 1.041470745392504,
   "rms_vol": 0.8273522128571988,
   "area_beats_volume": false,
   "S_over_R2": [
    6.066657060633496,
    5.644229468365686,
    5.529606581706984,
    5.270575069034898,
    5.19905477044829,
    4.974309938468384
   ],
   "S_over_R3": [
    2.527773775263956,
    1.5678415189904682,
    1.2567287685697688,
    0.9411741194705174,
    0.8123523078825453,
    0.6545144655879451
   ]
  },
  "width": 1.414213562373095,
  "k4": true,
  "note": "spatial acoustic-metric inhomogeneity; flowing-horizon Hawking vacuum + surface gravity = S1 (deferred)."
 },
 "D_volume_control": {
  "R": [
   2.0,
   3.2,
   4.0,
   4.800000000000001,
   6.0,
   7.2,
   8.0
  ],
  "S_thermal": [
   1.2635387143170795,
   5.175454573842759,
   10.108309714536636,
   17.467159186719318,
   34.11554528656115,
   58.95166225517767,
   80.86647771629309
  ],
  "slope": 3.0,
  "fit_rms": 1.2548467326853124e-15,
  "T": 1.0
 },
 "eta_G_overshoot_a_p_over_l_P_squared": 1.6931500025035654e+38,
 "verdicts": {
  "A_baseline_area_law": true,
  "A_baseline_slope": 1.8301486409875893,
  "A_baseline_slope_hi": 1.775272173427064,
  "A_area_beats_volume": true,
  "C_dumbhole_area_law": true,
  "C_dumbhole_slope": 1.8339686671350628,
  "C_area_beats_volume": false,
  "eta_coefficient_ratio_C_over_A": 1.0487776764024501,
  "eta_universal": true,
  "B_chiral_exactly_silent": true,
  "D_control_volume_law": true,
  "D_control_slope": 3.0,
  "area_vs_volume_slope_gap": 1.1698513590124107,
  "VERDICT": "R1",
  "VERDICT_meaning": "R1: cross-horizon entanglement entropy is area-law (form derived); coefficient eta->G conceded (overshoot ~1.69e+38).",
  "form_yes_G_no": true
 },
 "walltime_s": 8.504110336303711
}