{
  "state": "papers\\SSV-I\\data\\trefoil-state-n24-hw7-200steps-2026-05-06.npz",
  "config": {
    "n": 24,
    "half_width": 7.0,
    "xi": 1.0,
    "major_radius": 2.8,
    "minor_radius": 0.85,
    "smoothing_radius": 0.2,
    "log_pressure": 0.5,
    "density_floor": 1e-12,
    "anchor_shell": 2,
    "boundary_blend_fraction": 0.18,
    "depressed_threshold": 0.35,
    "frame_samples": 600
  },
  "summary": {
    "steps_completed": 200,
    "final_energy": 0.8352332338887511,
    "best_energy": 0.8352332338887511,
    "energy_monotonicity_violations": 0,
    "accepted_steps": 200,
    "rejected_steps": 0,
    "final_step_size": 0.09800000000000003,
    "residual_norm": 0.011893297637352519,
    "depressed_fraction": 0.0,
    "effective_radius": 4.822448386185502,
    "deficit_volume": 1.9325484683500738,
    "equivalent_deficit_radius": 0.7727053665845691,
    "far_field_shell_density": 0.9990298506457959,
    "far_field_shell_deficit": 0.0009701493542041417,
    "far_field_moment": 0.002354728143173781,
    "min_density": 0.9946356214448284,
    "max_density": 1.0,
    "stop_reason": "max_steps"
  },
  "geometry": {
    "deficit_volume": 1.9325484683500704,
    "equivalent_deficit_radius": 0.7727053665845687,
    "shell_deficit": 0.0009701493542041417,
    "effective_radius": 4.822448386185502,
    "compactness_ratio": 0.16023092518689852,
    "deficit_volume_over_radius_cubed": 0.017231680371519436,
    "shell_to_volume_ratio": 0.0005020051864636621
  },
  "interpretation": {
    "role": "candidate geometric constraints for the unresolved Q_p calibration",
    "warning": "These ratios are geometry diagnostics only; none should be read as a solved C_Q value."
  }
}
