{
  "state": "papers\\SSV-I\\data\\trefoil-state-n48-hw5-400steps-2026-05-06.npz",
  "config": {
    "n": 48,
    "half_width": 5.0,
    "xi": 1.0,
    "major_radius": 2.8,
    "minor_radius": 0.85,
    "smoothing_radius": 0.2,
    "log_pressure": 0.5,
    "density_floor": 1e-12,
    "anchor_shell": 2,
    "boundary_blend_fraction": 0.18,
    "depressed_threshold": 0.35,
    "frame_samples": 600
  },
  "summary": {
    "steps_completed": 400,
    "final_energy": 49.00153332653815,
    "best_energy": 49.00153332653815,
    "energy_monotonicity_violations": 0,
    "accepted_steps": 400,
    "rejected_steps": 0,
    "final_step_size": 0.0125,
    "residual_norm": 0.18167799432071227,
    "depressed_fraction": 0.022117332175925927,
    "effective_radius": 3.338142885461939,
    "deficit_volume": 115.71278659553671,
    "equivalent_deficit_radius": 3.0229496548601875,
    "far_field_shell_density": 0.8744144628892311,
    "far_field_shell_deficit": 0.12558553711076892,
    "far_field_moment": 0.23721927694553677,
    "min_density": 0.006929644519045606,
    "max_density": 1.0,
    "stop_reason": "max_steps"
  },
  "geometry": {
    "deficit_volume": 115.7127865955362,
    "equivalent_deficit_radius": 3.022949654860183,
    "shell_deficit": 0.12558553711076892,
    "effective_radius": 3.338142885461939,
    "compactness_ratio": 0.9055782686911142,
    "deficit_volume_over_radius_cubed": 3.1107605716036817,
    "shell_to_volume_ratio": 0.001085321171546426
  },
  "interpretation": {
    "role": "candidate geometric constraints for the unresolved Q_p calibration",
    "warning": "These ratios are geometry diagnostics only; none should be read as a solved C_Q value."
  }
}
