{
  "scan": [
    {
      "epsilon": 0.02,
      "by_n": {
        "24": {
          "half_width_values": [
            5.0,
            6.0,
            7.0
          ],
          "candidate_span": {
            "min": 0.0037322016613530384,
            "max": 0.011976461267354375,
            "span": 0.008244259606001336,
            "relative_span": 0.6883719173771027
          }
        },
        "48": {
          "half_width_values": [
            5.0,
            6.0,
            7.0
          ],
          "candidate_span": {
            "min": 0.03359368854145622,
            "max": 0.13509003538900685,
            "span": 0.10149634684755063,
            "relative_span": 0.7513237120360547
          }
        }
      }
    },
    {
      "epsilon": 0.05,
      "by_n": {
        "24": {
          "half_width_values": [
            5.0,
            6.0,
            7.0
          ],
          "candidate_span": {
            "min": 0.007875280122076384,
            "max": 0.019578131792411933,
            "span": 0.01170285167033555,
            "relative_span": 0.597751194772901
          }
        },
        "48": {
          "half_width_values": [
            5.0,
            6.0,
            7.0
          ],
          "candidate_span": {
            "min": 0.043561870618301635,
            "max": 0.14934678280636374,
            "span": 0.1057849121880621,
            "relative_span": 0.7083173149114167
          }
        }
      }
    },
    {
      "epsilon": 0.1,
      "by_n": {
        "24": {
          "half_width_values": [
            5.0,
            6.0,
            7.0
          ],
          "candidate_span": {
            "min": 0.014780410889948626,
            "max": 0.032247582667507865,
            "span": 0.01746717177755924,
            "relative_span": 0.5416583301035731
          }
        },
        "48": {
          "half_width_values": [
            5.0,
            6.0,
            7.0
          ],
          "candidate_span": {
            "min": 0.06017550741304401,
            "max": 0.17310802850195856,
            "span": 0.11293252108891455,
            "relative_span": 0.6523817645328728
          }
        }
      }
    },
    {
      "epsilon": 0.15,
      "by_n": {
        "24": {
          "half_width_values": [
            5.0,
            6.0,
            7.0
          ],
          "candidate_span": {
            "min": 0.021685541657820866,
            "max": 0.0449170335426038,
            "span": 0.02323149188478293,
            "relative_span": 0.5172089528741444
          }
        },
        "48": {
          "half_width_values": [
            5.0,
            6.0,
            7.0
          ],
          "candidate_span": {
            "min": 0.07678914420778638,
            "max": 0.19686927419755335,
            "span": 0.12008012998976697,
            "relative_span": 0.6099485583985523
          }
        }
      }
    },
    {
      "epsilon": 0.2,
      "by_n": {
        "24": {
          "half_width_values": [
            5.0,
            6.0,
            7.0
          ],
          "candidate_span": {
            "min": 0.02859067242569311,
            "max": 0.057586484417699736,
            "span": 0.028995811992006626,
            "relative_span": 0.503517661916769
          }
        },
        "48": {
          "half_width_values": [
            5.0,
            6.0,
            7.0
          ],
          "candidate_span": {
            "min": 0.09340278100252876,
            "max": 0.22063051989314816,
            "span": 0.1272277388906194,
            "relative_span": 0.5766552104950669
          }
        }
      }
    },
    {
      "epsilon": 0.3,
      "by_n": {
        "24": {
          "half_width_values": [
            5.0,
            6.0,
            7.0
          ],
          "candidate_span": {
            "min": 0.04240093396143759,
            "max": 0.0829253861678916,
            "span": 0.040524452206454,
            "relative_span": 0.48868572193812615
          }
        },
        "48": {
          "half_width_values": [
            5.0,
            6.0,
            7.0
          ],
          "candidate_span": {
            "min": 0.12663005459201349,
            "max": 0.26815301128433777,
            "span": 0.1415229566923243,
            "relative_span": 0.5277694105111485
          }
        }
      }
    },
    {
      "epsilon": 0.5,
      "by_n": {
        "24": {
          "half_width_values": [
            5.0,
            6.0,
            7.0
          ],
          "candidate_span": {
            "min": 0.07002145703292656,
            "max": 0.13360318966827534,
            "span": 0.06358173263534878,
            "relative_span": 0.47589981042530854
          }
        },
        "48": {
          "half_width_values": [
            5.0,
            6.0,
            7.0
          ],
          "candidate_span": {
            "min": 0.193084601770983,
            "max": 0.36319799406671704,
            "span": 0.17011339229573405,
            "relative_span": 0.4683764642832398
          }
        }
      }
    },
    {
      "epsilon": 0.75,
      "by_n": {
        "24": {
          "half_width_values": [
            5.0,
            6.0,
            7.0
          ],
          "candidate_span": {
            "min": 0.10454711087228777,
            "max": 0.196950444043755,
            "span": 0.09240333317146723,
            "relative_span": 0.4691704739235758
          }
        },
        "48": {
          "half_width_values": [
            5.0,
            6.0,
            7.0
          ],
          "candidate_span": {
            "min": 0.2761527857446949,
            "max": 0.48200422254469105,
            "span": 0.20585143679999618,
            "relative_span": 0.42707392834283686
          }
        }
      }
    },
    {
      "epsilon": 1.0,
      "by_n": {
        "24": {
          "half_width_values": [
            5.0,
            6.0,
            7.0
          ],
          "candidate_span": {
            "min": 0.13907276471164898,
            "max": 0.26029769841923467,
            "span": 0.12122493370758569,
            "relative_span": 0.4657165024653471
          }
        },
        "48": {
          "half_width_values": [
            5.0,
            6.0,
            7.0
          ],
          "candidate_span": {
            "min": 0.3592209697184067,
            "max": 0.6008104510226651,
            "span": 0.24158948130425834,
            "relative_span": 0.4021059901555284
          }
        }
      }
    },
    {
      "epsilon": 1.5,
      "by_n": {
        "24": {
          "half_width_values": [
            5.0,
            6.0,
            7.0
          ],
          "candidate_span": {
            "min": 0.2081240723903714,
            "max": 0.386992207170194,
            "span": 0.1788681347798226,
            "relative_span": 0.4622008698515182
          }
        },
        "48": {
          "half_width_values": [
            5.0,
            6.0,
            7.0
          ],
          "candidate_span": {
            "min": 0.5253573376658305,
            "max": 0.8384229079786132,
            "span": 0.3130655703127827,
            "relative_span": 0.37339815901209666
          }
        }
      }
    },
    {
      "epsilon": 2.0,
      "by_n": {
        "24": {
          "half_width_values": [
            5.0,
            6.0,
            7.0
          ],
          "candidate_span": {
            "min": 0.2771753800690938,
            "max": 0.5136867159211533,
            "span": 0.23651133585205952,
            "relative_span": 0.4604194123025795
          }
        },
        "48": {
          "half_width_values": [
            5.0,
            6.0,
            7.0
          ],
          "candidate_span": {
            "min": 0.6914937056132542,
            "max": 1.0760353649345613,
            "span": 0.3845416593213071,