bounds,scenario,galaxy,points,model,family,parameter_count,chi2,chi2_reduced,aicc,delta_aicc,bic,delta_bic,condition_number,practical_rank,rank,maximum_absolute_correlation,boundary_parameters,parameters_dimensionless,delta_aicc_vs_pISO,delta_bic_vs_pISO,delta_aicc_vs_cored_log,delta_bic_vs_cored_log
primary,primary,DDO154,12,baryons,logsvt,0,70395.93204834746,5866.327670695621,70395.93204834746,70381.28348598561,70395.93204834746,70382.82876603625,,0,0,,,{},70365.81666154602,70366.18018157977,70377.90138639939,70378.26490643313
primary,primary,DDO154,12,Q,logsvt,1,70395.93367022953,6399.63033365723,70398.33367022952,70383.68510786767,70398.41857687931,70385.3152945681,1.0,1,1,0.0,logQ,"{""Q"": 1.5229979744712682e-08}",70368.21828342808,70368.66671011162,70380.30300828145,70380.75143496499
primary,primary,DDO154,12,L,logsvt,1,218.7994124644094,19.89085567858267,221.1994124644094,206.5508501025632,221.2843191141974,208.1810368029872,1.0,1,1,0.0,,"{""L"": 1.4433592219188767}",191.08402566296613,191.53245234651143,203.1687505163335,203.61717719987882
primary,primary,DDO154,12,L_Q,logsvt,2,102.11527717651254,10.211527717651254,107.44861050984586,92.80004814799969,107.08509047608854,93.98180816487836,13.630951354032435,2,2,0.9781768576085744,,"{""L"": 1.8414036807690062, ""Q"": 0.6383469967576397}",77.33322370840258,77.3332237084026,89.41794856176998,89.41794856176998
primary,primary,DDO154,12,k1,logsvt,2,120.50423797121803,12.050423797121804,125.83757130455136,111.18900894270519,125.47405127079404,112.37076895958386,41.35266289080916,2,2,0.998753794097535,,"{""B"": 1.9513674013453073, ""u1"": 0.4791923757407308}",95.72218450310808,95.7221845031081,107.80690935647547,107.80690935647547
primary,primary,DDO154,12,k1_Q,logsvt,3,102.11527759337439,11.346141954819377,111.11527759337439,96.46671523152821,109.56999754273839,96.46671523152821,657129815.5409353,2,3,0.9999999531418102,,"{""B"": 16168.887670923477, ""Q"": 0.6382421458172768, ""u1"": 5.694280640053645e-05}",80.99989079193111,79.81813077505245,93.0846156452985,91.90285562841983
primary,primary,DDO154,12,k1_L,logsvt,3,102.39558283726451,11.37728698191828,111.39558283726451,96.74702047541834,109.85030278662852,96.74702047541834,117049279.93364511,2,3,0.9999999605764451,L,"{""B"": 8078.954278086941, ""L"": -99.99999999999999, ""u1"": 0.00630291827905222}",81.28019603582123,80.09843601894258,93.36492088918862,92.18316087230995
primary,primary,DDO154,12,k1_L_Q,logsvt,4,102.1152773403632,12.7644096675454,115.82956305464891,101.18100069280274,112.05490393951521,98.95162162830503,754449420.753743,2,4,0.9999868592574442,,"{""B"": 0.003585387161148963, ""L"": 1.8413540703610916, ""Q"": 0.6383466616108028, ""u1"": 0.006918995963242025}",85.71417625320564,82.30303717182927,97.79890110657303,94.38776202519665
primary,primary,DDO154,12,k2,logsvt,2,12.697328614742535,1.2697328614742536,18.030661948075867,3.3820995862296854,17.667141914318535,4.563859603108352,11.28285221076318,2,2,0.9611354024644404,,"{""B"": 0.33730813583222896, ""u2"": 5.381668006500473}",-12.084724853367408,-12.084724853367408,-2.842170943040401e-14,-2.842170943040401e-14
primary,primary,DDO154,12,k2_Q,logsvt,3,5.6485623618461815,0.6276180402051312,14.648562361846182,0.0,13.103282311210183,0.0,102.22364396390343,3,3,0.9819832145443038,,"{""B"": 0.4353540185471092, ""Q"": 0.33288602354824604, ""u2"": 3.9080363736930956}",-15.466824439597094,-16.64858445647576,-3.382099586229714,-4.56385960310838
primary,primary,DDO154,12,k2_L,logsvt,3,9.142126954460899,1.0157918838289888,18.1421269544609,3.4935645926147174,16.5968469038249,3.4935645926147174,43.94781192542594,3,3,0.9826337934382802,,"{""B"": 0.40517159042613055, ""L"": -0.2529736440460896, ""u2"": 5.054133598114876}",-11.973259846982376,-13.155019863861042,0.11146500638500356,-1.0702950104936626
primary,primary,DDO154,12,k2_L_Q,logsvt,4,4.690745767128657,0.5863432208910822,18.405031481414373,3.756469119568191,14.630372366280659,1.5270900550704756,155.04315154458206,4,4,0.9805100200247313,,"{""B"": 0.4415400261454028, ""L"": 0.2662170607499316, ""Q"": 0.5751386515197904, ""u2"": 3.2046029072868176}",-11.710355320028903,-15.121494401405284,0.3743695333384771,-3.0367695480379044
primary,primary,DDO154,12,k12,logsvt,3,12.697328766885413,1.4108143074317125,21.697328766885413,7.048766405039231,20.152048716249414,7.048766405039231,1444746948.5350702,2,3,0.9965171328565328,logu1,"{""B"": 0.33730813679763644, ""u1"": 1.5229979744715984e-08, ""u2"": 5.381667971645874}",-8.418058034557863,-9.599818051436529,3.6666668188095173,2.484906801930851
primary,primary,DDO154,12,k12_Q,logsvt,4,4.580003587577468,0.5725004484471835,18.294289301863184,3.6457269400170027,14.519630186729469,1.4163478755192855,232.44162980269212,4,4,0.9925441193212311,,"{""B"": 0.5364840560955653, ""Q"": 0.5288992295545173, ""u1"": 0.21782862831031002, ""u2"": 2.86860017455707}",-11.821097499580091,-15.232236580956474,0.26362735378728885,-3.1475117275890945
primary,primary,DDO154,12,k12_L,logsvt,4,4.342838775235934,0.5428548469044917,18.057124489521648,3.4085621276754665,14.282465374387936,1.179183063177753,993.8133352298097,4,4,0.9983009123315916,,"{""B"": 1.3921809772335385, ""L"": -2.3118270063445303, ""u1"": 0.8631157809617805, ""u2"": 1.7158622344925418}",-12.058262311921627,-15.469401393298007,0.026462541445752663,-3.384676539930627
primary,primary,DDO154,12,k12_L_Q,logsvt,5,4.34283877692186,0.6204055395602657,24.34283877692186,9.694276415075677,16.76737202586186,3.664089714651677,8375675598.271127,4,5,0.9998021878648178,,"{""B"": 1.392182228314628, ""L"": -2.311829173362015, ""Q"": 1.898707814207914e-08, ""u1"": 0.8631158601299607, ""u2"": 1.7158608693116308}",-5.7725480245214165,-12.984494741824083,6.312176828845963,-0.8997698884567029
primary,primary,DDO154,12,C,logsvt,1,2152.3772398423107,195.6706581674828,2154.777239842311,2140.128677480465,2154.862146492099,2141.758864180889,1.0,1,1,0.0,,"{""C"": 0.8287538999355265}",2124.6618530408673,2125.110279724413,2136.746577894235,2137.1950045777803
primary,primary,DDO154,12,C_Q,logsvt,2,2152.3772819066767,215.23772819066767,2157.71061524001,2143.062052878164,2157.3470952062526,2144.2438128950425,310790623.73766565,1,2,1.0,logQ,"{""C"": 0.8287539035997462, ""Q"": 1.5229979744712682e-08}",2127.5952284385667,2127.5952284385667,2139.6799532919345,2139.679953291934
primary,primary,DDO154,12,C_L,logsvt,2,204.72787267169497,20.472787267169497,210.0612060050283,195.41264364318212,209.69768597127097,196.59440366006078,33.51456685883064,2,2,0.9569246804931634,,"{""C"": 0.05862033002725064, ""L"": 1.34361005497865}",179.94581920358505,179.94581920358502,192.0305440569524,192.0305440569524
primary,primary,DDO154,12,C_L_Q,logsvt,3,102.11528769498642,11.346143077220713,111.11528769498642,96.46672533314023,109.57000764435043,96.46672533314025,235629616.5647276,2,3,0.9987542198930915,logC,"{""C"": 1.522997974473216e-08, ""L"": 1.8414036341008537, ""Q"": 0.6383469628645684}",80.99990089354314,79.81814087666449,93.08462574691052,91.90286573003186
primary,primary,DDO154,12,C_k1,logsvt,3,120.50424648530435,13.389360720589373,129.50424648530435,114.85568412345816,127.95896643466835,114.85568412345818,502977668.8775303,2,3,0.9998779542038124,logC,"{""B"": 1.9513675619423905, ""C"": 1.522997974475743e-08, ""u1"": 0.4791923138595308}",99.38885968386107,98.20709966698242,111.47358453722845,110.29182452034979
primary,primary,DDO154,12,C_k1_Q,logsvt,4,102.11528805627694,12.764411007034617,115.82957377056265,101.18101140871647,112.05491465542895,98.95163234421877,965134028.604474,2,4,0.9999999593943466,logC,"{""B"": 17367.984342965392, ""C"": 1.5229979744712682e-08, ""Q"": 0.6382493436982731, ""u1"": 5.301143739532517e-05}",85.71418696911937,82.303047887743,97.79891182248676,94.38777274111038
primary,primary,DDO154,12,C_k1_L,logsvt,4,102.39559332723587,12.799449165904484,116.10987904152158,101.4613166796754,112.33521992638788,99.2319376151777,10678330572.349634,2,4,1.0,logC;L,"{""B"": 8078.956718416885, ""C"": 1.5229979744712682e-08, ""L"": -99.99999999999999, ""u1"": 0.006302916366060729}",85.9944922400783,82.58335315870194,98.07921709344569,94.66807801206932
primary,primary,DDO154,12,C_k1_L_Q,logsvt,5,102.11528954011916,14.587898505731308,122.11528954011916,107.46672717827298,114.53982278905917,101.436540477849,378689172.99028265,2,5,0.9999979811637927,,"{""B"": 0.10191503981481573, ""C"": 1.7539280670033368e-08, ""L"": 1.84087279540669, ""Q"": 0.6383455646115003, ""u1"": 0.0026042443044322905}",91.99990273867589,84.78795602137323,104.08462759204326,96.87268087474061
primary,primary,DDO154,12,C_k2,logsvt,3,12.697329496639657,1.4108143885155175,21.697329496639657,7.048767134793476,20.15204944600366,7.048767134793476,251503096.01809847,2,3,0.9999611831420933,logC,"{""B"": 0.3373081346555057, ""C"": 1.5229979748810912e-08, ""u2"": 5.381667781550201}",-8.418057304803618,-9.599817321682284,3.666667548563762,2.4849075316850957
primary,primary,DDO154,12,C_k2_Q,logsvt,4,5.02910297929403,0.6286378724117537,18.743388693579746,4.0948263317335645,14.96872957844603,1.8654472672358473,302.24123182709417,4,4,0.9873861109735231,,"{""B"": 0.4600177208170692, ""C"": 0.016582780346620505, ""Q"": 0.404576956236933, ""u2"": 3.5142142680797135}",-11.37199810786353,-14.783137189239913,0.7127267455038506,-2.6984123358725327
primary,primary,DDO154,12,C_k2_L,logsvt,4,6.460384953743343,0.8075481192179179,20.17467066802906,5.526108306182877,16.400011552895343,3.29672924168516,208.26651761371866,4,4,0.9942569053166891,,"{""B"": 0.5013456855830524, ""C"": 0.05655680958186903, ""L"": -0.6049540726568589, ""u2"": 4.17146865375707}",-9.940716133414217,-13.3518552147906,2.1440087199531632,-1.26713036142322
primary,primary,DDO154,12,C_k2_L_Q,logsvt,5,4.690745992114398,0.6701065703020569,24.690745992114397,10.042183630268216,17.1152792410544,4.011996929844216,1285752987.9214318,4,5,0.9805100339120242,logC,"{""B"": 0.44154001779356666, ""C"": 1.5229979744728375e-08, ""L"": 0.26621682389874907, ""Q"": 0.5751384324827554, ""u2"": 3.204603379149573}",-5.424640809328878,-12.636587526631544,6.660084044038502,-0.5518626732641643
primary,primary,DDO154,12,C_k12,logsvt,4,12.697329648782603,1.5871662060978253,26.411615363068318,11.763053001222136,22.636956247934606,9.533673936724423,1424101771.6254504,2,4,0.9999714952217944,logC;logu1,"{""B"": 0.3373081355614457, ""C"": 1.5229979745971284e-08, ""u1"": 1.522997974802754e-08, ""u2"": 5.381667749347815}",-3.7037714383749574,-7.114910519751337,8.380953414992423,4.969814333616043
primary,primary,DDO154,12,C_k12_Q,logsvt,5,4.5800038518588275,0.654286264551261,24.580003851858827,9.931441490012645,17.004537100798828,3.901254789588645,920049073.1858385,4,5,0.9925441463184326,logC,"{""B"": 0.5364839711762105, ""C"": 1.5229979744739575e-08, ""Q"": 0.5288991050018564, ""u1"": 0.21782844176440186, ""u2"": 2.8686008098267233}",-5.535382949584449,-12.747329666887115,6.549341903782931,-0.6626048135197351
primary,primary,DDO154,12,C_k12_L,logsvt,5,4.342838926439811,0.6204055609199729,24.34283892643981,9.694276564593629,16.767372175379812,3.664089864169629,2428572231.769374,4,5,0.9996459420160807,logC,"{""B"": 1.39218054418737, ""C"": 1.5229981693745433e-08, ""L"": -2.311826303175846, ""u1"": 0.8631157117296279, ""u2"": 1.7158627467813674}",-5.772547875003465,-12.984494592306131,6.312176978363915,-0.8997697389387511
primary,primary,DDO154,12,C_k12_L_Q,logsvt,6,4.342838927791226,0.7238064879652043,33.14283892779123,18.49427656594505,19.25227882651923,6.148996515309047,7798265792.768573,4,6,1.0,logC;logQ,"{""B"": 1.392180312995427, ""C"": 1.5229987307293638e-08, ""L"": -2.3118258875523425, ""Q"": 1.5233976152343053e-08, ""u1"": 0.8631156892983928, ""u2"": 1.71586299735347}",3.0274521263479564,-10.499587941166713,15.112176979715336,1.5851369122006673
primary,primary,DDO154,12,cored_log,cored_log,2,12.697328614742563,1.2697328614742562,18.030661948075895,3.382099586229714,17.667141914318563,4.56385960310838,7.507190231636798,2,2,0.9611354084443655,,"{""H"": 1.3492325456271879, ""Rc"": 0.4310637966352032}",-12.08472485336738,-12.08472485336738,0.0,0.0
primary,primary,DDO154,12,pISO,piso,2,24.782053468109943,2.478205346810994,30.115386801443275,15.466824439597094,29.751866767685943,16.64858445647576,9.896762468153,2,2,0.9778366388884601,,"{""H"": 1.8137565153852457, ""Rc"": 0.2666575186615954}",0.0,0.0,12.08472485336738,12.08472485336738
primary,primary,DDO154,12,NFW,nfw,2,117.71208076221698,11.771208076221699,123.04541409555031,108.39685173370412,122.68189406179299,109.57861175058281,26.515535974569513,2,2,0.997075862167561,,"{""V200"": 1.4495656997353552, ""c"": 4.9582047400660505}",92.93002729410703,92.93002729410705,105.01475214747441,105.01475214747443
primary,primary,NGC2403,73,baryons,logsvt,0,319317.33624339564,4374.210085525968,319317.33624339564,318699.3710556542,319317.33624339564,318688.9120372655,,0,0,,,{},318293.46230856486,318289.052818254,317923.09951886506,317918.6900285542
primary,primary,NGC2403,73,Q,logsvt,1,319317.3396277805,4434.96305038584,319319.39596580865,318701.4307780672,319321.6300872216,318693.2058810915,1.0,1,1,0.0,logQ,"{""Q"": 1.5229979765676896e-08}",318295.5220309779,318293.34666208,317925.1592412781,317922.98387238017
primary,primary,NGC2403,73,L,logsvt,1,10530.781808071642,146.26085844543948,10532.838146099812,9914.872958358346,10535.07226751279,9906.648061382626,1.0,1,1,0.0,,"{""L"": 2.0598433720050466}",9508.964211269053,9506.788842371165,9138.601421569236,9136.426052671346
primary,primary,NGC2403,73,L_Q,logsvt,2,1479.1998711827732,20.83380100257427,1483.3712997542018,865.4061120127367,1487.78079006507,859.356583934906,6.497199075561745,2,2,0.9469225254548655,,"{""L"": 3.3695447645824017, ""Q"": 2.6844352035705445}",459.4973649234437,459.4973649234437,89.13457522362569,89.13457522362569
primary,primary,NGC2403,73,k1,logsvt,2,792.8939983196268,11.167521103093335,797.0654268910554,179.10023914959027,801.4749172019236,173.05071107175957,11.355625748128352,2,2,0.9707823529693201,,"{""B"": 0.7590253349528218, ""u1"": 3.501446612087758}",-226.80850793970274,-226.80850793970274,-597.1712976395207,-597.1712976395207
primary,primary,NGC2403,73,k1_Q,logsvt,3,744.4651300166076,10.635216143094395,750.8129561035641,132.84776836209903,757.3365083400528,128.9123022098887,88.14623393302546,3,3,0.9895357099169895,,"{""B"": 0.8927390081561134, ""Q"": 0.24114267721389984, ""u1"": 2.737991157843249}",-273.06097872719397,-270.9469168015736,-643.423768427012,-641.3097065013916
primary,primary,NGC2403,73,k1_L,logsvt,3,723.637043831693,10.337672054738471,729.9848699186495,112.01968217718434,736.5084221551381,108.08421602497401,92.94250963487457,3,3,0.991121626132958,,"{""B"": 1.193136844416734, ""L"": -0.5810233915887838, ""u1"": 2.242894591024921}",-293.88906491210867,-291.7750029864883,-664.2518546119267,-662.1377926863063
primary,primary,NGC2403,73,k1_L_Q,logsvt,4,723.6370449034475,10.48749340439779,732.2252801975652,114.2600924561001,740.7988826680411,112.37467653787701,3529032832.1708183,3,4,0.9978084217501005,logQ,"{""B"": 1.1931367681794556, ""L"": -0.5810232995515382, ""Q"": 1.5230053629648058e-08, ""u1"": 2.242894732950985}",-291.6486546331929,-287.4845424735853,-662.0114443330109,-657.8473321734033
primary,primary,NGC2403,73,k2,logsvt,2,1390.0652959591475,19.578384450128837,1394.236724530576,776.271536789111,1398.6462148414444,770.2220087112803,9.342676397526924,2,2,0.8014948809255337,,"{""B"": 0.25893673599175165, ""u2"": 44.30145959128328}",370.362789699818,370.362789699818,0.0,0.0
primary,primary,NGC2403,73,k2_Q,logsvt,3,1390.0653201695982,19.85807600242283,1396.4131462565547,778.4479585150896,1402.9366984930434,774.5124923628794,524636242.69298136,2,3,0.9993505419352319,logQ,"{""B"": 0.2589367318268856, ""Q"": 1.5229979744715928e-08, ""u2"": 44.30146553090296}",372.53921142579657,374.65327335141706,2.176421725978571,4.290483651599061
primary,primary,NGC2403,73,k2_L,logsvt,3,957.8577575042935,13.683682250061336,964.20558359125,346.24039584978493,970.7291358277387,342.3049296975746,16.265095018737576,3,3,0.9620476356246563,,"{""B"": 0.18500149439416128, ""L"": 0.4952263056737643, ""u2"": 79.03403111980265}",-59.66835123950807,-57.55428931388769,-430.03114093932606,-427.9170790137057
primary,primary,NGC2403,73,k2_L_Q,logsvt,4,894.0115358533707,12.95668892541117,902.5997711474884,284.63458340602324,911.1733736179642,282.74916748780015,54.016302810775855,4,4,0.9813345135954272,,"{""B"": 0.12851616113803366, ""L"": 1.3350095917358238, ""Q"": 0.7778749053228451, ""u2"": 95.1166353382622}",-121.27416368326976,-117.11005152366215,-491.63695338308776,-487.47284122348015
primary,primary,NGC2403,73,k12,logsvt,3,647.411553622001,9.2487364803143,653.7593797089575,35.79419196749234,660.2829319454461,31.858725815282014,23.83802023462925,3,3,0.9643071855511034,,"{""B"": 0.31549295377245035, ""u1"": 5.4685044149626805, ""u2"": 25.21548768182203}",-370.11455512180066,-368.0004931961803,-740.4773448216187,-738.3632828959983
primary,primary,NGC2403,73,k12_Q,logsvt,4,647.4115553641973,9.38277616469851,655.999790658315,38.03460291684985,664.5733931287908,36.14918699862676,1201876093.767079,3,4,0.9998552617863184,logQ,"{""B"": 0.31549295614349204, ""Q"": 1.522997974474531e-08, ""u1"": 5.4685046361010246, ""u2"": 25.21548748866979}",-367.87414417244315,-363.71003201283554,-738.2369338722611,-734.0728217126535
primary,primary,NGC2403,73,k12_L,logsvt,4,647.2620424792403,9.380609311293338,655.850277773358,37.8850900318929,664.4238802438339,35.99967411366981,93.14042676359973,4,4,0.9897852178499255,,"{""B"": 0.30954465668204967, ""L"": 0.021468515631563694, ""u1"": 5.48301170046986, ""u2"": 26.25303352224349}",-368.0236570574001,-363.8595448977925,-738.3864467572181,-734.2223345976105
primary,primary,NGC2403,73,k12_L_Q,logsvt,5,647.2620439139926,9.51855946932342,658.1575663020523,40.192378560587144,668.7143411197345,40.29013498957045,2125764651.1739326,4,5,0.9985115726225336,logQ,"{""B"": 0.3095444749232073, ""L"": 0.021469121626317204, ""Q"": 1.5230568315855787e-08, ""u1"": 5.483011493836454, ""u2"": 26.253068614226976}",-365.71636852870586,-359.56908402189185,-736.0791582285239,-729.9318737217098
primary,primary,NGC2403,73,C,logsvt,1,24817.505990580456,344.68758320250635,24819.562328608623,24201.597140867158,24821.796450021604,24193.37224389144,1.0,1,1,0.0,,"{""C"": 0.7732241736909146}",23795.688393777866,23793.513024879976,23425.325604078047,23423.15023518016
primary,primary,NGC2403,73,C_Q,logsvt,2,24817.506252496147,349.5423415844528,24821.677681067576,24203.71249332611,24826.087171378444,24197.66296524828,325750893.24411637,1,2,0.9999999999999999,logQ,"{""C"": 0.7732241752072374, ""Q"": 1.5229979777662522e-08}",23797.80374623682,23797.803746236816,23427.440956537,23427.440956537
primary,primary,NGC2403,73,C_L,logsvt,2,5149.363629388094,72.52624830124076,5153.535057959522,4535.569870218057,5157.94454827039,4529.520342140227,4.010513335697272,2,2,0.86302582420135,,"{""C"": 0.250542190618908, ""L"": 1.4499413355492554}",4129.661123128764,4129.661123128764,3759.2983334289465,3759.298333428946
primary,primary,NGC2403,73,C_L_Q,logsvt,3,1247.0322600914185,17.81474657273455,1253.380086178375,635.4148984369099,1259.9036384148637,631.4794322846997,23.7357011765455,3,3,0.9411366962568899,,"{""C"": 0.05967472031174063, ""L"": 3.0629858490739057, ""Q"": 2.352546946226948}",229.50615134761688,231.62021327323737,-140.85663835220112,-138.74257642658063
primary,primary,NGC2403,73,C_k1,logsvt,3,792.8940355937445,11.327057651339208,799.241861680701,181.27667393923593,805.7654139171897,177.3412077870256,174332568.85778797,2,3,0.9999259881233958,logC,"{""B"": 0.7590253290988236, ""C"": 1.5229979744712735e-08, ""u1"": 3.5014465259954823}",-224.63207315005707,-222.5180112244367,-594.9948628498751,-592.8808009242547
primary,primary,NGC2403,73,C_k1_Q,logsvt,4,744.4651525425986,10.789350036849255,753.0533878367163,135.08820009525118,761.6269903071922,133.2027841770281,200668816.41256723,3,4,0.9977657775948441,logC,"{""B"": 0.892739016023829, ""C"": 1.5229979744736164e-08, ""Q"": 0.24114266277190494, ""u1"": 2.737990987703212}",-270.8205469940418,-266.6564348344342,-641.1833366938598,-637.0192245342522
primary,primary,NGC2403,73,C_k1_L,logsvt,4,723.6370631658381,10.487493669070117,732.2252984599558,114.26011071849064,740.7989009304316,112.37469480026755,253225381.00012675,3,4,0.9996848594237231,logC,"{""B"": 1.1931370869045013, ""C"": 1.522997974472756e-08, ""L"": -0.5810236442262552, ""u1"": 2.242894059487974}",-291.64863637080236,-287.48452421119475,-662.0114260706204,-657.8473139110127
primary,primary,NGC2403,73,C_k1_L_Q,logsvt,5,723.637064237584,10.641721532905647,734.5325866256437,116.5673988841786,745.089361443326,116.6651553131619,3420113345.309338,3,5,0.9997001077068065,logC;logQ,"{""B"": 1.19313725056049, ""C"": 1.522998031659944e-08, ""L"": -0.5810238580576158, ""Q"": 1.522998219026518e-08, ""u1"": 2.242893823552082}",-289.3413482051144,-283.1940636983004,-659.7041379049324,-653.5568533981184
primary,primary,NGC2403,73,C_k2,logsvt,3,678.486179817474,9.6926597116782,684.8340059044305,66.86881816296534,691.3575581409191,62.933352010755016,16.468537658275004,3,3,0.5406779570569674,,"{""B"": 0.24510597643198473, ""C"": 0.10631152161609075, ""u2"": 27.90736876641974}",-339.03992892632766,-336.9258670007073,-709.4027186261457,-707.2886567005253
primary,primary,NGC2403,73,C_k2_Q,logsvt,4,678.4861899796047,9.833133188110212,687.0744252737223,69.10923753225723,695.6480277441982,67.22382161403414,665791345.2002783,3,4,0.9619590065929905,logQ,"{""B"": 0.2451059775104844, ""C"": 0.10631152367779692, ""Q"": 1.5229979744712682e-08, ""u2"": 27.90736835396165}",-336.7995095570358,-332.63539739742816,-707.1622992568538,-702.9981870972462
primary,primary,NGC2403,73,C_k2_L,logsvt,4,611.2623683655705,8.858874903848848,619.8506036596882,1.8854159182230887,628.4242061301641,0.0,29.59285880166833,4,4,0.9621302270953696,,"{""B"": 0.20389283582753712, ""C"": 0.08830926611581402, ""L"": 0.2662529467506773, ""u2"": 38.231205137278316}",-404.0233311710699,-399.8592190114623,-774.3861208708879,-770.2220087112803
primary,primary,NGC2403,73,C_k2_L_Q,logsvt,5,611.2623696139025,8.989152494322095,622.1578920019622,4.192704260497067,632.7146668196444,4.290460689480369,2194343485.3110347,4,5,0.962130216922224,logQ,"{""B"": 0.20389282063984565, ""C"": 0.08830926061819273, ""L"": 0.26625305020346146, ""Q"": 1.5229979744714684e-08, ""u2"": 38.231210742756176}",-401.71604282879593,-395.56875832198193,-772.0788325286139,-765.9315480217999
primary,primary,NGC2403,73,C_k12,logsvt,4,619.4463566165035,8.977483429224689,628.0345919106212,10.069404169156087,636.6081943810971,8.183988250932998,81.28016889157291,4,4,0.9072466300554877,,"{""B"": 0.28565930587012234, ""C"": 0.04808752151861588, ""u1"": 3.197038998691642, ""u2"": 26.04165526372068}",-395.8393429201369,-391.6752307605293,-766.2021326199549,-762.0380204603473
primary,primary,NGC2403,73,C_k12_Q,logsvt,5,619.4463606209748,9.10950530324963,630.3418830090345,12.376695267569403,640.8986578267168,12.474451696552705,1198094859.8397524,4,5,0.964381038048092,logQ,"{""B"": 0.2856593208092951, ""C"": 0.048087503173072255, ""Q"": 1.523001901883913e-08, ""u1"": 3.197040059649133, ""u2"": 26.041654208692577}",-393.5320518217236,-387.3847673149096,-763.8948415215416,-757.7475570147276
primary,primary,NGC2403,73,C_k12_L,logsvt,5,607.0696653534054,8.927495078726551,617.9651877414651,0.0,628.5219625591474,0.09775642898330261,199.62261096883037,5,5,0.9663123218932372,,"{""B"": 0.22929365913754185, ""C"": 0.06873207274977841, ""L"": 0.1943150084823701, ""u1"": 1.5645109891135187, ""u2"": 34.85267199671422}",-405.908747089293,-399.761462582479,-776.271536789111,-770.124252282297
primary,primary,NGC2403,73,C_k12_L_Q,logsvt,6,607.0696668508417,9.06074129628122,620.342394123569,2.37720638210385,632.8124234977321,4.388217367568018,2675096258.2718205,5,6,0.9952960374596466,logQ,"{""B"": 0.2292932447097157, ""C"": 0.06873234330847336, ""L"": 0.194316223603885, ""Q"": 1.522998136333161e-08, ""u1"": 1.5644893761910124, ""u2"": 34.852736150992065}",-403.53154070718915,-395.4710016438943,-773.8943304070071,-765.8337913437123
primary,primary,NGC2403,73,cored_log,cored_log,2,1390.0652959591475,19.578384450128837,1394.236724530576,776.271536789111,1398.6462148414444,770.2220087112803,4.9828980958361155,2,2,0.8014948964855046,,"{""H"": 1.0357469441556393, ""Rc"": 0.15024187082499993}",370.362789699818,370.362789699818,0.0,0.0
primary,primary,NGC2403,73,pISO,piso,2,1019.7025062593295,14.362007130413092,1023.8739348307581,405.908747089293,1028.2834251416264,399.8592190114623,6.394532758567404,2,2,0.8879367184989163,,"{""H"": 1.217182854685351, ""Rc"": 0.07594391376787905}",0.0,0.0,-370.362789699818,-370.362789699818
primary,primary,NGC2403,73,NFW,nfw,2,710.8908681816104,10.012547439177611,715.0622967530389,97.09710901157382,719.4717870639072,91.04758093374312,9.476528122799804,2,2,0.9687665512545693,,"{""V200"": 0.8383254539565577, ""c"": 11.842225678328052}",-308.8116380777192,-308.8116380777192,-679.1744277775372,-679.1744277775372
primary,primary,NGC2841,50,baryons,logsvt,0,37314.68849884974,746.2937699769948,37314.68849884974,37241.18429458797,37314.68849884974,37235.96996470212,,0,0,,,{},37233.78696276638,37230.21823590446,37238.955614148406,37235.38688728649
primary,primary,NGC2841,50,Q,logsvt,1,37314.68957835533,761.5242771092924,37316.77291168866,37243.26870742689,37318.60160136075,37239.88306721313,1.0,1,1,0.0,logQ,"{""Q"": 1.5229979744712682e-08}",37235.871375605304,37234.13133841547,37241.04002698733,37239.2999897975
primary,primary,NGC2841,50,L,logsvt,1,3313.3723605930345,67.6198440937354,3315.455693926368,3241.9514896645956,3317.2843835984627,3238.5658494508407,1.0,1,1,0.0,,"{""L"": 1.1235314013448396}",3234.5541578430084,3232.814120653183,3239.7228092250366,3237.982772035211
primary,primary,NGC2841,50,L_Q,logsvt,2,1326.701143427578,27.63960715474121,1330.9564625765142,1257.4522583147418,1334.5251894384344,1255.8066552908124,9.062100560136301,2,2,0.9716732562033564,,"{""L"": 2.5277656691627324, ""Q"": 2.0190207807982397}",1250.0549264931549,1250.0549264931549,1255.2235778751829,1255.2235778751829
primary,primary,NGC2841,50,k1,logsvt,2,79.32104526746085,1.6525217764054343,83.57636441639701,10.072160154624584,87.14509127831714,8.426557130695059,17.9383369035196,2,2,0.7696546229643727,,"{""B"": 0.3685725273040038, ""u1"": 34.153669868745986}",2.674828333037553,2.674828333037553,7.843479715065513,7.843479715065513
primary,primary,NGC2841,50,k1_Q,logsvt,3,79.32104735084016,1.687681858528514,85.84278648127494,12.338582219502513,91.05711636712459,12.338582219502513,265941740.49349144,2,3,0.9999440140905557,logQ,"{""B"": 0.36857253008749946, ""Q"": 1.522997974474228e-08, ""u1"": 34.153670051815226}",4.941250397915482,6.5868534218450066,10.109901779943442,11.755504803872967
primary,primary,NGC2841,50,k1_L,logsvt,3,78.97575336788235,1.68033517804005,85.49749249831713,11.9932882365447,90.71182238416678,11.9932882365447,44.88693468169154,3,3,0.9694046684867762,,"{""B"": 0.35989517595971376, ""L"": 0.02127799233816881, ""u1"": 37.75012957196992}",4.595956414957669,6.241559438887194,9.76460779698563,11.410210820915154
primary,primary,NGC2841,50,k1_L_Q,logsvt,4,78.97575480048015,1.7168642347930467,87.86464368936903,14.360439427596603,94.62384682219273,15.905312674570652,1168842661.730351,3,4,0.9976939604270739,logQ,"{""B"": 0.35989516514971315, ""L"": 0.021278026220517613, ""Q"": 1.522997974472161e-08, ""u1"": 37.750136128543225}",6.963107606009572,10.153583876913146,12.131758988037532,15.322235258941106
primary,primary,NGC2841,50,k2,logsvt,2,71.47756555239513,1.489115949008232,75.7328847013313,2.2286804395588717,79.30161156325143,0.5830774156293472,17.667932071442053,2,2,0.40673782772719563,,"{""B"": 0.17637818176444478, ""u2"": 446.91413101508664}",-5.168651382028159,-5.168651382028159,-1.9895196601282805e-13,-1.9895196601282805e-13
primary,primary,NGC2841,50,k2_Q,logsvt,3,71.47756985695322,1.5207993586585793,77.999308987388,4.495104725615576,83.21363887323766,4.495104725615576,217044972.33066866,2,3,0.9999394290812059,logQ,"{""B"": 0.17637818343276823, ""Q"": 1.5229979750569683e-08, ""u2"": 446.9141073361334}",-2.9022270959714547,-1.2566240720419302,2.2664242860565054,3.91202730998603
primary,primary,NGC2841,50,k2_L,logsvt,3,66.98246513133765,1.425158832581652,73.50420426177243,0.0,78.71853414762208,0.0,35.18255721301888,3,3,0.9550145914748602,,"{""B"": 0.16729127098513868, ""L"": 0.0575673572307008, ""u2"": 562.6813868361062}",-7.397331821587031,-5.751728797657506,-2.2286804395590707,-0.5830774156295462
primary,primary,NGC2841,50,k2_L_Q,logsvt,4,66.98246664374591,1.4561405792118676,75.8713555326348,2.367151270862365,82.6305586654585,3.9120245178364144,990788652.1395625,3,4,0.9944017088637792,logQ,"{""B"": 0.16729126927268814, ""L"": 0.057567378867716464, ""Q"": 1.5229979745816535e-08, ""u2"": 562.6814046837003}",-5.0301805507246655,-1.8397042798210919,0.13847083130329452,3.328947102206868
primary,primary,NGC2841,50,k12,logsvt,3,71.47756555303211,1.5207992670857895,77.99930468346689,4.49510042169446,83.21363456931654,4.49510042169446,2325232534.6844177,2,3,0.9999983482836553,logu1,"{""B"": 0.1763781817951133, ""u1"": 1.5229979744998046e-08, ""u2"": 446.91412845384457}",-2.902231399892571,-1.2566283759630466,2.266419982135389,3.9120230060649135
primary,primary,NGC2841,50,k12_Q,logsvt,4,71.47756985759011,1.5538602142954372,80.366458746479,6.862254484706568,87.1256618793027,8.407127731680617,7432204290.726999,2,4,0.9999964090678949,logu1;logQ,"{""B"": 0.17637818343288747, ""Q"": 1.5229979744713063e-08, ""u1"": 1.5229979745134184e-08, ""u2"": 446.91410748938614}",-0.5350773368804624,2.6553989340231112,4.633574045147498,7.824050316051071
primary,primary,NGC2841,50,k12_L,logsvt,4,66.98246521206497,1.456140548088369,75.87135410095385,2.3671498391814225,82.63055723377755,3.9120230861554717,1329375924.9567478,3,4,0.9550145926272857,,"{""B"": 0.16729127115733627, ""L"": 0.05756735686940947, ""u1"": 2.0361829570464044e-07, ""u2"": 562.6813809957873}",-5.030181982405608,-1.8397057115020345,0.13846939962235183,3.3289456705259255
primary,primary,NGC2841,50,k12_L_Q,logsvt,5,66.98246664978403,1.4884992588840895,78.34610301342039,4.84189875164796,86.54258167692475,7.824047529302675,5948733100.4835005,3,5,0.9999804775176638,logu1;logQ,"{""B"": 0.16729127000138586, ""L"": 0.0575673740913055, ""Q"": 1.522998006363869e-08, ""u1"": 1.5230096152509432e-08, ""u2"": 562.6813932688259}",-2.5554330699390704,2.0723187316451686,2.6132183120888897,7.240970113673129
primary,primary,NGC2841,50,C,logsvt,1,184.56652469665153,3.7666637693194187,186.64985802998487,113.14565376821244,188.47854770207968,109.7600135544576,1.0,1,1,0.0,,"{""C"": 0.6824209824046088}",105.74832194662541,104.0082847568001,110.91697332865337,109.17693613882805
primary,primary,NGC2841,50,C_Q,logsvt,2,184.5665380467328,3.8451362093069332,188.82185719566897,115.31765293389654,192.39058405758908,113.672049909967,175818056.4015646,1,2,1.0,logQ,"{""C"": 0.6824209876466931, ""Q"": 1.5229979744724858e-08}",107.92032111230951,107.9203211123095,113.08897249433747,113.08897249433745
primary,primary,NGC2841,50,C_L,logsvt,2,109.35390551357,2.2782063648660418,113.60922466250616,40.105020400733736,117.17795152442629,38.45941737680421,4.556870920945319,2,2,0.9081096018470576,,"{""C"": 0.5908369281431709, ""L"": 0.168165967642043}",32.707688579146705,32.707688579146705,37.876339961174665,37.876339961174665
primary,primary,NGC2841,50,C_L_Q,logsvt,3,108.87805755365618,2.316554416035238,115.39979668409096,41.89559242231853,120.61412656994061,41.89559242231853,245.51421153681886,3,3,0.9682277250598984,,"{""C"": 0.5812475367896507, ""L"": 0.21999843696601037, ""Q"": 0.05215667181474029}",34.4982606007315,36.14386362466102,39.66691198275946,41.31251500668898
primary,primary,NGC2841,50,C_k1,logsvt,3,79.32104539047506,1.6876818168186183,85.84278452090985,12.338580259137416,91.0571144067595,12.338580259137416,1141206676.613822,2,3,0.9991352363473124,logC,"{""B"": 0.3685725182936366, ""C"": 1.522997974472107e-08, ""u1"": 34.15367092873973}",4.941248437550385,6.58685146147991,10.109899819578345,11.75550284350787
primary,primary,NGC2841,50,C_k1_Q,logsvt,4,79.32104747385445,1.7243705972577055,88.20993636274333,14.705732100970906,94.96913949556703,16.250605347944955,1182402679.4020422,2,4,0.999943015710693,logC;logQ,"{""B"": 0.3685725234734035, ""C"": 1.5229979749233006e-08, ""Q"": 1.522997974515707e-08, ""u1"": 34.15366808194819}",7.308400279383875,10.498876550287449,12.477051661411835,15.667527932315409
primary,primary,NGC2841,50,C_k1_L,logsvt,4,78.97575348944441,1.7168642062922699,87.8646423783333,14.360438116560871,94.623845511157,15.90531136353492,1421683898.3482244,3,4,0.9989518408278283,logC,"{""B"": 0.35989516102862823, ""C"": 1.5229979744712682e-08, ""L"": 0.02127800777507413, ""u1"": 37.750133542735135}",6.963106294973841,10.153582565877414,12.1317576770018,15.322233947905374
primary,primary,NGC2841,50,C_k1_L_Q,logsvt,5,78.97575492204243,1.7550167760453872,90.33939128567879,16.835187023906357,98.53586994918315,19.81733580156107,1631457023.434797,3,5,0.9987407545997606,logC;logQ,"{""B"": 0.3598951562148771, ""C"": 1.5229979774200437e-08, ""L"": 0.02127803026117496, ""Q"": 1.5229979747416395e-08, ""u1"": 37.75013544493984}",9.437855202319327,14.065607003903565,14.606506584347287,19.234258385931525
primary,primary,NGC2841,50,C_k2,logsvt,3,71.47756560610732,1.5207992682150493,77.9993047365421,4.4951004747696715,83.21363462239175,4.4951004747696715,964258255.6088622,2,3,0.9990590113745492,logC,"{""B"": 0.17637817805289513, ""C"": 1.523002165394047e-08, ""u2"": 446.91410874807843}",-2.9022313468173593,-1.2566283228878348,2.2664200352106008,3.9120230591401253
primary,primary,NGC2841,50,C_k2_Q,logsvt,4,71.47756991671672,1.5538602155807981,80.3664588056056,6.862254543833174,87.1256619384293,8.407127790807223,1009065437.2513602,2,4,0.9999408529398697,logQ,"{""B"": 0.17637817941231232, ""C"": 1.5869724876754765e-08, ""Q"": 1.5243408126991782e-08, ""u2"": 446.9140964713355}",-0.5350772777538566,2.655398993149717,4.633574104274103,7.824050375177677
primary,primary,NGC2841,50,C_k2_L,logsvt,4,66.98246521661672,1.45614054818732,75.8713541055056,2.3671498437331735,82.6305572383293,3.9120230907072227,1316859207.251956,3,4,0.9975886504405104,logC,"{""B"": 0.16729126638964026, ""C"": 1.522998226067848e-08, ""L"": 0.05756736208883708, ""u2"": 562.6813869141595}",-5.030181977853857,-1.8397057069502836,0.1384694041741028,3.3289456750776765
primary,primary,NGC2841,50,C_k2_L_Q,logsvt,5,66.98246672902503,1.4884992606450007,78.3461030926614,4.841898830888965,86.54258175616576,7.82404760854368,1687030382.497472,3,5,0.9973996040751187,logC;logQ,"{""B"": 0.16729126577382616, ""C"": 1.5229989988680925e-08, ""L"": 0.057567376572133844, ""Q"": 1.5229980169272886e-08, ""u2"": 562.6813869555691}",-2.5554329906980655,2.0723188108861734,2.6132183913298945,7.2409701929141335
primary,primary,NGC2841,50,C_k12,logsvt,4,71.47756560678245,1.553860121886575,80.36645449567133,6.862250233898905,87.12565762849503,8.407123480872954,1731428260.9050252,2,4,0.9993254463007417,logC;logu1,"{""B"": 0.17637817801923197, ""C"": 1.524040166232734e-08, ""u1"": 1.526859857681597e-08, ""u2"": 446.91411328866343}",-0.5350815876881256,2.655394683215448,4.633569794339834,7.824046065243408
primary,primary,NGC2841,50,C_k12_Q,logsvt,5,71.47756997344689,1.5883904438543754,82.84120633708325,9.33700207531082,91.03768500058762,12.319150852965535,1181323595.3498974,2,5,0.9999943680443699,,"{""B"": 0.17637817779333223, ""C"": 2.3754828750181713e-08, ""Q"": 1.5284298962994582e-08, ""u1"": 4.153481473591933e-07, ""u2"": 446.9140802842087}",1.93967025372379,6.567422055308029,7.10832163575175,11.736073437335989
primary,primary,NGC2841,50,C_k12_L,logsvt,5,66.98246522265545,1.4884992271701212,78.34610158629181,4.84189732451938,86.54258024979617,7.824046102174094,3820784020.19125,3,5,0.9970908378397064,logC;logu1,"{""B"": 0.16729126744104095, ""C"": 1.523011316833836e-08, ""L"": 0.05756735577061081, ""u1"": 1.5229980301073598e-08, ""u2"": 562.6813638016599}",-2.555434497067651,2.072317304516588,2.613216884960309,7.240968686544548
primary,primary,NGC2841,50,C_k12_L_Q,logsvt,6,66.98246686821878,1.5223287924595177,80.9359552403118,7.43175097853937,90.45460490078766,11.736070753165578,1982379373.1010435,3,6,0.9990448227416621,,"{""B"": 0.16729126333259167, ""C"": 2.377999315311671e-08, ""L"": 0.057567378864551114, ""Q"": 1.5729340740795164e-08, ""u1"": 1.0525630530107666e-07, ""u2"": 562.6813883668231}",0.03441915695233888,5.9843419555080715,5.203070538980299,11.152993337536032
primary,primary,NGC2841,50,cored_log,cored_log,2,71.47756555239533,1.4891159490082362,75.7328847013315,2.2286804395590707,79.30161156325163,0.5830774156295462,8.851079267058392,2,2,0.4067378224442281,,"{""H"": 0.7055127271310322, ""Rc"": 0.04730292098962242}",-5.16865138202796,-5.16865138202796,0.0,0.0
primary,primary,NGC2841,50,pISO,piso,2,76.6462169344233,1.5967961861338187,80.90153608335946,7.397331821587031,84.47026294527959,5.751728797657506,14.806763820330245,2,2,0.6984663376679012,,"{""H"": 0.7327382146233098, ""Rc"": 0.01578017344546228}",0.0,0.0,5.16865138202796,5.16865138202796
primary,primary,NGC2841,50,NFW,nfw,2,160.33037749443852,3.3402161978008027,164.5856966433747,91.08149238160226,168.1544235052948,89.43588935767272,8.485540282626978,2,2,0.8790270599255248,,"{""V200"": 0.5885090837107475, ""c"": 21.155664877377852}",83.68416056001523,83.68416056001521,88.85281194204319,88.85281194204318
primary,primary,NGC2903,34,baryons,logsvt,0,25037.446570100597,736.3954873559,25037.446570100597,24748.229540778255,25037.446570100597,24744.450459204407,,0,0,,,{},24667.51800464275,24664.85238036771,24711.17846605178,24708.51284177674
primary,primary,NGC2903,34,Q,logsvt,1,25037.44706667841,758.7105171720731,25039.57206667841,24750.35503735607,25040.973427203025,24747.977316306835,1.0,1,1,0.0,logQ,"{""Q"": 1.522997975551189e-08}",24669.643501220562,24668.379237470137,24713.303962629594,24712.03969887917
primary,primary,NGC2903,34,L,logsvt,1,1331.102536935429,40.336440513194816,1333.227536935429,1044.0105076130867,1334.6288974600452,1041.6327865638543,1.0,1,1,0.0,,"{""L"": 1.127928623341407}",963.2989714775804,962.0347077271579,1006.9594328866106,1005.695169136188
primary,primary,NGC2903,34,L_Q,logsvt,2,386.1113401733411,12.065979380416909,390.4984369475346,101.28140762519229,393.1640612225734,100.1679503263826,5.644057781258799,2,2,0.9348942810388919,,"{""L"": 1.8157933582479997, ""Q"": 1.2110924910521745}",20.569871489686022,20.569871489686022,64.2303328987162,64.2303328987162
primary,primary,NGC2903,34,k1,logsvt,2,483.70433149306217,15.115760359158193,488.0914282672557,198.87439894491337,490.7570525422945,197.76094164610367,13.444750521571986,2,2,0.9826765893281675,,"{""B"": 0.5466282871791442, ""u1"": 2.248338279451249}",118.1628628094071,118.1628628094071,161.82332421843728,161.82332421843728
primary,primary,NGC2903,34,k1_Q,logsvt,3,386.1113410453814,12.455204549851013,392.9113410453814,103.69431172303905,396.6904226192299,103.69431172303905,377228034.5363914,2,3,0.9999999334425703,,"{""B"": 6208.609301386965, ""Q"": 1.2108270101302887, ""u1"": 0.00014623189197028962}",22.982775587532785,24.096232886342477,66.64323699656296,67.75669429537265
primary,primary,NGC2903,34,k1_L,logsvt,3,386.4445850230471,12.465954355582165,393.24458502304714,104.0275557007048,397.0236665968956,104.0275557007048,25762565.3747083,3,3,0.9999995825489932,L,"{""B"": 4217.529406078344, ""L"": -99.99999999999997, ""u1"": 0.01207111186714149}",23.31601956519853,24.429476864008222,66.9764809742287,68.0899382730384
primary,primary,NGC2903,34,k1_L_Q,logsvt,4,386.1113406549675,12.870378021832249,395.49065099979504,106.2736216774527,400.21678275343214,107.22067185724131,378821229.9130847,2,4,0.9999965374787801,,"{""B"": 0.02849139259677481, ""L"": 1.8153809631091775, ""Q"": 1.2110895311450278, ""u1"": 0.007237290240773376}",25.56208554194643,27.62259302054474,69.22254695097661,71.28305442957492
primary,primary,NGC2903,34,k2,logsvt,2,321.8810072746224,10.05878147733195,326.2681040488159,37.05107472647359,328.9337283238547,35.937617427663895,8.983856555543715,2,2,0.9044695134880848,,"{""B"": 0.18758726585648544, ""u2"": 15.50003738697571}",-43.66046140903268,-43.66046140903268,-2.5011104298755527e-12,-2.5011104298755527e-12
primary,primary,NGC2903,34,k2_Q,logsvt,3,295.1690461291964,9.521582133199884,301.9690461291964,12.752016806854044,305.7481277030449,12.752016806854044,40.864452378234574,3,3,0.9753478466656453,,"{""B"": 0.23844263179673014, ""Q"": 0.2526159087764213, ""u2"": 9.939019179261766}",-67.95951932865222,-66.84606202984253,-24.299057919622044,-23.18560062081235
primary,primary,NGC2903,34,k2_L,logsvt,3,282.41702932234233,9.110226752333624,289.21702932234234,0.0,292.9961108961908,0.0,30.585722913646194,3,3,0.9846346653399192,,"{""B"": 0.3058328616049413, ""L"": -0.5008456151748042, ""u2"": 9.881393097593799}",-80.71153613550626,-79.59807883669657,-37.05107472647609,-35.937617427666396
primary,primary,NGC2903,34,k2_L_Q,logsvt,4,282.4170299095153,9.413900996983843,291.79634025434285,2.57931093200051,296.52247200797996,3.5263611117891287,1323357549.051064,3,4,0.9996301240365191,logQ,"{""B"": 0.30583286102112955, ""L"": -0.5008455970412203, ""Q"": 1.5229979744713278e-08, ""u2"": 9.881392975322603}",-78.13222520350575,-76.07171772490744,-34.47176379447558,-32.41125631587727
primary,primary,NGC2903,34,k12,logsvt,3,321.88100764537927,10.383258311141267,328.6810076453793,39.46397832303694,332.46008921922777,39.46397832303694,1379716830.8160393,2,3,0.9994365686191281,logu1,"{""B"": 0.1875872696596007, ""u1"": 1.5229979874613506e-08, ""u2"": 15.500036137539643}",-41.247557812469324,-40.13410051365963,2.4129035965608523,3.5263608953705443
primary,primary,NGC2903,34,k12_Q,logsvt,4,295.169046403677,9.8389682134559,304.54835674850455,15.331327426162204,309.27448850214165,16.278377605950823,686464768.6547711,3,4,0.9961564224022015,logu1,"{""B"": 0.23844264545467897, ""Q"": 0.25261595897991557, ""u1"": 1.5229979864689278e-08, ""u2"": 9.93901806687597}",-65.38020870934406,-63.31970123074575,-21.719747300313884,-19.659239821715573
primary,primary,NGC2903,34,k12_L,logsvt,4,282.41702950939305,9.413900983646435,291.7963398542206,2.5793105318782636,296.5224716078577,3.5263607116668823,1344415839.8306792,3,4,0.9950058444104607,logu1,"{""B"": 0.3058328712238218, ""L"": -0.5008456513013998, ""u1"": 1.5229979776026736e-08, ""u2"": 9.881392820559011}",-78.132225603628,-76.07171812502969,-34.471764194597824,-32.411256715999514
primary,primary,NGC2903,34,k12_L_Q,logsvt,5,282.417030096566,9.738518279191931,294.5598872394232,5.342857917080835,300.04883271964684,7.052721823456011,2161334483.9385815,3,5,0.999796806477966,logu1;logQ,"{""B"": 0.3058328674676365, ""L"": -0.5008456193600279, ""Q"": 1.5229979744738384e-08, ""u1"": 1.5229979744767385e-08, ""u2"": 9.881392760527948}",-75.36867821842543,-72.54535701324056,-31.708216809395253,-28.884895604210385
primary,primary,NGC2903,34,C,logsvt,1,1840.9909779555285,55.78760539259177,1843.1159779555285,1553.8989486331861,1844.5173384801446,1551.5212275839538,1.0,1,1,0.0,,"{""C"": 0.5130070877748247}",1473.1874124976798,1471.9231487472573,1516.84787390671,1515.5836101562875
primary,primary,NGC2903,34,C_Q,logsvt,2,1840.991014243734,57.53096919511669,1845.3781110179277,1556.1610816955854,1848.0437352929664,1555.0476243967755,153754602.45587423,1,2,1.0,logQ,"{""C"": 0.5130070914717579, ""Q"": 1.5229979744712682e-08}",1475.449545560079,1475.449545560079,1519.1100069691092,1519.1100069691092
primary,primary,NGC2903,34,C_L,logsvt,2,923.3404031981319,28.85438759994162,927.7274999723254,638.5104706499831,930.3931242473642,637.3970133511734,6.551065242249113,2,2,0.9215264269447039,,"{""C"": 0.21471777985320561, ""L"": 0.6811482552349136}",557.7989345144767,557.7989345144767,601.4593959235069,601.4593959235069
primary,primary,NGC2903,34,C_L_Q,logsvt,3,386.11135990958957,12.455205158373857,392.9113599095896,103.69433058724724,396.69044148343806,103.69433058724724,183291459.79011568,2,3,0.9856592950050245,logC,"{""C"": 1.5229979745265338e-08, ""L"": 1.815793297517642, ""Q"": 1.21109243980827}",22.982794451740972,24.096251750550664,66.64325586077115,67.75671315958084
primary,primary,NGC2903,34,C_k1,logsvt,3,483.7043488299022,15.603366091287167,490.5043488299022,201.28731950755986,494.2834304037507,201.28731950755986,307270105.4056033,2,3,0.9999989229755628,logC,"{""B"": 0.5466284103091569, ""C"": 1.5229979744753426e-08, ""u1"": 2.248337103344464}",120.57578337205359,121.68924067086328,164.23624478108377,165.34970207989346
primary,primary,NGC2903,34,C_k1_Q,logsvt,4,386.11136064900205,12.870378688300068,395.4906709938296,106.27364167148727,400.2168027474667,107.22069185127589,529464294.1148173,2,4,0.9999999435779326,logC,"{""B"": 6742.512168234434, ""C"": 1.5229979744712682e-08, ""Q"": 1.2108479764941429, ""u1"": 0.00013465257914251826}",25.562105535981004,27.622613014579315,69.22256694501118,71.28307442360949
primary,primary,NGC2903,34,C_k1_L,logsvt,4,386.4446047980329,12.881486826601098,395.82391514286047,106.60688582051813,400.5500468964976,107.55393600030675,11020888868.434513,3,4,1.0,logC;L,"{""B"": 4217.5295815535455, ""C"": 1.5229979744712682e-08, ""L"": -99.99999999997902, ""u1"": 0.012071111357702316}",25.895349685011865,27.955857163610176,69.55581109404204,71.61631857264035
primary,primary,NGC2903,34,C_k1_L_Q,logsvt,5,386.11136119832355,13.31418486890771,398.2542183411807,109.03718901883838,403.7431638214044,110.74705292521355,337844028.6970912,2,5,0.9999850915444748,,"{""B"": 0.0014918335558270599, ""C"": 1.60303332770567e-08, ""L"": 1.8157466740767452, ""Q"": 1.2110917118527684, ""u1"": 0.015624140959200882}",28.32565288333211,31.14897408851698,71.98611429236229,74.80943549754716
primary,primary,NGC2903,34,C_k2,logsvt,3,321.8810232124828,10.383258813305895,328.6810232124828,39.46399389014044,332.46010478633127,39.46399389014044,199050926.64439562,2,3,0.9991794309431326,logC,"{""B"": 0.18758726677098678, ""C"": 1.522997974485044e-08, ""u2"": 15.500035328257235}",-41.24754224536582,-40.13408494655613,2.4129191636643554,3.5263764624740475
primary,primary,NGC2903,34,C_k2_Q,logsvt,4,295.16906060659795,9.838968686886599,304.5483709514255,15.33134162908317,309.2745027050626,16.27839180887179,235485338.9604386,3,4,0.9898020905596592,logC,"{""B"": 0.23844264540308452, ""C"": 1.5229979744719663e-08, ""Q"": 0.2526159709234101, ""u2"": 9.939017455233772}",-65.3801945064231,-63.319687027824784,-21.71973309739292,-19.659225618794608
primary,primary,NGC2903,34,C_k2_L,logsvt,4,282.41704169327204,9.413901389775734,291.7963520380996,2.5793227157572574,296.5224837917367,3.526372895545876,385170144.1038498,3,4,0.9918644307556264,logC,"{""B"": 0.30583287602937814, ""C"": 1.5229979745232062e-08, ""L"": -0.5008456807091838, ""u2"": 9.88139227648133}",-78.13221341974901,-76.0717059411507,-34.47175201071883,-32.41124453212052
primary,primary,NGC2903,34,C_k2_L_Q,logsvt,5,282.41704228044506,9.738518699325692,294.5598994233022,5.342870100959885,300.0488449035259,7.0527340073350615,1405621785.7478666,3,5,0.9939982019840683,logC;logQ,"{""B"": 0.30583286932407966, ""C"": 1.522997974731218e-08, ""L"": -0.500845639594219, ""Q"": 1.5229979808361692e-08, ""u2"": 9.881392341216712}",-75.36866603454638,-72.54534482936151,-31.708204625516203,-28.884883420331334
primary,primary,NGC2903,34,C_k12,logsvt,4,321.8810235832414,10.729367452774714,331.260333928069,42.04330460572663,335.9864656817061,42.99035478551525,3205032262.2407517,2,4,0.9996883399651261,logC;logu1,"{""B"": 0.18758726626313635, ""C"": 1.522997980633379e-08, ""u1"": 1.522998036959204e-08, ""u2"": 15.500035503852951}",-38.66823152977963,-36.60772405118132,4.992229879250544,7.052737357848855
primary,primary,NGC2903,34,C_k12_Q,logsvt,5,295.16906088108016,10.178243478657937,307.3119180239373,18.094888701594982,312.800863504161,19.80475260797016,2706461363.148882,3,5,0.9987209280235747,logC;logu1,"{""B"": 0.2384426514894374, ""C"": 1.5229979744712682e-08, ""Q"": 0.25261599703954274, ""u1"": 1.5229979787448882e-08, ""u2"": 9.939017031893776}",-62.61664743391128,-59.793326228726414,-18.956186024881106,-16.132864819696238
primary,primary,NGC2903,34,C_k12_L,logsvt,5,282.41704188032287,9.738518685528375,294.55989902318004,5.342869700837696,300.0488445034037,7.052733607212872,1273004517.1876283,3,5,0.9979481141292806,logC;logu1,"{""B"": 0.30583287485744476, ""C"": 1.5229979789424626e-08, ""L"": -0.5008456725962266, ""u1"": 1.5229982550290792e-08, ""u2"": 9.881392255460367}",-75.36866643466857,-72.5453452294837,-31.708205025638392,-28.884883820453524
primary,primary,NGC2903,34,C_k12_L_Q,logsvt,6,282.41704246749595,10.086322945267712,297.52815357860703,8.31112425626469,303.5752056151929,10.579094719002057,1855141884.7626698,3,6,0.9988892776008272,logC;logu1;logQ,"{""B"": 0.3058328678181797, ""C"": 1.5229979751664285e-08, ""L"": -0.5008456329569859, ""Q"": 1.5229979817212588e-08, ""u1"": 1.5229979865708827e-08, ""u2"": 9.881392384160518}",-72.40041187924157,-69.01898411769452,-28.739950470211397,-25.35852270866434
primary,primary,NGC2903,34,cored_log,cored_log,2,321.8810072746249,10.058781477332028,326.26810404881843,37.05107472647609,328.9337283238572,35.937617427666396,5.3365659996876635,2,2,0.9044695105341772,,"{""H"": 0.750349055398742, ""Rc"": 0.2539999422768873}",-43.66046140903018,-43.66046140903018,0.0,0.0
primary,primary,NGC2903,34,pISO,piso,2,365.54146868365507,11.423170896364221,369.9285654578486,80.71153613550626,372.5941897328874,79.59807883669657,7.2778828084883465,2,2,0.9460456884369509,,"{""H"": 0.9179944988971837, ""Rc"": 0.1375767843935199}",0.0,0.0,43.66046140903018,43.66046140903018
primary,primary,NGC2903,34,NFW,nfw,2,456.39372114351175,14.262303785734742,460.7808179177053,171.56378859536295,463.4464421927441,170.45033129655326,10.125540500749622,2,2,0.9751362927681849,,"{""V200"": 0.7274926143433206, ""c"": 9.877314208185604}",90.85225245985669,90.85225245985669,134.51271386888686,134.51271386888686
primary,primary,NGC2976,27,baryons,logsvt,0,447.0896519431511,16.558875997894486,447.0896519431511,435.2468831898834,447.0896519431511,433.1552094578748,,0,0,,,{},435.2067154115464,433.11504167953774,435.2468831898834,433.1552094578748
primary,primary,NGC2976,27,Q,logsvt,1,447.0896590219388,17.195756116228416,449.24965902193884,437.40689026867113,450.38549588794314,436.4510534026668,1.0,1,1,0.0,logQ,"{""Q"": 1.522997975480892e-08}",437.3667224903341,436.41088562432975,437.40689026867113,436.4510534026668
primary,primary,NGC2976,27,L,logsvt,1,47.15542534127556,1.8136702054336753,49.31542534127556,37.47265658800788,50.45126220727989,36.51681972200355,1.0,1,1,0.0,,"{""L"": 1.0969624831564895}",37.432488809670815,36.47665194366649,37.47265658800788,36.51681972200355
primary,primary,NGC2976,27,L_Q,logsvt,2,47.15542597555127,1.8862170390220507,51.65542597555127,39.81265722228359,53.747099707559926,39.81265722228359,291728202.8453732,1,2,1.0,logQ,"{""L"": 1.0969624909810523, ""Q"": 1.5229979744728915e-08}",39.772489443946526,39.772489443946526,39.81265722228359,39.81265722228359
primary,primary,NGC2976,27,k1,logsvt,2,47.15656294137167,1.8862625176548666,51.65656294137167,39.813794188103984,53.748236673380326,39.813794188103984,364298.4314934467,2,2,0.9999999999849296,logB,"{""B"": 22026.465794806678, ""u1"": 2.4901235151575164e-05}",39.773626409766926,39.773626409766926,39.813794188103984,39.813794188103984
primary,primary,NGC2976,27,k1_Q,logsvt,3,47.15656357567374,1.9648568156530724,54.2000418365433,42.357273083275615,57.044074173686724,43.10963168841039,1443845971.8359187,2,3,1.0,logB;logQ,"{""B"": 22026.465794806678, ""Q"": 1.5229979744712682e-08, ""u1"": 2.490123532802415e-05}",42.31710530493856,43.069463910073324,42.357273083275615,43.10963168841039
primary,primary,NGC2976,27,k1_L,logsvt,3,47.15542534136974,1.9648093892237393,54.198903602239305,42.35613484897162,57.04293593938273,43.108493454106394,434965097.15869707,1,3,1.0,,"{""B"": 0.0013164278175153124, ""L"": 1.0969624071665292, ""u1"": 2.931108228077711e-05}",42.315967070634564,43.06832567576933,42.35613484897162,43.108493454106394
primary,primary,NGC2976,27,k1_L_Q,logsvt,4,47.15542597555129,2.050235911980491,56.97360779373311,45.13083904046543,60.338773439568605,46.40433095429226,,1,2,1.0,logQ,"{""B"": 1.418860127384857e-06, ""L"": 1.0969624940063625, ""Q"": 1.5229979745106208e-08, ""u1"": 4.168368757634994e-07}",45.09067126212837,46.364163175955206,45.13083904046543,46.40433095429226
primary,primary,NGC2976,27,k2,logsvt,2,7.3427687532676895,0.2937107501307076,11.84276875326769,8.881784197001252e-15,13.934442485276348,8.881784197001252e-15,15.53894473209152,2,2,0.991379331290603,,"{""B"": 1.0460734570116483, ""u2"": 0.6723558696516595}",-0.040167778337051985,-0.040167778337051985,8.881784197001252e-15,8.881784197001252e-15
primary,primary,NGC2976,27,k2_Q,logsvt,3,7.231790740083869,0.3013246141701612,14.275269000953434,2.432500247685754,17.119301338096857,3.1848588528205184,37860.08021830394,3,3,0.9999877595750271,,"{""B"": 184.86422529341195, ""Q"": 26.41219157250474, ""u2"": 0.03938050103897651}",2.392332469348693,3.1446910744834575,2.432500247685754,3.1848588528205184
primary,primary,NGC2976,27,k2_L,logsvt,3,6.560331078723766,0.2733471282801569,13.603809339593331,1.7610405863256506,16.447841676736754,2.5133991914604152,18.617082466017912,3,3,0.8472773221012118,,"{""B"": 0.9269733615775385, ""L"": -0.2553565078312082, ""u2"": 1.0112086346250422}",1.7208728079885898,2.4732314131233544,1.7610405863256506,2.5133991914604152
primary,primary,NGC2976,27,k2_L_Q,logsvt,4,6.56033108055948,0.28523178611128175,16.378512898741295,4.535744145473615,19.743678544576795,5.809236059300456,2099272621.5351174,3,4,0.9803326199307414,logQ,"{""B"": 0.9269733165718417, ""L"": -0.2553565420435961, ""Q"": 1.5230491947750944e-08, ""u2"": 1.0112087394451377}",4.495576367136554,5.7690682809633955,4.535744145473615,5.809236059300456
primary,primary,NGC2976,27,k12,logsvt,3,7.342768959357445,0.30594870663989354,14.386247220227009,2.5434784669593284,17.23027955737043,3.2958370720940913,186795534.71590245,2,3,0.9989896184367053,logu1,"{""B"": 1.0460735690236322, ""u1"": 1.5229979744712682e-08, ""u2"": 0.6723557672961761}",2.5033106886222676,3.2556692937570304,2.5434784669593284,3.2958370720940913
primary,primary,NGC2976,27,k12_Q,logsvt,4,7.231817478477577,0.31442684689032946,17.049999296659394,5.207230543391713,20.415164942494894,6.480722457218555,22656896.432741914,4,4,0.9999999965104114,logu1,"{""B"": 172.97734681200873, ""Q"": 25.479717569196207, ""u1"": 1.5229979744712682e-08, ""u2"": 0.04073941609033866}",5.167062765054652,6.440554678881494,5.207230543391713,6.480722457218555
primary,primary,NGC2976,27,k12_L,logsvt,4,6.40063232110604,0.27828836178721916,16.218814139287858,4.376045386020177,19.583979785123358,5.649537299847019,51813.05989496188,4,4,0.9999777429489096,,"{""B"": 9.00499478573975, ""L"": -7.666194644968242, ""u1"": 0.406775576034863, ""u2"": 0.214485870368497}",4.335877607683116,5.609369521509958,4.376045386020177,5.649537299847019
primary,primary,NGC2976,27,k12_L_Q,logsvt,5,6.400632322191798,0.2909378328268999,19.257775179334654,7.415006426066974,22.879816652213442,8.945374166937103,5770427677.178279,4,5,0.999999940901658,,"{""B"": 9.005110478279951, ""L"": -7.66628161553808, ""Q"": 2.448287592084051e-08, ""u1"": 0.40677517604899516, ""u2"": 0.2144840352137785}",7.374838647729913,8.905206388600043,7.415006426066974,8.945374166937103
primary,primary,NGC2976,27,C,logsvt,1,246.9156698919985,9.496756534307634,249.0756698919985,237.23290113873082,250.21150675800283,236.27706427272648,1.0,1,1,0.0,,"{""C"": 0.26997295281600997}",237.19273336039376,236.23689649438944,237.23290113873082,236.27706427272648
primary,primary,NGC2976,27,C_Q,logsvt,2,246.91567330572946,9.876626932229179,251.41567330572946,239.57290455246178,253.5073470377381,239.57290455246175,103035747.0837774,1,2,0.9999999999999998,logQ,"{""C"": 0.2699729382724719, ""Q"": 1.5229979744712682e-08}",239.53273677412471,239.53273677412471,239.57290455246178,239.57290455246175
primary,primary,NGC2976,27,C_L,logsvt,2,47.15543103486081,1.8862172413944325,51.65543103486081,39.812662281593134,53.74710476686947,39.812662281593134,32270045.833203502,2,2,1.0,logC,"{""C"": 1.522997974471279e-08, ""L"": 1.0969624476646103}",39.77249450325607,39.77249450325607,39.812662281593134,39.812662281593134
primary,primary,NGC2976,27,C_L_Q,logsvt,3,47.15543166913657,1.9648096528806904,54.19890993000613,42.35614117673845,57.042942267149556,43.10849978187322,347279890.9666265,2,3,1.0,logC;logQ,"{""C"": 1.5229979746494125e-08, ""L"": 1.0969624544170398, ""Q"": 1.5229979745260252e-08}",42.31597339840139,43.068332003536156,42.35614117673845,43.10849978187322
primary,primary,NGC2976,27,C_k1,logsvt,3,47.15656863493445,1.9648570264556022,54.200046895804014,42.35727814253633,57.04407923294744,43.109636747671104,68912852.94502375,3,3,1.0,logC;logB,"{""B"": 22026.46579480644, ""C"": 1.5229979744712682e-08, ""u1"": 2.4901234294282886e-05}",42.31711036419927,43.06946896933404,42.35727814253633,43.109636747671104
primary,primary,NGC2976,27,C_k1_Q,logsvt,4,47.15656926923656,2.05028562040159,56.97475108741838,45.131982334150706,60.33991673325388,46.40547424797754,844144011.417714,3,4,1.0,logC;logB;logQ,"{""B"": 22026.465794806678, ""C"": 1.5229979744712682e-08, ""Q"": 1.5229979744712682e-08, ""u1"": 2.490123447888662e-05}",45.09181455581364,46.36530646964048,45.131982334150706,46.40547424797754
primary,primary,NGC2976,27,C_k1_L,logsvt,4,47.155431034860804,2.0502361319504696,56.973612853042624,45.13084409977495,60.33877849887812,46.40433601360178,,2,2,1.0,logC,"{""B"": 1.074806906347574e-05, ""C"": 1.5229979744722585e-08, ""L"": 1.0969624469600834, ""u1"": 4.623656739672874e-07}",45.09067632143788,46.36416823526472,45.13084409977495,46.40433601360178
primary,primary,NGC2976,27,C_k1_L_Q,logsvt,5,47.155431669136576,2.1434287122334807,60.01257452627943,48.169805773011745,63.63461599915822,49.70017351388188,,2,3,1.0,logC;logQ,"{""B"": 4.4096908021762756e-08, ""C"": 1.522997974755334e-08, ""L"": 1.0969624546533758, ""Q"": 1.5229979799671392e-08, ""u1"": 1.5690742816697768e-08}",48.12963799467469,49.66000573554482,48.169805773011745,49.70017351388188
primary,primary,NGC2976,27,C_k2,logsvt,3,7.3427703809608795,0.30594876587337,14.386248641830443,2.5434798885627625,17.230280978973866,3.295838493697527,31261847.129547756,3,3,0.9989754856295311,logC,"{""B"": 1.0460736078587904, ""C"": 1.5229979744712682e-08, ""u2"": 0.6723557250425952}",2.5033121102257017,3.2556707153604663,2.5434798885627625,3.295838493697527
primary,primary,NGC2976,27,C_k2_Q,logsvt,4,7.231792224096499,0.31442574887376085,17.049974042278315,5.207205289010634,20.415139688113815,6.480697202837476,538548704.6809839,3,4,1.0,logC,"{""B"": 185.0753378868198, ""C"": 1.5229979744712682e-08, ""Q"": 26.42847225967967, ""u2"": 0.03935756546463933}",5.167037510673573,6.440529424500415,5.207205289010634,6.480697202837476
primary,primary,NGC2976,27,C_k2_L,logsvt,4,6.560331546409185,0.28523180636561674,16.378513364591,4.53574461132332,19.7436790104265,5.809236525150162,91558353.07857756,4,4,0.9384982396466707,logC,"{""B"": 0.9269733398850357, ""C"": 1.522997974766783e-08, ""L"": -0.25535673875676984, ""u2"": 1.011208849933036}",4.495576832986259,5.769068746813101,4.53574461132332,5.809236525150162
primary,primary,NGC2976,27,C_k2_L_Q,logsvt,5,6.560331548244803,0.29819688855658194,19.41747440538766,7.574705652119981,23.03951587826645,9.10507339299011,1787951248.593866,4,5,0.9616641503262048,logC;logQ,"{""B"": 0.9269733674468265, ""C"": 1.5229979744717553e-08, ""L"": -0.25535671497495244, ""Q"": 1.5229980082371607e-08, ""u2"": 1.0112087953444766}",7.53453787378292,9.06490561465305,7.574705652119981,9.10507339299011
primary,primary,NGC2976,27,C_k12,logsvt,4,7.342770587050802,0.3192508950891653,17.16095240523262,5.31818365196494,20.526118051068117,6.591675565791778,337829818.16745126,3,4,0.9999997196531413,logC;logu1,"{""B"": 1.0460736610234451, ""C"": 1.5229979744712682e-08, ""u1"": 1.5229979744712953e-08, ""u2"": 0.6723556689132771}",5.278015873627879,6.551507787454717,5.31818365196494,6.591675565791778
primary,primary,NGC2976,27,C_k12_Q,logsvt,5,7.23181896334337,0.328719043788335,20.08896182048623,8.246193067218549,23.711003293365017,9.776560808088679,1258070508.1467667,4,5,1.0,logC;logu1,"{""B"": 173.18907747575136, ""C"": 1.5229979744712682e-08, ""Q"": 25.496597137848287, ""u1"": 1.5229979744712682e-08, ""u2"": 0.04071396823172106}",8.206025288881488,9.736393029751618,8.246193067218549,9.776560808088679
primary,primary,NGC2976,27,C_k12_L,logsvt,5,6.400632679187663,0.2909378490539847,19.25777553633052,7.4150067830628394,22.879817009209308,8.94537452393297,519360976.91143566,4,5,1.0,logC,"{""B"": 9.004877049673752, ""C"": 1.5230004580335273e-08, ""L"": -7.666107688192875, ""u1"": 0.4067760519217194, ""u2"": 0.21448780393775999}",7.374839004725779,8.905206745595908,7.4150067830628394,8.94537452393297
primary,primary,NGC2976,27,C_k12_L_Q,logsvt,6,6.4006326800834294,0.3047920323849252,22.60063268008343,10.757863926815748,26.175653876109404,12.241211390833065,8110652332.143268,4,6,1.0,logC,"{""B"": 9.004964617453325, ""C"": 1.52388141168652e-08, ""L"": -7.666172704796479, ""Q"": 1.559448311236281e-08, ""u1"": 0.40677571111684724, ""u2"": 0.21448638102790527}",10.717696148478687,12.201043612496004,10.757863926815748,12.241211390833065
primary,primary,NGC2976,27,cored_log,cored_log,2,7.3427687532676815,0.29371075013070724,11.84276875326768,0.0,13.934442485276339,0.0,17.019952037903423,2,2,0.9913793323938944,,"{""H"": 4.184293953688891, ""Rc"": 1.2195522385963415}",-0.04016777833706087,-0.04016777833706087,0.0,0.0
primary,primary,NGC2976,27,pISO,piso,2,7.382936531604742,0.2953174612641897,11.882936531604742,0.04016777833706087,13.9746102636134,0.04016777833706087,18.559467772618405,2,2,0.992731327548161,,"{""H"": 6.9157423391254484, ""Rc"": 0.9020415022178724}",0.0,0.0,0.04016777833706087,0.04016777833706087
primary,primary,NGC2976,27,NFW,nfw,2,47.31823284111796,1.8927293136447185,51.81823284111796,39.975464087850284,53.90990657312662,39.975464087850284,41.41176048460324,2,2,0.9986773065193206,logc,"{""V200"": 12.599545180885, ""c"": 1.0000008575053878}",39.93529630951322,39.93529630951322,39.975464087850284,39.975464087850284
primary,primary,NGC3198,43,baryons,logsvt,0,32639.323228439484,759.0540285683601,32639.323228439484,32602.594963437597,32639.323228439484,32599.37256320621,,0,0,,,{},32585.130895737613,32581.908495506224,32602.594963437597,32599.37256320621
primary,primary,NGC3198,43,Q,logsvt,1,32639.323868626787,777.1267587768283,32641.421429602397,32604.69316460051,32643.08506874248,32603.134403509204,1.0,1,1,0.0,logQ,"{""Q"": 1.5229979744712682e-08}",32587.229096900526,32585.67033580922,32604.69316460051,32603.134403509204
primary,primary,NGC3198,43,L,logsvt,1,3998.0129798064686,95.19078523348735,4000.1105407820783,3963.3822757801913,4001.774179922162,3961.8235146888883,1.0,1,1,0.0,,"{""L"": 1.4306011012174957}",3945.918208080208,3944.359446988905,3963.3822757801913,3961.8235146888883
primary,primary,NGC3198,43,L_Q,logsvt,2,463.4819976876573,11.304438967991642,467.78199768765734,431.05373268577046,471.00439791904444,431.0537326857704,7.711715347035966,2,2,0.9494934699930883,,"{""L"": 3.1515841174409758, ""Q"": 2.5782797553435626}",413.589664985787,413.58966498578695,431.05373268577046,431.0537326857704
primary,primary,NGC3198,43,k1,logsvt,2,101.01649356854998,2.463816916306097,105.31649356854997,68.58822856666306,108.5388937999371,68.58822856666306,7.03806957757142,2,2,0.8986705267215933,,"{""B"": 0.5129568396159533, ""u1"": 6.157674205858604}",51.12416086667963,51.12416086667963,68.58822856666306,68.58822856666306
primary,primary,NGC3198,43,k1_Q,logsvt,3,64.55261806565731,1.613815451641433,71.16800268104193,34.439737679155016,75.836218412738,35.88555317946397,35.22421806624519,3,3,0.978997284554952,,"{""B"": 0.6592497678080251, ""Q"": 0.26971273475393936, ""u1"": 4.009226055333476}",16.975669979171585,18.421485479480538,34.439737679155016,35.88555317946397
primary,primary,NGC3198,43,k1_L,logsvt,3,57.10550808418657,1.4276377021046642,63.72089269957118,26.99262769768427,68.38910843126726,28.438443197993223,46.632583816627445,3,3,0.9911923138002482,,"{""B"": 0.920207061423124, ""L"": -0.5984255486560238, ""u1"": 3.061662706560555}",9.528559997700839,10.974375498009792,26.99262769768427,28.438443197993223
primary,primary,NGC3198,43,k1_L_Q,logsvt,4,57.105508427467946,1.4642438058325113,66.15814000641532,29.429875004528412,72.1503088902422,32.19964365696816,1583329487.9004276,3,4,0.998333481170107,logQ,"{""B"": 0.9202070482864207, ""L"": -0.598425519204183, ""Q"": 1.522997974576681e-08, ""u1"": 3.061662739648523}",11.965807304544981,14.735575956984732,29.429875004528412,32.19964365696816
primary,primary,NGC3198,43,k2,logsvt,2,32.42826500188692,0.7909332927289493,36.72826500188692,7.105427357601002e-15,39.950665233274044,7.105427357601002e-15,5.762382447210408,2,2,0.695650633954817,,"{""B"": 0.21138761013654048, ""u2"": 64.28206471481786}",-17.464067699983424,-17.464067699983424,7.105427357601002e-15,7.105427357601002e-15
primary,primary,NGC3198,43,k2_Q,logsvt,3,32.23476477565201,0.8058691193913002,38.850149391036624,2.121884389149713,43.518365122732696,3.567699889458659,323.5187223883898,3,3,0.8923957788466045,,"{""B"": 0.21323315372926915, ""Q"": 0.013911042559254487, ""u2"": 62.9967679785813}",-15.342183310833718,-13.896367810524772,2.121884389149713,3.567699889458659
primary,primary,NGC3198,43,k2_L,logsvt,3,32.11441039132147,0.8028602597830368,38.729795006706084,2.0015300048191733,43.39801073840216,3.447345505128119,14.545483331026368,3,3,0.9654564116985931,,"{""B"": 0.21580763412312254, ""L"": -0.024391091852468547, ""u2"": 62.214330516765706}",-15.462537695164258,-14.016722194855312,2.0015300048191733,3.447345505128119
primary,primary,NGC3198,43,k2_L_Q,logsvt,4,32.11441049996736,0.8234464230760862,41.16704207891473,4.438777077027822,47.15921096274161,7.208545729467573,1019384247.616527,3,4,0.9884393483077019,logQ,"{""B"": 0.21580763240354972, ""L"": -0.024391071300117115, ""Q"": 1.522997974497229e-08, ""u2"": 62.21433089565648}",-13.025290622955609,-10.255521970515858,4.438777077027822,7.208545729467573
primary,primary,NGC3198,43,k12,logsvt,3,31.54745985553375,0.7886864963883438,38.16284447091836,1.4345794690314477,42.83106020261444,2.8803949693404007,163.60158435019025,3,3,0.8227521004284377,,"{""B"": 0.21415820956118006, ""u1"": 0.9653134021669484, ""u2"": 63.15777602578917}",-16.029488230951983,-14.58367273064303,1.4345794690314477,2.8803949693404007
primary,primary,NGC3198,43,k12_Q,logsvt,4,30.080146548183528,0.7712858089277828,39.1327781271309,2.4045131252439873,45.124947010957776,5.174281777683738,155.07611947113043,4,4,0.958833250170031,,"{""B"": 0.22384812437810786, ""Q"": 0.04890786400682714, ""u1"": 1.8368117514068272, ""u2"": 57.2733054951127}",-15.059554574739444,-12.289785922299693,2.4045131252439873,5.174281777683738
primary,primary,NGC3198,43,k12_L,logsvt,4,28.87009785334231,0.7402589193164695,37.92272943228968,1.1944644304027676,43.914898316116556,3.9642330828425187,110.48098604376554,4,4,0.9791654461947462,,"{""B"": 0.23961954769191987, ""L"": -0.10575151733342592, ""u1"": 2.3961387753118846, ""u2"": 52.176799940486156}",-16.269603269580664,-13.499834617140912,1.1944644304027676,3.9642330828425187
primary,primary,NGC3198,43,k12_L_Q,logsvt,5,28.87009815772206,0.7597394252032121,40.49171977934368,3.763454777456772,47.67609873618987,7.725433502915834,1076942574.699046,4,5,0.9917242802374104,logQ,"{""B"": 0.23961960961980977, ""L"": -0.10575172351193614, ""Q"": 1.5229979754744315e-08, ""u1"": 2.3961429951876396, ""u2"": 52.17677416515662}",-13.700612922526659,-9.738634197067597,3.763454777456772,7.725433502915834
primary,primary,NGC3198,43,C,logsvt,1,1747.3091124396694,41.60259791523023,1749.406673415279,1712.6784084133922,1751.070312555363,1711.119647322089,1.0,1,1,0.0,,"{""C"": 0.6238477482106172}",1695.2143407134088,1693.6555796221055,1712.6784084133922,1711.119647322089
primary,primary,NGC3198,43,C_Q,logsvt,2,1747.309168422195,42.61729679078524,1751.609168422195,1714.880903420308,1754.831568653582,1714.880903420308,141381581.99051958,1,2,0.9999999999999999,logQ,"{""C"": 0.623847750674298, ""Q"": 1.522997974485504e-08}",1697.4168357203246,1697.4168357203246,1714.880903420308,1714.880903420308
primary,primary,NGC3198,43,C_L,logsvt,2,507.79702117423597,12.38529319937161,512.0970211742359,475.368756172349,515.3194214056231,475.36875617234904,2.897984777247455,2,2,0.7866645870147193,,"{""C"": 0.40569934004265956, ""L"": 0.592413523212616}",457.9046884723656,457.9046884723656,475.368756172349,475.36875617234904
primary,primary,NGC3198,43,C_L_Q,logsvt,3,181.39512891295072,4.534878222823768,188.01051352833534,151.28224852644843,192.67872926003142,152.72806402675738,15.679845045447077,3,3,0.9769029782771436,,"{""C"": 0.21068867825426882, ""L"": 1.9700064001388546, ""Q"": 1.4630258970490766}",133.81818082646498,135.26399632677396,151.28224852644843,152.72806402675738
primary,primary,NGC3198,43,C_k1,logsvt,3,101.01649811525559,2.5254124528813895,107.6318827306402,70.90361772875329,112.30009846233628,72.34943322906224,443064130.7955445,2,3,0.9991703272876467,logC,"{""B"": 0.5129568350678428, ""C"": 1.5229979748491624e-08, ""u1"": 6.15767393050856}",53.43955002876986,54.88536552907881,70.90361772875329,72.34943322906224
primary,primary,NGC3198,43,C_k1_Q,logsvt,4,64.55262169047599,1.6551954279609227,73.60525326942336,36.87698826753645,79.59742215325024,39.6467569199762,455843708.7917865,3,4,0.9856792917926629,logC,"{""B"": 0.6592497637359286, ""C"": 1.5229979749017062e-08, ""Q"": 0.2697127341472463, ""u1"": 4.009225902787881}",19.412920567553016,22.182689219992767,36.87698826753645,39.6467569199762
primary,primary,NGC3198,43,C_k1_L,logsvt,4,57.10551168796312,1.4642438894349519,66.15814326691049,29.429878265023575,72.15031215073738,32.19964691746334,605567438.96167,3,4,0.9983824817954278,logC,"{""B"": 0.9202071257784943, ""C"": 1.522997974516616e-08, ""L"": -0.5984256306489905, ""u1"": 3.061662364551558}",11.965810565040144,14.73557921747991,29.429878265023575,32.19964691746334
primary,primary,NGC3198,43,C_k1_L_Q,logsvt,5,57.10551203124452,1.5027766324011715,68.72713365286616,31.998868650979247,75.91151260971233,35.960847376438295,2077787203.7871468,3,5,0.9987086213101152,logC;logQ,"{""B"": 0.9202070842719894, ""C"": 1.522997974473254e-08, ""L"": -0.598425562438291, ""Q"": 1.522997975939953e-08, ""u1"": 3.0616624890655544}",14.534800950995816,18.496779676454864,31.998868650979247,35.960847376438295
primary,primary,NGC3198,43,C_k2,logsvt,3,31.03294616900843,0.7758236542252107,37.64833078439304,0.9200657825061285,42.31654651608912,2.3658812828150815,111.80254524439128,3,3,0.9467902859213128,,"{""B"": 0.20378256122632019, ""C"": 0.033169451958773945, ""u2"": 58.9247029910447}",-16.544001917477303,-15.09818641716835,0.9200657825061285,2.3658812828150815
primary,primary,NGC3198,43,C_k2_Q,logsvt,4,30.351393710016634,0.7782408643594009,39.40402528896401,2.6757602870770967,45.396194172790885,5.445528939516848,167.44787696055104,4,4,0.8220987618169933,,"{""B"": 0.20594712959928507, ""C"": 0.03996901110185642, ""Q"": 0.027621637393349167, ""u2"": 55.58198107945718}",-14.788307412906335,-12.018538760466583,2.6757602870770967,5.445528939516848
primary,primary,NGC3198,43,C_k2_L,logsvt,4,29.78519516730874,0.7637229530079164,38.83782674625611,2.109561744369202,44.82999563008299,4.879330396808953,103.37842726107829,4,4,0.8209749439454769,,"{""B"": 0.2107978922079953, ""C"": 0.045841964399408804, ""L"": -0.05401825616206725, ""u2"": 53.11380332325041}",-15.35450595561423,-12.584737303174478,2.109561744369202,4.879330396808953
primary,primary,NGC3198,43,C_k2_L_Q,logsvt,5,29.785195422810563,0.7838209321792253,41.40681704443218,4.67855204254527,48.59119600127838,8.64053076800434,944827954.3595327,4,5,0.9957309985083409,logQ,"{""B"": 0.21079789088905274, ""C"": 0.04584196980826741, ""L"": -0.05401824424827369, ""Q"": 1.522997977539124e-08, ""u2"": 53.11380221494124}",-12.785515657438161,-8.823536931979092,4.67855204254527,8.64053076800434
primary,primary,NGC3198,43,C_k12,logsvt,4,31.03294617282135,0.7957165685338808,40.085577751768724,3.357312749881814,46.0777466355956,6.127081402321565,1117912275.9249048,3,4,0.9999965270641296,logu1,"{""B"": 0.20378256447581966, ""C"": 0.033169438563333715, ""u1"": 1.5229979744712682e-08, ""u2"": 58.924704998525215}",-14.106754950101617,-11.336986297661866,3.357312749881814,6.127081402321565
primary,primary,NGC3198,43,C_k12_Q,logsvt,5,30.07980178689523,0.791573731234085,41.70142340851685,4.973158406629942,48.88580236536305,8.935137132089011,5988.800303782238,5,5,0.9673549980374313,,"{""B"": 0.2232220267284877, ""C"": 0.0015128440269330291, ""Q"": 0.048292425775844756, ""u1"": 1.7742827265442376, ""u2"": 57.17994107672595}",-12.49090929335349,-8.52893056789442,4.973158406629942,8.935137132089011
primary,primary,NGC3198,43,C_k12_L,logsvt,5,28.87009799498965,0.7597394209207803,40.49171961661127,3.7634546147243597,47.676098573457466,7.725433340183429,676565911.0012116,4,5,0.9998417315359649,logC,"{""B"": 0.23961959605188624, ""C"": 1.5230252099316114e-08, ""L"": -0.10575170811233736, ""u1"": 2.3961417742862317, ""u2"": 52.17677664683807}",-13.700613085259072,-9.738634359800002,3.7634546147243597,7.725433340183429
primary,primary,NGC3198,43,C_k12_L_Q,logsvt,6,28.870098299384377,0.7802729270103885,43.20343163271772,6.475166630830806,51.43729899354575,11.486633760271715,1162111983.521499,4,6,0.9998785710257315,logC;logQ,"{""B"": 0.23961961516822136, ""C"": 1.5230050492893168e-08, ""L"": -0.10575175549143324, ""Q"": 1.522999012135237e-08, ""u1"": 2.3961435247313476, ""u2"": 52.17676827237443}",-10.988901069152625,-5.977433939711716,6.475166630830806,11.486633760271715
primary,primary,NGC3198,43,cored_log,cored_log,2,32.42826500188691,0.7909332927289491,36.72826500188691,0.0,39.95066523327404,0.0,3.1728155320164206,2,2,0.6956506288976667,,"{""H"": 0.8455504407084135, ""Rc"": 0.12472545335815709}",-17.46406769998343,-17.46406769998343,0.0,0.0
primary,primary,NGC3198,43,pISO,piso,2,49.892332701870345,1.2168861634602524,54.19233270187034,17.46406769998343,57.41473293325747,17.46406769998343,4.495604907992288,2,2,0.8048082584449239,,"{""H"": 0.9509391274789334, ""Rc"": 0.06032754787990884}",0.0,0.0,17.46406769998343,17.46406769998343
primary,primary,NGC3198,43,NFW,nfw,2,57.08608173044145,1.3923434568400355,61.38608173044145,24.657816728554536,64.60848196182857,24.657816728554536,5.509386975551872,2,2,0.8771062301557887,,"{""V200"": 0.7673387989363604, ""c"": 9.412160981574775}",7.193749028571105,7.193749028571105,24.657816728554536,24.657816728554536
primary,primary,NGC3521,41,baryons,logsvt,0,621.1721975114989,15.150541402719485,621.1721975114989,610.7883100750854,621.1721975114989,607.676955415361,,0,0,,,{},588.9044521653835,585.7930975056591,584.7577152722372,581.6463606125127
primary,primary,NGC3521,41,Q,logsvt,1,621.1722203517388,15.52930550879347,623.2747844543029,612.8908970178894,624.8857924184431,611.3905503223052,1.0,1,1,0.0,logQ,"{""Q"": 1.5229979744927167e-08}",591.0070391081875,589.5066924126033,586.8603022150412,585.3599555194569
primary,primary,NGC3521,41,L,logsvt,1,25.17275390482406,0.6293188476206015,27.27531800738816,16.891430570974727,28.88632597152837,15.391083875390528,1.0,1,1,0.0,,"{""L"": 0.7772358479653255}",-4.992427338727193,-6.492774034311392,-9.13916423187359,-10.639510927457788
primary,primary,NGC3521,41,L_Q,logsvt,2,13.594406088801371,0.34857451509747106,17.91019556248558,7.526308126072147,21.02155022220999,7.5263081260721485,8.860357232769063,2,2,0.9454306623267705,,"{""L"": 1.1460084047955104, ""Q"": 0.5124163057069228}",-14.357549783629775,-14.357549783629771,-18.50428667677617,-18.504286676776168
primary,primary,NGC3521,41,k1,logsvt,2,12.515412289602505,0.32090800742570524,16.831201763286714,6.447314326873281,19.94255642301112,6.447314326873279,10.623523408591568,2,2,0.9788993195830621,,"{""B"": 0.6460364698166746, ""u1"": 1.0085094594397699}",-15.43654358282864,-15.43654358282864,-19.583280475975037,-19.583280475975037
primary,primary,NGC3521,41,k1_Q,logsvt,3,12.515412364598689,0.3293529569631234,19.164061013247338,8.780173576833905,23.65612856471161,10.160886468573771,481717948.12963766,2,3,0.9972291769150695,logQ,"{""B"": 0.6460365049836327, ""Q"": 1.522997974732176e-08, ""u1"": 1.00850939618462}",-13.103684332868017,-11.722971441128148,-17.250421226014414,-15.869708334274545
primary,primary,NGC3521,41,k1_L,logsvt,3,6.068957612185232,0.1597094108469798,12.717606260833882,2.3337188244204494,17.209673812298156,3.714431716160316,22012.674626810698,3,3,0.8926223687275995,logu1,"{""B"": 0.0427835686220183, ""L"": 0.6102488244915709, ""u1"": 22026.465794806678}",-19.550139085281472,-18.169426193541604,-23.69687597842787,-22.316163086688
primary,primary,NGC3521,41,k1_L_Q,logsvt,4,6.068957630858123,0.1640258819150844,15.180068741969233,4.7961813055558,20.923245897675354,7.428003801537514,473405899.30085254,3,4,1.0,logu1;logQ,"{""B"": 0.04278356790262622, ""L"": 0.6102488381716995, ""Q"": 1.522997974709126e-08, ""u1"": 22026.465794806678}",-17.08767660414612,-14.455854108164406,-21.23441349729252,-18.602591001310802
primary,primary,NGC3521,41,k2,logsvt,2,32.09869276557788,0.8230434042455866,36.41448223926209,26.03059480284866,39.5258368989865,26.030594802848658,4.693849757865056,2,2,0.7501893652362737,,"{""B"": 0.16185009695230335, ""u2"": 11.817617064883942}",4.146736893146738,4.146736893146738,3.410605131648481e-13,3.410605131648481e-13
primary,primary,NGC3521,41,k2_Q,logsvt,3,32.098693069644334,0.8447024492011667,38.74734171829298,28.363454281879548,43.23940926975726,29.74416717361942,245961151.98799342,2,3,0.9911098812912414,logQ,"{""B"": 0.1618501203658674, ""Q"": 1.5229979744717066e-08, ""u2"": 11.817610945580261}",6.479596372177625,7.8603092639175,2.332859479031228,3.7135723707711037
primary,primary,NGC3521,41,k2_L,logsvt,3,6.072993461160825,0.1598156173989691,12.721642109809475,2.3377546733960415,17.213709661273747,3.7184675651359065,777.5225435902026,3,3,0.7848755196499395,logu2,"{""B"": 0.021545270203543552, ""L"": 0.609281117454862, ""u2"": 22026.465794806052}",-19.546103236305882,-18.165390344566013,-23.69284012945228,-22.31212723771241
primary,primary,NGC3521,41,k2_L_Q,logsvt,4,6.072993482140208,0.1641349589767624,15.18410459325132,4.800217156837887,20.92728174895744,7.432039652819601,466750463.5063771,3,4,0.9999999722784102,logu2;logQ,"{""B"": 0.021545269689405195, ""L"": 0.6092811325283637, ""Q"": 1.522997974475375e-08, ""u2"": 22026.465794806678}",-17.083640752864035,-14.45181825688232,-21.23037764601043,-18.598555150028716
primary,primary,NGC3521,41,k12,logsvt,3,12.308279540098498,0.3239020931604868,18.956928188747145,8.573040752333712,23.448995740211423,9.953753644073583,2444.845053392818,3,3,0.9999921141077588,,"{""B"": 0.4100247914657223, ""u1"": 1.6368076147607222, ""u2"": 0.37368121578638874}",-13.31081715736821,-11.930104265628337,-17.457554050514606,-16.076841158774734
primary,primary,NGC3521,41,k12_Q,logsvt,4,12.308279651454672,0.3326562067960722,21.419390762565783,11.03550332615235,27.162567918271904,13.667325822134064,656403683.4436108,3,4,0.9999998151155296,,"{""B"": 0.4100251805417579, ""Q"": 1.8273730614199884e-08, ""u1"": 1.6368060525552681, ""u2"": 0.37367965909654904}",-10.848354583549572,-8.216532087567856,-14.995091476695968,-12.363268980714253
primary,primary,NGC3521,41,k12_L,logsvt,4,6.068957612185241,0.16402588141041194,15.180068723296351,4.796181286882918,20.923245879002472,7.428003782864632,,3,3,0.8926260306917521,logu1,"{""B"": 0.04278356842981596, ""L"": 0.6102488249377365, ""u1"": 22026.465794747946, ""u2"": 3.4683989837945804e-06}",-17.087676622819004,-14.455854126837288,-21.2344135159654,-18.602591019983684
primary,primary,NGC3521,41,k12_L_Q,logsvt,5,6.068957630858124,0.16858215641272567,17.783243345143838,7.399355908730405,24.636817964379667,11.141575868241826,4.809172021563344e+21,3,4,1.0,logu1;logQ,"{""B"": 0.042783568078375314, ""L"": 0.6102488371432402, ""Q"": 1.5229979744712682e-08, ""u1"": 22026.465794806678, ""u2"": 1.926536323946668e-07}",-14.484502000971517,-10.742282041460093,-18.631238894117914,-14.88901893460649
primary,primary,NGC3521,41,C,logsvt,1,155.29637638092163,3.882409409523041,157.39894048348575,147.0150530470723,159.00994844762593,145.5147063514881,1.0,1,1,0.0,,"{""C"": 0.2728217010949651}",125.13119513737038,123.63084844178617,120.98445824422399,119.48411154863977
primary,primary,NGC3521,41,C_Q,logsvt,2,155.2963839849537,3.981958563716762,159.61217345863793,149.2282860222245,162.7235281183623,149.22828602222447,59374859.08117856,2,2,0.9999999999999999,logQ,"{""C"": 0.2728217033044739, ""Q"": 1.5229979744712682e-08}",127.34442811252256,127.34442811252255,123.19769121937617,123.19769121937615
primary,primary,NGC3521,41,C_L,logsvt,2,6.068097962729223,0.15559225545459546,10.383887436413433,0.0,13.49524209613784,0.0,6.312402920075396,2,2,0.7066513449047099,,"{""C"": 0.08552115144546442, ""L"": 0.6103081191348632}",-21.883857909701923,-21.88385790970192,-26.03059480284832,-26.030594802848317
primary,primary,NGC3521,41,C_L_Q,logsvt,3,6.068097981308924,0.1596867889818138,12.716746629957573,2.33285919354414,17.208814181421847,3.7135720852840066,347371486.36842954,2,3,0.9941695636941911,logQ,"{""C"": 0.08552115000255166, ""L"": 0.6103081327635217, ""Q"": 1.5229979744946483e-08}",-19.550998716157782,-18.170285824417913,-23.69773560930418,-22.31702271756431
primary,primary,NGC3521,41,C_k1,logsvt,3,6.06810827912305,0.15968705997692237,12.716756927771698,2.332869491358265,17.20882447923597,3.7135823830981316,977639.3576823473,3,3,0.9999999999956674,logB,"{""B"": 22026.465794779837, ""C"": 0.08552028300013924, ""u1"": 1.3854148922367956e-05}",-19.550988418343657,-18.17027552660379,-23.697725311490053,-22.317012419750185
primary,primary,NGC3521,41,C_k1_Q,logsvt,4,6.068108297707281,0.16400292696506164,15.17921940881839,4.7953319724049575,20.92239656452451,7.4271544683866715,766357951.7076502,3,4,1.0,logB;logQ,"{""B"": 22026.465793147658, ""C"": 0.08552028151097883, ""Q"": 1.522997979641665e-08, ""u1"": 1.3854149241250946e-05}",-17.088525937296964,-14.456703441315248,-21.23526283044336,-18.603440334461645
primary,primary,NGC3521,41,C_k1_L,logsvt,4,6.068097965462732,0.16400264771520898,15.179209076573843,4.7953216401604095,20.922386232279962,7.427144136142122,434952212.4835686,2,4,0.9999627474566445,,"{""B"": 0.001482995201276892, ""C"": 0.08552115168430999, ""L"": 0.6103055438268846, ""u1"": 0.0008687567839715791}",-17.088536269541514,-14.456713773559798,-21.23527316268791,-18.603450666706195
primary,primary,NGC3521,41,C_k1_L_Q,logsvt,5,6.068097993205743,0.16855827758904843,17.78238370749146,7.3984962710780255,24.635958326727284,11.140716230589444,785249834.6048198,2,5,1.0,logu1,"{""B"": 2.064534462775877e-07, ""C"": 0.0855207372597023, ""L"": 0.6103081364011156, ""Q"": 2.1582499318610657e-08, ""u1"": 21995.059816296267}",-14.485361638623896,-10.743141679112476,-18.632098531770293,-14.889878572258873
primary,primary,NGC3521,41,C_k2,logsvt,3,4.301881185946754,0.11320739963017773,10.950529834595404,0.5666423981819708,15.442597386059678,1.9473552899218376,11.571804437913203,3,3,0.9393332242555475,,"{""B"": 0.1934122623686413, ""C"": 0.1289575001306086, ""u2"": 2.2733729628997152}",-21.31721551151995,-19.936502619780082,-25.463952404666347,-24.08323951292648
primary,primary,NGC3521,41,C_k2_Q,logsvt,4,4.078069884338116,0.11021810498211124,13.189180995449227,2.8052935590357944,18.93235815115535,5.437116055017508,139.55573745751028,4,4,0.9939648992707373,,"{""B"": 0.4243108396160973, ""C"": 0.13146561598157303, ""Q"": 0.4095231667632805, ""u2"": 1.170299597027841}",-19.078564350666127,-16.44674185468441,-23.225301243812524,-20.593478747830808
primary,primary,NGC3521,41,C_k2_L,logsvt,4,4.044095516665731,0.10929987882880354,13.155206627776842,2.7713191913634088,18.898383783482963,5.403141687345123,37.133687964628905,4,4,0.974378682511339,,"{""B"": 0.29794798139090023, ""C"": 0.15311088952441113, ""L"": -0.34341444549576705, ""u2"": 2.3417451017854924}",-19.112538718338513,-16.480716222356797,-23.25927561148491,-20.627453115503194
primary,primary,NGC3521,41,C_k2_L_Q,logsvt,5,4.012950380281335,0.11147084389670375,15.727236094567049,5.343348658153616,22.580810713802876,9.085568617665036,363.79682096142204,5,5,0.9843147794789454,,"{""B"": 0.3491817325762504, ""C"": 0.14607980951012717, ""L"": -0.2177082007646736, ""Q"": 0.18294853028740354, ""u2"": 1.7660828520656517}",-16.540509251548308,-12.798289292036884,-20.687246144694704,-16.94502618518328
primary,primary,NGC3521,41,C_k12,logsvt,4,4.301881197305873,0.11626705938664521,13.412992308416984,3.0291048720035505,19.156169464123103,5.660927367985263,513354594.1734089,3,4,0.9971571823541575,logu1,"{""B"": 0.19341226391366848, ""C"": 0.128957499369727, ""u1"": 1.5229981741189664e-08, ""u2"": 2.27337293772601}",-18.854753037698373,-16.222930541716657,-23.00148993084477,-20.369667434863054
primary,primary,NGC3521,41,C_k12_Q,logsvt,5,4.078069896832953,0.11327971935647091,15.792355611118667,5.408468174705234,22.645930230354494,9.150688134216654,748269273.6403202,4,5,0.9996857526359025,logu1,"{""B"": 0.4243111992432333, ""C"": 0.1314656149852306, ""Q"": 0.4095237081016504, ""u1"": 1.5229979744747473e-08, ""u2"": 1.1702988654529753}",-16.47538973499669,-12.733169775485266,-20.622126628143086,-16.879906668631662
primary,primary,NGC3521,41,C_k12_L,logsvt,5,4.044095518506172,0.11233598662517144,15.758381232791885,5.374493796378452,22.611955852027712,9.116713755889872,1153714823.095991,4,5,0.9743786798864155,logu1,"{""B"": 0.2979479757424451, ""C"": 0.15311088699516937, ""L"": -0.3434144284312725, ""u1"": 1.5229979744712682e-08, ""u2"": 2.341745120164249}",-16.50936411332347,-12.767144153812048,-20.656101006469868,-16.913881046958444
primary,primary,NGC3521,41,C_k12_L_Q,logsvt,6,4.012950383141193,0.1146557252326055,18.48353861843531,8.099651182021878,26.294382783367038,12.799140687229198,998475722.5373062,5,6,0.9892216169777222,,"{""B"": 0.3491825710307794, ""C"": 0.1460797473341467, ""L"": -0.21770719144748363, ""Q"": 0.1829507394074824, ""u1"": 1.5947135411346404e-08, ""u2"": 1.7660773922330695}",-13.784206727680044,-9.084717222472722,-17.93094362082644,-13.231454115619119
primary,primary,NGC3521,41,cored_log,cored_log,2,32.09869276557754,0.8230434042455779,36.41448223926175,26.03059480284832,39.52583689898616,26.030594802848317,2.8897277553639036,2,2,0.7501893493102694,,"{""H"": 0.6474003916790193, ""Rc"": 0.2908941909795303}",4.146736893146397,4.146736893146397,0.0,0.0
primary,primary,NGC3521,41,pISO,piso,2,27.951955872431142,0.7167168172418241,32.267745346115355,21.883857909701923,35.37910000583976,21.88385790970192,3.6561731295614788,2,2,0.8324389087794579,,"{""H"": 0.7704017832801143, ""Rc"": 0.1563103998723735}",0.0,0.0,-4.146736893146397,-4.146736893146397
primary,primary,NGC3521,41,NFW,nfw,2,12.745925998349273,0.32681861534228906,17.06171547203348,6.677828035620047,20.17307013175789,6.677828035620049,8.244937754096735,2,2,0.968575070378959,,"{""V200"": 0.8000196601104935, ""c"": 8.349542464606513}",-15.206029874081874,-15.206029874081871,-19.35276676722827,-19.352766767228267
primary,primary,NGC5055,28,baryons,logsvt,0,56105.813392387376,2003.7790497281205,56105.813392387376,55916.677693841266,56105.813392387376,55913.681080310744,,0,0,,,{},55339.53305921517,55337.34865019482,55560.32698239506,55558.14257337471
primary,primary,NGC5055,28,Q,logsvt,1,56105.81525310137,2077.993157522273,56107.96909925521,55918.8334007091,56109.14745761154,55917.01514553491,1.0,1,1,0.0,logQ,"{""Q"": 1.522997974471988e-08}",55341.68876608301,55340.68271541899,55562.4826892629,55561.47663859888
primary,primary,NGC5055,28,L,logsvt,1,2745.9145641246073,101.7005394120225,2748.0684102784535,2558.9327117323437,2749.2467686347827,2557.114456558147,1.0,1,1,0.0,,"{""L"": 0.8855577101306449}",1981.78807710625,1980.782026442229,2202.5820002861374,2201.5759496221162
primary,primary,NGC5055,28,L_Q,logsvt,2,1451.6888940392869,55.83418823228026,1456.168894039287,1267.033195493177,1458.3533030596373,1266.2209909830017,8.2819450405676,2,2,0.9650720729545978,,"{""L"": 1.4945101834711176, ""Q"": 0.8647425265504514}",689.8885608670836,689.8885608670836,910.6824840469709,910.6824840469709
primary,primary,NGC5055,28,k1,logsvt,2,1678.8287869333853,64.57033795897635,1683.3087869333854,1494.1730883872754,1685.4931959537357,1493.3608838771002,11.869405803795033,2,2,0.9824038251556778,,"{""B"": 0.7112402647819139, ""u1"": 1.07351911103375}",917.028453761182,917.028453761182,1137.8223769410693,1137.8223769410693
primary,primary,NGC5055,28,k1_Q,logsvt,3,1451.6888963798456,58.067555855193824,1458.6888963798456,1269.5531978337356,1461.6855099103711,1269.5531978337356,876905085.472875,2,3,0.9999999866800007,,"{""B"": 9656.02479942395, ""Q"": 0.8646269237120326, ""u1"": 7.738744707813704e-05}",692.4085632076423,693.2207677178175,913.2024863875296,914.0146908977048
primary,primary,NGC5055,28,k1_L,logsvt,3,1453.6306517764606,58.145226071058424,1460.6306517764606,1271.4949532303506,1463.6272653069861,1271.4949532303506,55899680.7193041,3,3,0.9999998433641047,L,"{""B"": 5911.07394817757, ""L"": -99.99999999247001, ""u1"": 0.008585171036841598}",694.3503186042573,695.1625231144325,915.1442417841446,915.9564462943198
primary,primary,NGC5055,28,k1_L_Q,logsvt,4,1451.688895807224,60.487037325301,1461.4280262420066,1272.2923276958966,1465.0177138479248,1272.8854017712893,522873963.80277073,2,4,0.9999884237906292,,"{""B"": 0.002583961911702844, ""L"": 1.4944534215040532, ""Q"": 0.8647419242359063, ""u1"": 0.010985768374220696}",695.1476930698033,696.5529716553712,915.9416162496906,917.3468948352585
primary,primary,NGC5055,28,k2,logsvt,2,541.0064099923156,20.807938845858295,545.4864099923157,356.35071144620576,547.670819012666,355.53850693603044,5.285663367880319,2,2,0.7332370905013028,,"{""B"": 0.17918465757589974, ""u2"": 14.783340651873347}",-220.79392317988766,-220.79392317988766,-3.410605131648481e-13,-3.410605131648481e-13
primary,primary,NGC5055,28,k2_Q,logsvt,3,387.4439622526753,15.497758490107012,394.4439622526753,205.30826370656538,397.4405757832009,205.30826370656538,36.90716467129099,3,3,0.98927143576796,,"{""B"": 0.2716992713261096, ""Q"": 0.4530354773361467, ""u2"": 8.735732742326007}",-371.836370919528,-371.02416640935274,-151.0424477396407,-150.23024322946543
primary,primary,NGC5055,28,k2_L,logsvt,3,182.13569854610992,7.285427941844397,189.13569854610992,0.0,192.13231207663554,0.0,25.94219035420696,3,3,0.9905395805900388,,"{""B"": 0.38159182512830336, ""L"": -0.8688497818021462, ""u2"": 10.047834901154433}",-577.1446346260934,-576.3324301159181,-356.3507114462061,-355.5385069360308
primary,primary,NGC5055,28,k2_L_Q,logsvt,4,182.13570191714112,7.58898757988088,191.87483235192371,2.7391338058137933,195.46451995784193,3.3322078812063864,2274942614.25929,3,4,0.9905395785263876,logQ,"{""B"": 0.3815918206405777, ""L"": -0.868849750529762, ""Q"": 1.522997974471279e-08, ""u2"": 10.047834888388515}",-574.4055008202796,-573.0002222347117,-353.6115776403923,-352.2062990548244
primary,primary,NGC5055,28,k12,logsvt,3,541.0064133709005,21.64025653483602,548.0064133709005,358.87071482479064,551.0030269014261,358.8707148247905,810641226.2346414,2,3,0.9990842170844072,logu1,"{""B"": 0.17918465892143207, ""u1"": 1.5229980015445882e-08, ""u2"": 14.783339875342845}",-218.27391980130278,-217.46171529112758,2.5200033785845335,3.33220788875974
primary,primary,NGC5055,28,k12_Q,logsvt,4,387.4439660598099,16.143498585825412,397.1830964945925,208.0473979484826,400.7727841005107,208.64047202387516,923934831.6968884,3,4,0.9970206486452429,logu1,"{""B"": 0.2716992477849076, ""Q"": 0.45303534640341186, ""u1"": 1.5229979759236395e-08, ""u2"": 8.735733049872831}",-369.0972366776108,-367.69195809204297,-148.30331349772348,-146.89803491215565
primary,primary,NGC5055,28,k12_L,logsvt,4,182.13570005121548,7.588987502133978,191.87483048599807,2.7391319398881535,195.4645180919163,3.3322060152807467,1418526085.234693,3,4,0.9977591265260273,logu1,"{""B"": 0.381591830030086, ""L"": -0.8688497995389556, ""u1"": 1.5229979744712682e-08, ""u2"": 10.047834780056991}",-574.4055026862052,-573.0002241006374,-353.6115795063179,-352.2063009207501
primary,primary,NGC5055,28,k12_L_Q,logsvt,5,182.13570342224673,7.9189436270542055,194.86297614951945,5.727277603409533,198.79672597312276,6.664413896487218,2102272430.8681436,3,5,0.9978656488608425,logu1;logQ,"{""B"": 0.38159182910021683, ""L"": -0.8688497838492452, ""Q"": 1.5229979789319442e-08, ""u1"": 1.522997975601801e-08, ""u2"": 10.047834759394041}",-571.4173570226839,-569.6680162194309,-350.62343384279654,-348.8740930395436
primary,primary,NGC5055,28,C,logsvt,1,14764.250751526532,546.82410190839,14766.404597680377,14577.268899134267,14767.582956036707,14575.450643960072,1.0,1,1,0.0,,"{""C"": 0.35778201660177555}",14000.124264508175,13999.118213844155,14220.918187688061,14219.912137024041
primary,primary,NGC5055,28,C_Q,logsvt,2,14764.251175025149,567.8558144240442,14768.731175025148,14579.595476479039,14770.915584045499,14578.783271968863,79956116.87622055,2,2,1.0,logQ,"{""C"": 0.3577820232657921, ""Q"": 1.5229979744712682e-08}",14002.450841852946,14002.450841852946,14223.244765032832,14223.244765032832
primary,primary,NGC5055,28,C_L,logsvt,2,2554.2497623751274,98.24037547596643,2558.7297623751274,2369.5940638290176,2560.9141713954778,2368.781859318842,15.13627575885098,2,2,0.7728027547485637,,"{""C"": 0.04571503347186429, ""L"": 0.8028544981017491}",1792.449429202924,1792.449429202924,2013.2433523828113,2013.2433523828113
primary,primary,NGC5055,28,C_L_Q,logsvt,3,1451.689052434167,58.06756209736668,1458.689052434167,1269.553353888057,1461.6856659646926,1269.553353888057,104302463.60775818,2,3,0.995565290246867,logC,"{""C"": 1.5229979744717066e-08, ""L"": 1.4945100684448842, ""Q"": 0.8647424026445897}",692.4087192619637,693.2209237721389,913.202642441851,914.0148469520262
primary,primary,NGC5055,28,C_k1,logsvt,3,1678.828910852124,67.15315643408496,1685.828910852124,1496.693212306014,1688.8255243826495,1496.693212306014,144180470.26409435,2,3,0.9992990189283413,logC,"{""B"": 0.7112403116053962, ""C"": 1.5229979744715822e-08, ""u1"": 1.0735189259435738}",919.5485776799206,920.3607821900958,1140.3425008598078,1141.1547053699833
primary,primary,NGC5055,28,C_k1_Q,logsvt,4,1451.6890561068703,60.48704400445293,1461.4281865416528,1272.2924879955428,1465.017874147571,1272.8855620709355,822860497.3538307,2,4,0.9999999790893438,logC,"{""B"": 7708.325205530891, ""C"": 1.5229979744712682e-08, ""Q"": 0.8645976225809742, ""u1"": 9.694129992548037e-05}",695.1478533694495,696.5531319550174,915.9417765493369,917.3470551349047
primary,primary,NGC5055,28,C_k1_L,logsvt,4,1453.6308099287887,60.56795041369953,1463.3699403635712,1274.2342418174612,1466.9596279694895,1274.827315892854,10481845856.957396,3,4,1.0,logC;L,"{""B"": 5911.073835789529, ""C"": 1.5229979744712682e-08, ""L"": -99.99999997022351, ""u1"": 0.008585171196964095}",697.0896071913679,698.4948857769358,917.8835303712552,919.2888089568231
primary,primary,NGC5055,28,C_k1_L_Q,logsvt,5,1451.689052859787,63.116915341729865,1464.4163255870596,1275.2806270409496,1468.3500754106628,1276.2177633340273,772797051.6634165,2,5,0.9999973726034685,logC,"{""B"": 0.005617793129284672, ""C"": 1.5236827508219282e-08, ""L"": 1.4944544374413566, ""Q"": 0.8647421203243586, ""u1"": 0.00495079955273355}",698.1359924148563,699.8853332181092,918.9299155947436,920.6792563979965
primary,primary,NGC5055,28,C_k2,logsvt,3,541.0065116543557,21.640260466174226,548.0065116543557,358.8708131082458,551.0031251848812,358.87081310824567,82557744.68059061,3,3,0.9996625177081618,logC,"{""B"": 0.17918465698659805, ""C"": 1.5229979744770198e-08, ""u2"": 14.783338602224983}",-218.27382151784764,-217.46161700767243,2.5201016620396786,3.332306172214885
primary,primary,NGC5055,28,C_k2_Q,logsvt,4,387.4440534626169,16.143502227609037,397.18318389739954,208.04748535128962,400.77287150331773,208.6405594266822,108779789.21152759,3,4,0.9967504283727365,logC,"{""B"": 0.27169913273147495, ""C"": 1.5229979744712682e-08, ""Q"": 0.4530348320749997, ""u2"": 8.735736695680687}",-369.09714927480377,-367.69187068923594,-148.30322609491645,-146.89794750934863
primary,primary,NGC5055,28,C_k2_L,logsvt,4,182.1357319711452,7.58898883213105,191.8748624059278,2.7391638598178645,195.464550011846,3.3322379352104576,283656213.61056966,3,4,0.9968847777481081,logC,"{""B"": 0.38159185068904405, ""C"": 1.522997975339465e-08, ""L"": -0.8688498945545329, ""u2"": 10.047834089830712}",-574.4054707662756,-573.0001921807077,-353.6115475863882,-352.2062690008204
primary,primary,NGC5055,28,C_k2_L_Q,logsvt,5,182.13573534217676,7.91894501487725,194.86300806944948,5.727309523339557,198.79675789305278,6.664445816417242,3621985864.013385,3,5,0.9967608114038433,logC;logQ,"{""B"": 0.3815918525584973, ""C"": 1.522997984925823e-08, ""L"": -0.8688498887687633, ""Q"": 1.52299800134354e-08, ""u2"": 10.04783399393393}",-571.4173251027538,-569.6679842995009,-350.6234019228665,-348.87406111961354
primary,primary,NGC5055,28,C_k12,logsvt,4,541.0065150329494,22.541938126372894,550.7456454677321,361.60994692162217,554.3353330736503,362.20302099701473,2102339925.0319574,3,4,0.9994984985770089,logC;logu1,"{""B"": 0.17918465675858664, ""C"": 1.5229979749721112e-08, ""u1"": 1.5229979790056553e-08, ""u2"": 14.783338657569308}",-215.53468770447125,-214.12940911890337,5.259235475416062,6.664514060983947
primary,primary,NGC5055,28,C_k12_Q,logsvt,5,387.44405726959013,16.845393794330004,400.1713299968629,211.03563145075296,404.10507982046613,211.9727677438306,1575737978.9796987,3,5,0.9998168350369966,logC;logu1,"{""B"": 0.27169926029951585, ""C"": 1.522997974584359e-08, ""Q"": 0.4530354099356749, ""u1"": 1.5229979751235104e-08, ""u2"": 8.73573197247491}",-366.10900317534043,-364.35966237208754,-145.31507999545312,-143.56573919220023
primary,primary,NGC5055,28,C_k12_L,logsvt,5,182.1357334762513,7.918944933750056,194.863006203524,5.727307657414087,198.79675602712732,6.664443950491773,1536178275.599829,3,5,0.9998508206064352,logC;logu1,"{""B"": 0.38159185048411143, ""C"": 1.522997974475494e-08, ""L"": -0.8688498928458159, ""u1"": 1.5229979744894106e-08, ""u2"": 10.047834078597273}",-571.4173269686793,-569.6679861654263,-350.62340378879196,-348.874062985539
primary,primary,NGC5055,28,C_k12_L_Q,logsvt,6,182.13573684728294,8.278897129421951,198.13573684728294,9.00003830117302,202.12896390833416,9.996651831698614,2866039621.6606874,3,6,0.997981688583818,logC;logu1;logQ,"{""B"": 0.3815918548270422, ""C"": 1.5229979744754346e-08, ""L"": -0.8688498958990822, ""Q"": 1.5229979744723124e-08, ""u1"": 1.5229979744829662e-08, ""u2"": 10.04783392789988}",-568.1445963249204,-566.3357782842195,-347.35067314503306,-345.54185510433217
primary,primary,NGC5055,28,cored_log,cored_log,2,541.006409992316,20.807938845858306,545.486409992316,356.3507114462061,547.6708190126664,355.5385069360308,3.052745353206312,2,2,0.7332370512449755,,"{""H"": 0.7167386309426222, ""Rc"": 0.26008404276103064}",-220.79392317988732,-220.79392317988732,0.0,0.0
primary,primary,NGC5055,28,pISO,piso,2,761.8003331722033,29.30001281431551,766.2803331722033,577.1446346260934,768.4647421925537,576.3324301159181,4.017615066894382,2,2,0.8446948211959393,,"{""H"": 0.8996505618263144, ""Rc"": 0.15690690182887893}",0.0,0.0,220.79392317988732,220.79392317988732
primary,primary,NGC5055,28,NFW,nfw,2,1637.300260232461,62.97308693201773,1641.780260232461,1452.644561686351,1643.9646692528113,1451.8323571761757,8.605067161273611,2,2,0.9592312715681767,,"{""V200"": 0.9376401240850438, ""c"": 3.244487153155137}",875.4999270602576,875.4999270602576,1096.2938502401448,1096.2938502401448
primary,primary,NGC6946,58,baryons,logsvt,0,9334.659618124842,160.942407209049,9334.659618124842,9232.391420854668,9334.659618124842,9228.488716651756,,0,0,,,{},9228.049299366156,9224.146595163245,9232.391420854668,9228.488716651756
primary,primary,NGC6946,58,Q,logsvt,1,9334.659794798654,163.76596131225708,9336.731223370083,9234.46302609991,9338.7202378092,9232.549336336115,1.0,1,1,0.0,logQ,"{""Q"": 1.522998017177261e-08}",9230.120904611396,9228.207214847604,9234.46302609991,9232.549336336115
primary,primary,NGC6946,58,L,logsvt,1,203.60121338911551,3.571951112089746,205.6726419605441,103.40444469036993,207.66165639966192,101.49075492657673,1.0,1,1,0.0,,"{""L"": 0.9113225219406805}",99.06232320185723,97.14863343806402,103.40444469036991,101.49075492657671
primary,primary,NGC6946,58,L_Q,logsvt,2,137.06751753794197,2.447634241748964,141.28569935612379,39.017502085949616,145.1884035590348,39.017502085949616,12.079895027022465,2,2,0.955067144476685,,"{""L"": 1.1969598541050566, ""Q"": 0.5833229059381837}",34.67538059743691,34.67538059743691,39.0175020859496,39.0175020859496
primary,primary,NGC6946,58,k1,logsvt,2,148.28973696848303,2.6480310172943398,152.50791878666485,50.239721516490675,156.41062298957587,50.239721516490675,25.96209002592433,2,2,0.9967918998644651,,"{""B"": 0.8461813384179746, ""u1"": 0.7252899957739714}",45.89760002797797,45.89760002797797,50.23972151649066,50.23972151649066
primary,primary,NGC6946,58,k1_Q,logsvt,3,137.06751777804962,2.4921366868736294,143.51196222249408,41.24376495231991,149.24884680968887,43.077945336603676,466594719.45525646,2,3,0.9999999207492868,,"{""B"": 7220.674025655608, ""Q"": 0.583223671556533, ""u1"": 8.28842180515924e-05}",36.901643463807204,38.73582384809097,41.24376495231989,43.07794533660366
primary,primary,NGC6946,58,k1_L,logsvt,3,137.1661160785621,2.493929383246584,143.61056052300657,41.3423632528324,149.34744511020136,43.17654363711617,96370292.20906249,3,3,0.999999955885199,L,"{""B"": 8737.278098904297, ""L"": -99.999999972011, ""u1"": 0.005791128525468513}",37.000241764319696,38.834422148603466,41.342363252832385,43.176543637116154
primary,primary,NGC6946,58,k1_L_Q,logsvt,4,137.06751754265267,2.5382873619009754,145.82223452378474,43.55403725361057,153.30928958483835,47.13838811175316,402664045.59062845,2,4,0.9999792019843717,,"{""B"": 0.0011569797468661957, ""L"": 1.1969503089495204, ""Q"": 0.5833228577077989, ""u1"": 0.004123740941421514}",39.21191576509787,42.796266623240456,43.55403725361056,47.138388111753144
primary,primary,NGC6946,58,k2,logsvt,2,98.05001545199235,1.750893133071292,102.26819727017417,0.0,106.1709014730852,0.0,8.033956395405006,2,2,0.9178880133652552,,"{""B"": 0.15554689348027234, ""u2"": 11.393992987319479}",-4.342121488512703,-4.342121488512703,-1.4210854715202004e-14,-1.4210854715202004e-14
primary,primary,NGC6946,58,k2_Q,logsvt,3,97.97227226423068,1.7813140411678305,104.41671670867512,2.148519438500955,110.15360129586995,3.9826998227847525,333.5796187629974,3,3,0.9446173275665632,,"{""B"": 0.1591399474090909, ""Q"": 0.024451391410105442, ""u2"": 11.039881254390822}",-2.193602050011748,-0.3594216657279503,2.1485194385009407,3.9826998227847383
primary,primary,NGC6946,58,k2_L,logsvt,3,97.21722614534785,1.7675859299154155,103.6616705897923,1.3934733196181242,109.39855517698712,3.2276537039019217,25.44567368742736,3,3,0.9788812598375881,,"{""B"": 0.1762239165064991, ""L"": -0.10520268009886806, ""u2"": 10.826384302492855}",-2.9486481688945787,-1.114467784610781,1.39347331961811,3.2276537039019075
primary,primary,NGC6946,58,k2_L_Q,logsvt,4,97.21722634590391,1.800319006405628,105.97194332703599,3.7037460568618172,113.45899838808958,7.288096915004388,851275755.320799,3,4,0.9985360122157036,logQ,"{""B"": 0.1762239115316229, ""L"": -0.10520264447556046, ""Q"": 1.522997974476322e-08, ""u2"": 10.82638431343912}",-0.6383754316508856,2.9459754264916853,3.703746056861803,7.288096915004374
primary,primary,NGC6946,58,k12,logsvt,3,98.05001553449938,1.782727555172716,104.49445997894382,2.226262708769653,110.23134456613863,4.060443093053436,1150506417.8639536,2,3,0.9986049312124627,logu1,"{""B"": 0.1555468937515004, ""u1"": 1.5229979744712682e-08, ""u2"": 11.393992939795393}",-2.11585877974305,-0.28167839545926654,2.2262627087696387,4.060443093053422
primary,primary,NGC6946,58,k12_Q,logsvt,4,97.97227233887953,1.8143013396088803,106.72698932001161,4.458792049837442,114.21404438106521,8.043142907980013,938603544.7762947,3,4,0.9983745449201296,logu1,"{""B"": 0.15913993318645978, ""Q"": 0.024451301346885616, ""u1"": 1.522997974471728e-08, ""u2"": 11.039882729772545}",0.11667056132473874,3.7010214194673097,4.458792049837427,8.043142907979998
primary,primary,NGC6946,58,k12_L,logsvt,4,97.21722619326921,1.8003190035790595,105.97194317440129,3.7037459042271195,113.45899823545489,7.28809676236969,1083628745.9118652,3,4,0.9788812592788794,logu1,"{""B"": 0.17622390856485406, ""L"": -0.10520264316526447, ""u1"": 1.5229988467312363e-08, ""u2"": 10.826384592183743}",-0.6383755842855834,2.9459752738569875,3.7037459042271053,7.288096762369676
primary,primary,NGC6946,58,k12_L_Q,logsvt,5,97.21722639382524,1.8342872904495329,108.3710725476714,6.102875277497233,117.51944144655734,11.348539973472143,1298383793.904394,3,5,0.9955138373567656,logu1;logQ,"{""B"": 0.17622391102274368, ""L"": -0.10520264083545856, ""Q"": 1.5229979746527023e-08, ""u1"": 1.522997974479314e-08, ""u2"": 10.826384312901475}",1.7607537889845304,7.00641848495944,6.102875277497219,11.348539973472128
primary,primary,NGC6946,58,C,logsvt,1,1295.9541480081382,22.736037684353303,1298.0255765795669,1195.7573793093927,1300.0145910186845,1193.8436895455993,1.0,1,1,0.0,,"{""C"": 0.3458494012476299}",1191.41525782088,1189.5015680570866,1195.7573793093927,1193.8436895455993
primary,primary,NGC6946,58,C_Q,logsvt,2,1295.9541755672547,23.14203884941526,1300.1723573854365,1197.9041601152624,1304.0750615883476,1197.9041601152624,148228677.64876217,1,2,1.0,logQ,"{""C"": 0.34584940424136057, ""Q"": 1.5229979744712682e-08}",1193.5620386267497,1193.5620386267497,1197.9041601152624,1197.9041601152624
primary,primary,NGC6946,58,C_L,logsvt,2,198.8493985401033,3.550882116787559,203.0675803582851,100.79938308811094,206.97028456119614,100.79938308811094,42.25167836322566,2,2,0.9067829161168497,,"{""C"": 0.022186440108888487, ""L"": 0.8599598784325962}",96.45726159959824,96.45726159959824,100.79938308811093,100.79938308811093
primary,primary,NGC6946,58,C_L_Q,logsvt,3,137.06753022519524,2.492136913185368,143.5119746696397,41.24377739946553,149.2488592568345,43.0779577837493,98147180.96893696,3,3,0.9991398692490512,logC,"{""C"": 1.52299797447129e-08, ""L"": 1.1969597747350873, ""Q"": 0.5833228133354755}",36.901655910952826,38.735836295236595,41.243777399465515,43.077957783749284
primary,primary,NGC6946,58,C_k1,logsvt,3,148.28974783235125,2.696177233315477,154.7341922767957,52.46599500662154,160.4710768639905,54.30017539090531,155673309.0370408,2,3,0.9997169336671357,logC,"{""B"": 0.8461812392561929, ""C"": 1.5229979744745147e-08, ""u1"": 0.7252900724643668}",48.12387351810884,49.95805390239261,52.465995006621526,54.300175390905295
primary,primary,NGC6946,58,C_k1_Q,logsvt,4,137.06753041902707,2.538287600352353,145.82224740015914,43.55405012998497,153.30930246121275,47.13840098812756,396926662.522002,2,4,0.9999999360345938,logC,"{""B"": 8036.570541885102, ""C"": 1.5229979744712682e-08, ""Q"": 0.5832336823451433, ""u1"": 7.44695618875365e-05}",39.21192864147227,42.796279499614855,43.55405012998496,47.13840098812754
primary,primary,NGC6946,58,C_k1_L,logsvt,4,137.16612875590243,2.540113495479675,145.9208457370345,43.65264846686034,153.40790079808812,47.23699932500293,13557492239.444078,3,4,1.0,logC;L,"{""B"": 8737.280373526259, ""C"": 1.5229979744712682e-08, ""L"": -99.99999996367048, ""u1"": 0.005791127011022505}",39.31052697834764,42.894877836490224,43.65264846686033,47.23699932500291
primary,primary,NGC6946,58,C_k1_L_Q,logsvt,5,137.06753025347805,2.5861798161033596,148.22137640732421,45.953179137150045,157.36974530621015,51.198843833124954,330107383.6045884,3,5,0.9999460871469922,logC,"{""B"": 0.001540411063853326, ""C"": 1.5229979851117914e-08, ""L"": 1.196938755320768, ""Q"": 0.5833226622081783, ""u1"": 0.006821603114903383}",41.61105764863734,46.85672234461225,45.95317913715003,51.19884383312494
primary,primary,NGC6946,58,C_k2,logsvt,3,98.05002047577838,1.7827276450141525,104.49446492022282,2.226267650048655,110.23134950741763,4.060448034332438,102576921.97895843,2,3,0.9999460094159206,logC,"{""B"": 0.15554689173816358, ""C"": 1.522997974472399e-08, ""u2"": 11.393991993446205}",-2.115853838464048,-0.28167345418026457,2.2262676500486407,4.060448034332424
primary,primary,NGC6946,58,C_k2_Q,logsvt,4,97.97227712682688,1.814301428274572,106.72699410795896,4.458796837784789,114.21404916901255,8.04314769592736,106394543.47304386,3,4,0.9999964025093128,logC,"{""B"": 0.1591399517614305, ""C"": 1.5229979900162594e-08, ""Q"": 0.02445143450449818, ""u2"": 11.039879788885473}",0.11667534927208578,3.7010262074146567,4.458796837784774,8.043147695927345
primary,primary,NGC6946,58,C_k2_L,logsvt,4,97.21723018376922,1.8003190774772078,105.9719471649013,3.7037498947271246,113.45900222595489,7.2881007528696955,192343782.50040254,3,4,0.9788812578951746,logC,"{""B"": 0.1762239317742269, ""C"": 1.5229979744717824e-08, ""L"": -0.1052027622245903, ""u2"": 10.82638293191865}",-0.6383715937855783,2.9459792643569926,3.7037498947271104,7.288100752869681
primary,primary,NGC6946,58,C_k2_L_Q,logsvt,5,97.21723038432538,1.8342873657419883,108.37107653817154,6.102879267997366,117.51944543705747,11.348543963972276,1328322468.2662354,3,5,0.97888125434645,logC;logQ,"{""B"": 0.17622393194981104, ""C"": 1.5229979744716524e-08, ""L"": -0.10520274975248176, ""Q"": 1.5229979744836266e-08, ""u2"": 10.826382745022116}",1.7607577794846634,7.006422475459573,6.102879267997352,11.348543963972261
primary,primary,NGC6946,58,C_k12,logsvt,4,98.0500205582855,1.8157411214497314,106.80473753941757,4.536540269243403,114.29179260047117,8.120891127385974,834106901.7879441,2,4,0.9999445592900696,logC;logu1,"{""B"": 0.15554689246402267, ""C"": 1.5229980024131692e-08, ""u1"": 1.5229985092437642e-08, ""u2"": 11.393991843798045}",0.1944187807307003,3.778769638873271,4.536540269243389,8.12089112738596
primary,primary,NGC6946,58,C_k12_Q,logsvt,5,97.97227720147556,1.8485335321033125,109.12612335532172,6.857926085147554,118.27449225420766,12.103590781122463,998344097.5594876,3,5,1.0,logC;logu1,"{""B"": 0.15913993807504564, ""C"": 1.5229979744716037e-08, ""Q"": 0.024451341292668745, ""u1"": 1.522997974472134e-08, ""u2"": 11.039881084923621}",2.515804596634851,7.76146929260976,6.85792608514754,12.103590781122449
primary,primary,NGC6946,58,C_k12_L,logsvt,5,97.21723023169056,1.8342873628620862,108.37107638553672,6.102879115362555,117.51944528442266,11.348543811337464,991374599.7228849,3,5,0.9976897739451712,logC;logu1,"{""B"": 0.17622392354389163, ""C"": 1.5229979776820713e-08, ""L"": -0.10520272258181382, ""u1"": 1.5229981616962188e-08, ""u2"": 10.82638321345599}",1.760757626849852,7.006422322824761,6.102879115362541,11.34854381133745
primary,primary,NGC6946,58,C_k12_L_Q,logsvt,6,97.21723043224911,1.8695621236970983,110.86428925577852,8.596091985604346,121.57988849552763,15.408987022442432,1196139838.9408646,3,6,0.9954491678296394,logC;logu1;logQ,"{""B"": 0.17622393145846268, ""C"": 1.5229984770858572e-08, ""L"": -0.1052027485081314, ""Q"": 1.5230031567594768e-08, ""u1"": 1.523006813958828e-08, ""u2"": 10.826382806310953}",4.253970497091643,11.066865533929729,8.596091985604332,15.408987022442417
primary,primary,NGC6946,58,cored_log,cored_log,2,98.05001545199237,1.7508931330712922,102.26819727017418,1.4210854715202004e-14,106.17090147308521,1.4210854715202004e-14,5.193783597941149,2,2,0.91788800846356,,"{""H"": 0.6221875767565315, ""Rc"": 0.29625250358094296}",-4.342121488512689,-4.342121488512689,0.0,0.0
primary,primary,NGC6946,58,pISO,piso,2,102.39213694050505,1.828431016794733,106.61031875868687,4.342121488512703,110.5130229615979,4.342121488512703,6.783898091456842,2,2,0.9524032765185653,,"{""H"": 0.8301555657242607, ""Rc"": 0.1836560833533653}",0.0,0.0,4.342121488512689,4.342121488512689
primary,primary,NGC6946,58,NFW,nfw,2,146.52186030818154,2.6164617912175276,150.74004212636336,48.47184485618919,154.6427463292744,48.47184485618919,17.02017738009742,2,2,0.9928643201856773,,"{""V200"": 0.9462741481075848, ""c"": 5.432838934593201}",44.12972336767649,44.12972336767649,48.47184485618918,48.47184485618918
primary,primary,NGC7331,36,baryons,logsvt,0,8697.656375372997,241.60156598258325,8697.656375372997,8587.895969459654,8697.656375372997,8583.895412644286,,0,0,,,{},8556.898860807452,8554.095459294176,8558.452205311172,8555.648803797898
primary,primary,NGC7331,36,Q,logsvt,1,8697.656702698665,248.50447721996184,8699.774349757488,8590.013943844146,8701.240221637121,8587.47925890841,1.0,1,1,0.0,logQ,"{""Q"": 1.5229979757384394e-08}",8559.016835191944,8557.6793055583,8560.570179695664,8559.232650062022
primary,primary,NGC7331,36,L,logsvt,1,200.3572894133315,5.724493983238043,202.47493647215504,92.71453055881211,203.9408083517876,90.17984562307636,1.0,1,1,0.0,,"{""L"": 0.7090924559469991}",61.71742190661007,60.3798922729668,63.27076641033122,61.93323677668795
primary,primary,NGC7331,36,L_Q,logsvt,2,200.35729077171626,5.892861493285772,204.72092713535264,94.96052122200972,207.52432864862848,93.76336591991723,374183057.19223696,1,2,0.9999999999999999,logQ,"{""L"": 0.7090924668168367, ""Q"": 1.522997974744096e-08}",63.96341256980767,63.96341256980767,65.51675707352882,65.51675707352882
primary,primary,NGC7331,36,k1,logsvt,2,200.35830748107148,5.892891396502102,204.72194384470785,94.96153793136493,207.5253453579837,93.76438262927245,768376.312824865,2,2,0.9999999999966125,logB,"{""B"": 22026.465794806678, ""u1"": 1.6096552855960268e-05}",63.964429279162886,63.964429279162886,65.51777378288403,65.51777378288403
primary,primary,NGC7331,36,k1_Q,logsvt,3,200.35830883959648,6.071463904230196,207.10830883959648,97.34790292625355,211.1088656549648,97.34790292625355,1076570050.3202693,2,3,1.0,logB;logQ,"{""B"": 22026.465794282845, ""Q"": 1.5229979744712682e-08, ""u1"": 1.609655310040661e-05}",66.35079427405151,67.54794957614399,67.90413877777266,69.10129407986514
primary,primary,NGC7331,36,k1_L,logsvt,3,200.35728943813302,6.071433013276758,207.10728943813302,97.3468835247901,211.10784625350135,97.3468835247901,602940215.8527519,1,3,1.0,,"{""B"": 0.0006872786314397538, ""L"": 0.709091837853377, ""u1"": 0.0004498470447687459}",66.34977487258806,67.54693017468054,67.9031193763092,69.10027467840169
primary,primary,NGC7331,36,k1_L_Q,logsvt,4,200.35729087323696,6.261165339788655,209.64761345388212,99.8872075405392,214.6913666270614,100.93040389835015,907214293.3748038,1,4,1.0,,"{""B"": 0.029592659663228323, ""L"": 0.7090908820043179, ""Q"": 1.632575156504906e-08, ""u1"": 2.678472679657947e-05}",68.89009888833715,71.13045054824059,70.4434433920583,72.68379505196174
primary,primary,NGC7331,36,k2,logsvt,2,134.84053369818741,3.9658980499466887,139.2041700618238,29.443764148480867,142.00757157509963,28.246608846388384,10.977424635202803,2,2,0.9734325080777917,,"{""B"": 0.24109432122658098, ""u2"": 2.325242894092774}",-1.5533445037211777,-1.5533445037211777,-2.842170943040401e-14,-2.842170943040401e-14
primary,primary,NGC7331,36,k2_Q,logsvt,3,134.68933454982485,4.0814949863583285,141.43933454982485,31.678928636481928,145.43989136519318,31.678928636481928,311.8837620921181,3,3,0.9925733835360327,,"{""B"": 0.27828270569301605, ""Q"": 0.08007388435519396, ""u2"": 2.027185298862962}",0.6818199842798833,1.8789752863723663,2.2351644880010326,3.4323197900935156
primary,primary,NGC7331,36,k2_L,logsvt,3,103.01040591334292,3.1215274519194827,109.76040591334292,0.0,113.76096272871125,0.0,44.15850352482345,3,3,0.9738265744788249,,"{""B"": 0.5408742333197025, ""L"": -0.9521552591375131, ""u2"": 2.533640643280288}",-30.997108652202044,-29.79995335010956,-29.443764148480895,-28.246608846388412
primary,primary,NGC7331,36,k2_L_Q,logsvt,4,103.01040651047593,3.219075203452373,112.3007290911211,2.540323177778177,117.34448226430037,3.5835195355891187,1937410565.263958,3,4,0.9738265744500668,logQ,"{""B"": 0.5408742393054878, ""L"": -0.9521552523385748, ""Q"": 1.522997974471371e-08, ""u2"": 2.5336405943249685}",-28.456785474423867,-26.216433814520443,-26.903440970702718,-24.663089310799293
primary,primary,NGC7331,36,k12,logsvt,3,134.84053425671758,4.0860767956581086,141.59053425671758,31.830128343374653,145.5910910720859,31.830128343374653,699983177.3231349,2,3,0.9990174250427787,logu1,"{""B"": 0.2410943205303194, ""u1"": 1.5229981152986064e-08, ""u2"": 2.32524290874472}",0.8330196911726091,2.030174993265092,2.3863641948937584,3.5835194969862414
primary,primary,NGC7331,36,k12_Q,logsvt,4,134.6893351602226,4.209041723756957,143.97965774086776,34.21925182752484,149.02341091404705,35.2624481853358,951456094.113117,3,4,0.9999422641095658,logu1,"{""B"": 0.27828242698093814, ""Q"": 0.08007337473078828, ""u1"": 1.522997985435502e-08, ""u2"": 2.0271874452193654}",3.222143175322799,5.462494835226238,4.775487679043948,7.015839338947387
primary,primary,NGC7331,36,k12_L,logsvt,4,103.01040598608168,3.2190751870650525,112.30072856672685,2.5403226533839245,117.34448173990612,3.5835190111948663,2150457967.16551,3,4,0.9972042673543919,logu1,"{""B"": 0.5408742327102386, ""L"": -0.9521552462115691, ""u1"": 1.5230041742724203e-08, ""u2"": 2.5336406066116126}",-28.45678599881812,-26.216434338914695,-26.90344149509697,-24.663089835193546
primary,primary,NGC7331,36,k12_L_Q,logsvt,5,103.0104065832144,3.3229163413940133,115.0104065832144,5.250000669871483,120.92800127549495,7.167038546783701,3524199594.407898,3,5,0.9988183154577578,logu1;logQ,"{""B"": 0.5408742510584674, ""L"": -0.9521552884698291, ""Q"": 1.5229979744729835e-08, ""u1"": 1.522997974480629e-08, ""u2"": 2.533640594259239}",-25.74710798233056,-22.63291480332586,-24.193763478609412,-21.07957029960471
primary,primary,NGC7331,36,C,logsvt,1,1333.6053367236511,38.10300962067575,1335.7229837824746,1225.9625778691316,1337.1888556621072,1223.427892933396,1.0,1,1,0.0,,"{""C"": 0.4083753361193642}",1194.9654692169297,1193.6279395832864,1196.5188137206508,1195.1812840870075
primary,primary,NGC7331,36,C_Q,logsvt,2,1333.60537776695,39.22368758138088,1337.9690141305862,1228.2086082172432,1340.7724156438621,1227.0114529151508,114274492.6650701,1,2,0.9999999999999999,logQ,"{""C"": 0.4083753427879145, ""Q"": 1.5229979744715008e-08}",1197.2114995650413,1197.2114995650413,1198.7648440687624,1198.7648440687624
primary,primary,NGC7331,36,C_L,logsvt,2,200.35730569505608,5.8928619322075315,204.72094205869246,94.96053614534954,207.5243435719683,93.76338084325705,112208867.06719941,1,2,1.0,logC,"{""C"": 1.52299797447129e-08, ""L"": 0.7090924322745075}",63.96342749314749,63.96342749314749,65.51677199686864,65.51677199686864
primary,primary,NGC7331,36,C_L_Q,logsvt,3,200.35730705344147,6.071433547073984,207.10730705344147,97.34690114009855,211.1078638688098,97.34690114009855,577418822.7925845,1,3,1.0,logC;logQ,"{""C"": 1.5229979751811728e-08, ""L"": 0.7090924433595347, ""Q"": 1.522997977039006e-08}",66.34979248789651,67.54694778998899,67.90313699161766,69.10029229371014
primary,primary,NGC7331,36,C_k1,logsvt,3,200.35832376304674,6.071464356455962,207.10832376304674,97.34791784970382,211.10888057841507,97.34791784970382,210841003.9392689,2,3,1.0,logC;logB,"{""B"": 22026.465794806052, ""C"": 1.5229979744712682e-08, ""u1"": 1.6096552326279852e-05}",66.35080919750177,67.54796449959426,67.90415370122292,69.10130900331541
primary,primary,NGC7331,36,C_k1_Q,logsvt,4,200.3583251215721,6.261197660049128,209.64864770221726,99.88824178887434,214.69240087539654,100.9314381466853,1784978114.7415237,2,4,1.0,logC;logB;logQ,"{""B"": 22026.46579467435, ""C"": 1.5229979744712682e-08, ""Q"": 1.5229979744712682e-08, ""u1"": 1.6096552567582703e-05}",68.8911331366723,71.13148479657573,70.44447764039344,72.68482930029688
primary,primary,NGC7331,36,C_k1_L,logsvt,4,200.35730569505918,6.261165802970599,209.64762827570434,99.88722236236141,214.69138144888362,100.93041872017237,,1,2,1.0,logC,"{""B"": 2.1119078580993821e-07, ""C"": 1.5229981345737715e-08, ""L"": 0.7090924427166012, ""u1"": 7.900081859670775e-08}",68.89011371015937,71.13046537006281,70.44345821388052,72.68380987378396
primary,primary,NGC7331,36,C_k1_L_Q,logsvt,5,200.3573070534417,6.4631389372077965,212.3573070534417,102.59690114009878,218.27490174572225,104.513939017011,4.972030614864933e+26,1,3,1.0,logC;logQ,"{""B"": 3.783994956220521e-07, ""C"": 1.5229979744712682e-08, ""L"": 0.7090924434072569, ""Q"": 1.5229979744763e-08, ""u1"": 2.1270403979223664e-06}",71.59979248789674,74.71398566690144,73.15313699161788,76.26733017062259
primary,primary,NGC7331,36,C_k2,logsvt,3,134.84054573545,4.0860771434984855,141.59054573545,31.830139822107085,145.59110255081833,31.830139822107085,119313967.32851954,2,3,0.9999137814143048,logC,"{""B"": 0.24109431956804106, ""C"": 1.522997974471382e-08, ""u2"": 2.325242768591987}",0.8330311699050412,2.0301864719975242,2.3863756736261905,3.5835309757186735
primary,primary,NGC7331,36,C_k2_Q,logsvt,4,134.68934641236999,4.209042075386562,143.97966899301514,34.21926307967222,149.02342216619442,35.26245943748317,151357735.4767989,3,4,0.999957271651049,logC,"{""B"": 0.27828249089955404, ""C"": 1.5229979744712682e-08, ""Q"": 0.08007347787827032, ""u2"": 2.0271867828787826}",3.2221544274701728,5.462506087373612,4.775498931191322,7.015850591094761
primary,primary,NGC7331,36,C_k2_L,logsvt,4,103.01041089843068,3.2190753405759587,112.30073347907584,2.540327565732923,117.34448665225511,3.583523923543865,688970870.0003433,3,4,0.994161629286899,logC,"{""B"": 0.5408742537751935, ""C"": 1.5229979745171245e-08, ""L"": -0.9521553209538249, ""u2"": 2.5336405616297997}",-28.45678108646912,-26.216429426565696,-26.903436582747972,-24.663084922844547
primary,primary,NGC7331,36,C_k2_L_Q,logsvt,5,103.01041149556376,3.3229164998568956,115.01041149556376,5.250005582220837,120.9280061878443,7.167043459133055,3784666450.1086817,3,5,0.9948985507947785,logC;logQ,"{""B"": 0.5408742573901052, ""C"": 1.5229979881028143e-08, ""L"": -0.9521553107226108, ""Q"": 1.5229980099783103e-08, ""u2"": 2.5336405261632273}",-25.747103069981208,-22.632909890976507,-24.19375856626006,-21.079565387255357
primary,primary,NGC7331,36,C_k12,logsvt,4,134.8405462939802,4.213767071686881,144.13086887462535,34.37046296128243,149.17462204780463,35.413659319093384,1138201515.9310684,2,4,0.9999172172079435,logC;logu1,"{""B"": 0.24109432088210886, ""C"": 1.5229979744712682e-08, ""u1"": 1.5229979744712735e-08, ""u2"": 2.3252427442405383}",3.3733543090803835,5.6137059689838225,4.926698812801533,7.167050472704972
primary,primary,NGC7331,36,C_k12_Q,logsvt,5,134.68934702277787,4.34481764589606,146.68934702277787,36.928941109434945,152.6069417150584,38.84597898634716,1018250146.6952056,3,5,1.0,logC;logu1,"{""B"": 0.27828235052485023, ""C"": 1.522997978153377e-08, ""Q"": 0.0800732181666116, ""u1"": 1.5229979995066246e-08, ""u2"": 2.0271878510052375}",5.9318324572329,9.046025636237601,7.48517696095405,10.59937013995875
primary,primary,NGC7331,36,C_k12_L,logsvt,5,103.01041097116928,3.3229164829409443,115.01041097116928,5.250005057826357,120.92800566344982,7.167042934738575,1850797309.031303,3,5,0.9993955007284999,logC;logu1,"{""B"": 0.5408742684226742, ""C"": 1.5229979744748936e-08, ""L"": -0.9521553513163945, ""u1"": 1.522997976885973e-08, ""u2"": 2.5336405134725095}",-25.747103594375687,-22.632910415370986,-24.193759090654538,-21.079565911649837
primary,primary,NGC7331,36,C_k12_L_Q,logsvt,6,103.01041156830215,3.4336803856100717,117.90696329244008,8.14655737909716,124.5115251990388,10.750562470327552,3462320231.509587,3,6,0.9993312512510736,logC;logu1;logQ,"{""B"": 0.5408742778095875, ""C"": 1.5229979745438808e-08, ""L"": -0.9521553681257359, ""Q"": 1.5229979752076317e-08, ""u1"": 1.5229979822484306e-08, ""u2"": 2.533640507991918}",-22.850551273104884,-19.04939087978201,-21.297206769383735,-17.49604637606086
primary,primary,NGC7331,36,cored_log,cored_log,2,134.84053369818744,3.9658980499466896,139.20417006182382,29.443764148480895,142.00757157509966,28.246608846388412,8.620826805501013,2,2,0.9734325099163076,,"{""H"": 0.9643772876847209, ""Rc"": 0.6557915824785586}",-1.5533445037211493,-1.5533445037211493,0.0,0.0
primary,primary,NGC7331,36,pISO,piso,2,136.3938782019086,4.011584652997311,140.75751456554497,30.997108652202044,143.5609160788208,29.79995335010956,10.831332763141312,2,2,0.9830963172852116,,"{""H"": 1.4028449679851993, ""Rc"": 0.44141620092805267}",0.0,0.0,1.5533445037211493,1.5533445037211493
primary,primary,NGC7331,36,NFW,nfw,2,204.51625494683861,6.015183969024665,208.879891310475,99.11948539713207,211.68329282375083,97.92233009503958,100.63809902218412,2,2,0.999761010019233,logc,"{""V200"": 2.5699862417387336, ""c"": 1.000000000000002}",68.12237674493002,68.12237674493002,69.67572124865117,69.67572124865117
primary,primary,NGC7793,46,baryons,logsvt,0,682.2270238716352,14.831022258079026,682.2270238716352,650.9301222347868,682.2270238716352,644.5911664049281,,0,0,,,{},635.3983780498222,632.0201650242859,632.0759416489482,628.6977286234119
primary,primary,NGC7793,46,Q,logsvt,1,682.2270324476378,15.160600721058618,684.317941538547,653.0210399016986,686.0556738441269,648.4198163774197,1.0,1,1,0.0,logQ,"{""Q"": 1.5229979787355494e-08}",637.489295716734,635.8488149967776,634.1668593158599,632.5263785959035
primary,primary,NGC7793,46,L,logsvt,1,81.41650457729618,1.8092556572732486,83.50741366820527,52.210512031356956,85.24514597378527,47.60928850707813,1.0,1,1,0.0,,"{""L"": 1.6984692960725287}",36.67876784639229,35.03828712643596,33.35633144551822,31.715850725561893
primary,primary,NGC7793,46,L_Q,logsvt,2,30.97693969218055,0.704021356640467,35.25600945962241,3.95910782277409,38.634222485158745,0.998365018451608,5.019853068667912,2,2,0.913602162957373,,"{""L"": 2.9007865811978966, ""Q"": 1.89652400445978}",-11.572636362190572,-11.572636362190565,-14.89507276306464,-14.895072763064633
primary,primary,NGC7793,46,k1,logsvt,2,40.808719061737676,0.9274708877667653,45.08778882917954,13.790887192331216,48.46600185471587,10.830144388008733,8.326991952899323,2,2,0.9649879500570654,,"{""B"": 1.0150124075777665, ""u1"": 1.5580913336715914}",-1.7408569926334465,-1.7408569926334394,-5.063293393507514,-5.063293393507507
primary,primary,NGC7793,46,k1_Q,logsvt,3,30.97693977844259,0.7203939483358741,37.548368349871154,6.2514667130228325,42.462863967909875,4.827006501202739,248905082.85273606,2,3,0.9999999791537754,,"{""B"": 18077.446027595746, ""Q"": 1.8962912749884215, ""u1"": 8.02322012227867e-05}",-9.28027747194183,-7.743994879439434,-12.602713872815897,-11.066431280313502
primary,primary,NGC7793,46,k1_L,logsvt,3,31.140751031301047,0.7242035123558384,37.71217960272962,6.415277965881298,42.626675220768334,4.990817754061197,6400989.421509838,3,3,0.9999981581952184,L,"{""B"": 2739.3329652039906, ""L"": -99.99999999996537, ""u1"": 0.018783000739621348}",-9.116466219083364,-7.580183626580975,-12.438902619957432,-10.902620027455043
primary,primary,NGC7793,46,k1_L_Q,logsvt,4,30.976939692478435,0.7375461831542485,39.952549448576,8.655647811727679,46.29150527843481,8.655647811727675,518243495.639251,2,4,0.999999957781122,,"{""B"": 0.004304749794458829, ""L"": 2.9007697310109553, ""Q"": 1.8965239896427768, ""u1"": 0.0019586215803171817}",-6.876096373236983,-3.9153535689144974,-10.198532774111051,-7.237789969788565
primary,primary,NGC7793,46,k2,logsvt,2,45.87201245524519,1.0425457376192089,50.15108222268705,18.85418058583873,53.52929524822338,15.89343778151624,4.906738647773035,2,2,0.7876326581829802,,"{""B"": 0.2884267938969155, ""u2"": 20.630155061491692}",3.322436400874068,3.322436400874068,0.0,0.0
primary,primary,NGC7793,46,k2_Q,logsvt,3,43.39624652425596,1.0092150354478129,49.96767509568453,18.670773458836205,54.88217071372324,17.246313247016104,19.839644821314398,3,3,0.9671132202004247,,"{""B"": 0.5118845478992003, ""Q"": 0.9086594374120411, ""u2"": 7.995035604538042}",3.139029273871543,4.6753118663739315,-0.18340712700252482,1.3528754654998636
primary,primary,NGC7793,46,k2_L,logsvt,3,44.60231933474023,1.037263240342796,51.1737479061688,19.876846269320477,56.08824352420751,18.452386057500377,10.162644505679928,3,3,0.9355554790648675,,"{""B"": 0.19555172851310593, ""L"": 0.4267837689328034, ""u2"": 32.318804500109245}",4.3451020843558155,5.881384676858204,1.0226656834817476,2.558948275984136
primary,primary,NGC7793,46,k2_L_Q,logsvt,4,22.32129188075076,0.5314593304940657,31.29690163684832,0.0,37.63585746670714,0.0,913.806099282466,4,4,0.9992824774371978,,"{""B"": 6.206479371201789, ""L"": 2.104269449354205, ""Q"": 8.043258995160745, ""u2"": 0.3701836812866737}",-15.531744184964662,-12.571001380642173,-18.85418058583873,-15.89343778151624
primary,primary,NGC7793,46,k12,logsvt,3,36.71389464324228,0.8538115033312157,43.285323214670846,11.988421577822525,48.19981883270956,10.563961366002424,13.548535965435837,3,3,0.9569080083864339,,"{""B"": 0.3554327485151524, ""u1"": 2.636205072491758, ""u2"": 10.301757823296931}",-3.5433226071421373,-2.007040014639749,-6.865759008016205,-5.329476415513817
primary,primary,NGC7793,46,k12_Q,logsvt,4,22.476965175707104,0.5351658375168358,31.452574931804666,0.15567329495634397,37.79153076166348,0.15567329495634397,6821.463560126274,4,4,0.9999215302452054,,"{""B"": 59.600978859641856, ""Q"": 21.557937817848252, ""u1"": 0.017856378859123372, ""u2"": 0.09525490271605065}",-15.376070890008318,-12.415328085685829,-18.698507290882386,-15.737764486559897
primary,primary,NGC7793,46,k12_L,logsvt,4,23.26134351151455,0.5538415121789179,32.23695326761211,0.9400516307637865,38.57590909747093,0.9400516307637901,1292652.9649121403,4,4,0.9999185404225459,L,"{""B"": 181.26595524319214, ""L"": -99.99999999999919, ""u1"": 0.2812425680550237, ""u2"": 0.043578276345838544}",-14.591692554200876,-11.630949749878383,-17.914128955074943,-14.95338615075245
primary,primary,NGC7793,46,k12_L_Q,logsvt,5,22.321291917159538,0.544421754077062,33.82129191715954,2.52439028031122,41.46449889960502,3.828641432897882,3682292342.325594,4,5,0.9992824837530647,logu1,"{""B"": 6.206613003674059, ""L"": 2.104269893224955, ""Q"": 8.04333948212402, ""u1"": 1.5230165543011178e-08, ""u2"": 0.37017878092753115}",-13.007353904653442,-8.74235994774429,-16.32979030552751,-12.064796348618358
primary,primary,NGC7793,46,C,logsvt,1,306.0334122033924,6.80074249340872,308.12432129430147,276.82741965745316,309.8620535998815,272.22619613317437,1.0,1,1,0.0,,"{""C"": 0.37280828091100465}",261.2956754724885,259.6551947525322,257.97323907161444,256.33275835165813
primary,primary,NGC7793,46,C_Q,logsvt,2,306.03341599262865,6.955304908923378,310.3124857600705,279.0155841232222,313.69069878560686,276.0548413188997,101027723.86205843,1,2,1.0,logQ,"{""C"": 0.37280827432870967, ""Q"": 1.5229979800932697e-08}",263.4838399382575,263.4838399382576,260.1614035373834,260.1614035373835
primary,primary,NGC7793,46,C_L,logsvt,2,73.89588957674553,1.6794520358351257,78.17495934418739,46.87805770733907,81.55317236972373,43.91731490301659,4.45690336382082,2,2,0.6003915285004483,,"{""C"": 0.0660739203577282, ""L"": 1.5124266270722753}",31.346313522374402,31.346313522374416,28.023877121500334,28.023877121500348
primary,primary,NGC7793,46,C_L_Q,logsvt,3,30.976941953794984,0.7203939989254647,37.548370525223554,6.251468888375232,42.46286614326227,4.827008676555131,40079385.18199036,3,3,0.9938253731872343,logC,"{""C"": 1.522997974471447e-08, ""L"": 2.9007864727465957, ""Q"": 1.8965238976058376}",-9.28027529658943,-7.7439927040870415,-12.602711697463498,-11.06642910496111
primary,primary,NGC7793,46,C_k1,logsvt,3,40.80872114046974,0.9490400265225521,47.38014971189831,16.08324807504999,52.294645329937026,14.65878786322989,60660775.30578487,3,3,0.9987626865491656,logC,"{""B"": 1.0150122858750081, ""C"": 1.5229979744712682e-08, ""u1"": 1.5580915766615646}",0.5515038900853284,2.087786482587717,-2.7709325107887395,-1.234649918286351
primary,primary,NGC7793,46,C_k1_Q,logsvt,4,30.976942036517944,0.7375462389647129,39.9525517926155,8.65565015576718,46.29150762247433,8.65565015576719,290718951.70754695,3,4,0.9999999800113918,logC,"{""B"": 18460.11965159248, ""C"": 1.5229979744712682e-08, ""Q"": 1.8962959907918304, ""u1"": 7.85690049525522e-05}",-6.876094029197482,-3.915351224874982,-10.19853043007155,-7.23778762574905
primary,primary,NGC7793,46,C_k1_L,logsvt,4,31.140753292627263,0.7414465069673157,40.11636304872483,8.819461411876507,46.45531887858364,8.819461411876503,4049155049.5688515,3,4,1.0,logC;L,"{""B"": 2739.3331021820863, ""C"": 1.5229979744712682e-08, ""L"": -99.99999999994904, ""u1"": 0.01878299978146223}",-6.712282773088155,-3.7515399687656696,-10.034719173962223,-7.0739763696397375
primary,primary,NGC7793,46,C_k1_L_Q,logsvt,5,30.976941953935718,0.7555351696081882,42.47694195393572,11.1800403170874,50.1201489363812,12.484291469674062,451930548.5009269,3,5,0.9999998032106352,logC,"{""B"": 0.00030117934609481, ""C"": 1.5230127528633053e-08, ""L"": 2.9007843513899245, ""Q"": 1.8965238748497637, ""u1"": 0.0035017993004487634}",-4.351703867877262,-0.08670991096811065,-7.67414026875133,-3.4091463118421785
primary,primary,NGC7793,46,C_k2,logsvt,3,41.547933895304325,0.9662310208210309,48.119362466732895,16.822460829884573,53.03385808477161,15.398000618064472,9.648039990990428,3,3,0.7036064728493885,,"{""B"": 0.2949801712257383, ""C"": 0.055335028233409626, ""u2"": 14.139908077364664}",1.290716644919911,2.8269992374222994,-2.031719755954157,-0.49543716345176847
primary,primary,NGC7793,46,C_k2_Q,logsvt,4,31.210174056036518,0.7430993822865838,40.18578381213408,8.888882175285762,46.524739641992895,8.888882175285758,43.43237508028589,4,4,0.9926452057719227,,"{""B"": 1.0634774452701856, ""C"": 0.08447374023720804, ""Q"": 2.3997252952090617, ""u2"": 2.7359989351040848}",-6.6428620096789,-3.6821192053564147,-9.965298410552968,-7.004555606230483
primary,primary,NGC7793,46,C_k2_L,logsvt,4,40.514521573191765,0.9646314660283754,49.490131329289326,18.193229692441005,55.829087159148145,18.193229692441008,24.00091935594224,4,4,0.9802317292782313,,"{""B"": 0.4382013254625392, ""C"": 0.08442612937395083, ""L"": -0.6067810196607648, ""u2"": 10.013259302176072}",2.6614855074763426,5.622228311798835,-0.6609508933977253,2.2997919109247675
primary,primary,NGC7793,46,C_k2_L_Q,logsvt,5,22.321292338045247,0.544421764342567,33.82129233804525,2.524390701196925,41.464499320490724,3.828641853783587,291753404.0010825,4,5,0.9998764273908204,logC,"{""B"": 6.206488556543914, ""C"": 1.5229979744712682e-08, ""L"": 2.104269346087382, ""Q"": 8.043264551377654, ""u2"": 0.3701833555348789}",-13.007353483767737,-8.742359526858586,-16.329789884641805,-12.064795927732654
primary,primary,NGC7793,46,C_k12,logsvt,4,36.71389542477719,0.8741403672565998,45.689505180874754,14.392603544026432,52.02846101073357,14.392603544026436,78289965.95052287,4,4,0.9569076161012833,logC,"{""B"": 0.35543200248278073, ""C"": 1.5229979744712682e-08, ""u1"": 2.636197578947226, ""u2"": 10.301836466583778}",-1.1391406409382299,1.821602163384263,-4.461577041812298,-1.500834237489805
primary,primary,NGC7793,46,C_k12_Q,logsvt,5,22.476965684494466,0.5482186752315723,33.976965684494466,2.6800640476461446,41.62017266693994,3.984315200232807,939956931.9639257,4,5,1.0,logC,"{""B"": 59.60148008335131, ""C"": 1.5229979744712682e-08, ""Q"": 21.5580334122002, ""u1"": 0.01785622936996411, ""u2"": 0.09525449514433262}",-12.851680137318517,-8.586686180409366,-16.174116538192585,-11.909122581283434
primary,primary,NGC7793,46,C_k12_L,logsvt,5,23.261343867026586,0.5673498504152826,34.76134386702658,3.4644422301782605,42.40455084947206,4.768693382764923,3821328255.2528615,4,5,1.0,logC;L,"{""B"": 181.26591982114184, ""C"": 1.5229979744712682e-08, ""L"": -99.99999999999999, ""u1"": 0.28124262150744866, ""u2"": 0.043578295555073296}",-12.067301954786402,-7.80230799787725,-15.38973835566047,-11.124744398751318
primary,primary,NGC7793,46,C_k12_L_Q,logsvt,6,22.32129237445142,0.5580323093612856,36.47513852829757,5.178236891449249,45.29314075338599,7.6572832866788545,3358205043.469492,4,6,0.9998796643516221,logC;logu1,"{""B"": 6.206542693896328, ""C"": 1.5229980312486546e-08, ""L"": 2.1042693547833182, ""Q"": 8.043297170700438, ""u1"": 1.523053773113935e-08, ""u2"": 0.37018138056012856}",-10.353507293515413,-4.913718093963318,-13.675943694389481,-8.236154494837386
primary,primary,NGC7793,46,cored_log,cored_log,2,45.87201245524519,1.0425457376192089,50.15108222268705,18.85418058583873,53.52929524822338,15.89343778151624,3.1057125126507628,2,2,0.787632588663147,,"{""H"": 1.1537067977724915, ""Rc"": 0.22016511090213337}",3.322436400874068,3.322436400874068,0.0,0.0
primary,primary,NGC7793,46,pISO,piso,2,42.54957605437112,0.9670358194175255,46.828645821812984,15.531744184964662,50.20685884734931,12.571001380642173,3.6849549296025947,2,2,0.8357071215344125,,"{""H"": 1.3260859521965476, ""Rc"": 0.11179330125457217}",0.0,0.0,-3.322436400874068,-3.322436400874068
primary,primary,NGC7793,46,NFW,nfw,2,39.23999364965376,0.891818037492131,43.51906341709562,12.222161780247301,46.89727644263195,9.261418975924812,6.258100652447195,2,2,0.9462670885343897,,"{""V200"": 0.9196518565962176, ""c"": 12.202563908301741}",-3.3095824047173608,-3.3095824047173608,-6.632018805591429,-6.632018805591429
primary,light,DDO154,12,baryons,logsvt,0,72680.25605150506,6056.688004292088,72680.25605150506,72662.93780849293,72680.25605150506,72666.32592185897,,0,0,,,{},72653.691928018,72654.05544805176,72662.71164056938,72663.07516060314
primary,light,DDO154,12,Q,logsvt,1,72680.25773036039,6607.29615730549,72682.65773036038,72665.33948734826,72682.74263701017,72668.81250736408,1.0,1,1,0.0,logQ,"{""Q"": 1.5229979755222627e-08}",72656.09360687333,72656.54203355688,72665.11331942471,72665.56174610826
primary,light,DDO154,12,L,logsvt,1,223.7139428132863,20.33763116484421,226.11394281328631,208.7956998011682,226.1988494630743,212.26871981698113,1.0,1,1,0.0,,"{""L"": 1.4572223467713277}",199.5498193262287,199.99824600977402,208.56953187761044,209.01795856115578
primary,light,DDO154,12,L_Q,logsvt,2,83.51056273099088,8.351056273099088,88.84389606432421,71.52565305220612,88.48037603056689,74.55024638447371,12.784191075036846,2,2,0.9780609487696277,,"{""L"": 1.891594209779003, ""Q"": 0.6970823362934095}",62.27977257726659,62.2797725772666,71.29948512864834,71.29948512864836
primary,light,DDO154,12,k1,logsvt,2,104.07867665239999,10.40786766524,109.41200998573332,92.09376697361523,109.048489951976,95.11836030588282,37.809436224649986,2,2,0.9984885902011489,,"{""B"": 1.801312667005294, ""u1"": 0.5387165905294833}",82.8478864986757,82.8478864986757,91.86759905005745,91.86759905005746
primary,light,DDO154,12,k1_Q,logsvt,3,83.51056311106727,9.278951456785252,92.51056311106727,75.19232009894918,90.96528306043128,77.0351534143381,1688481644.520326,2,3,0.999999964440797,,"{""B"": 16910.38055510264, ""Q"": 0.6969765781629849, ""u1"": 5.5929972283562485e-05}",65.94643962400966,64.76467960713099,74.9661521753914,73.78439215851274
primary,light,DDO154,12,k1_L,logsvt,3,83.81819454982377,9.313132727758196,92.81819454982377,75.49995153770568,91.27291449918778,77.3427848530946,96959400.31060085,3,3,0.9999999526134743,L,"{""B"": 7398.652305316672, ""L"": -99.99999999030753, ""u1"": 0.006885879919067311}",66.25407106276614,65.07231104588749,75.2737836141479,74.09202359726925
primary,light,DDO154,12,k1_L_Q,logsvt,4,83.5105629591234,10.438820369890426,97.22484867340911,79.90660566129102,93.45018955827541,79.52005991218223,281985079.2174545,2,4,0.9999919005725867,,"{""B"": 0.006444190546288795, ""L"": 1.8915100209971125, ""Q"": 0.6970817889287452, ""u1"": 0.0065321614973329846}",70.6607251863515,67.24958610497512,79.68043773773324,76.26929865635688
primary,light,DDO154,12,k2,logsvt,2,12.21107760234256,1.221107760234256,17.54441093567589,0.2261679235578029,17.18089090191856,3.250761255825381,11.198721155253997,2,2,0.958332658328642,,"{""B"": 0.3330960119062103, ""u2"": 5.742945438918593}",-9.01971255138173,-9.01971255138173,2.4868995751603507e-14,2.4868995751603507e-14
primary,light,DDO154,12,k2_Q,logsvt,3,8.31824301211809,0.9242492235686767,17.31824301211809,0.0,15.772962961482092,1.8428333153889138,120.81595569438278,3,3,0.9788311888238793,,"{""B"": 0.3974038769810527, ""Q"": 0.23004077565478356, ""u2"": 4.549102772024065}",-9.245880474939533,-10.427640491818197,-0.22616792355777804,-1.4079279404364424
primary,light,DDO154,12,k2_L,logsvt,3,11.435303738377494,1.270589304264166,20.435303738377492,3.1170607262594032,18.890023687741497,4.959894041648319,41.7417831983466,3,3,0.9835727857400006,,"{""B"": 0.36312832577358156, ""L"": -0.11372467715917747, ""u2"": 5.552825943678441}",-6.1288197486801295,-7.310579765558792,2.890892802701625,1.7091327858229626
primary,light,DDO154,12,k2_L_Q,logsvt,4,4.330825304432819,0.5413531630541024,18.045111018718533,0.7268680066004443,14.27045190358482,0.3403222574916427,135.3363740112305,4,4,0.9820268462638667,,"{""B"": 0.40840622224704126, ""L"": 0.5448928427983257, ""Q"": 0.7267737641392483, ""u2"": 2.9444089821009922}",-8.519012468339088,-11.930151549715468,0.5007000830426662,-2.9104389983337136
primary,light,DDO154,12,k12,logsvt,3,12.211077608703409,1.3567864009670454,21.21107760870341,3.8928345965853204,19.66579755806741,5.735667911974232,2572362477.4823685,2,3,0.9995435598639746,logu1,"{""B"": 0.33309601285897106, ""u1"": 1.5230059657634094e-08, ""u2"": 5.742945401510458}",-5.353045878354212,-6.5348058952328785,3.6666666730275423,2.484906656148876
primary,light,DDO154,12,k12_Q,logsvt,4,4.154336480275248,0.519292060034406,17.868622194560963,0.5503791824428745,14.09396307942725,0.1638334333340712,188.13378171508649,4,4,0.9929646515918249,,"{""B"": 0.6106953117515646, ""Q"": 0.6289652051918241, ""u1"": 0.39332745438636574, ""u2"": 2.3554862234672362}",-8.695501292496658,-12.10664037387304,0.3242112588850965,-3.086927822491285
primary,light,DDO154,12,k12_L,logsvt,4,3.990503046941177,0.49881288086764713,17.70478876122689,0.3865457491088016,13.930129646093178,0.0,1498.0346268150502,4,4,0.998525263607159,,"{""B"": 1.8112346163358723, ""L"": -2.924833033138578, ""u1"": 0.9109859008722723, ""u2"": 1.2937834221158202}",-8.859334725830731,-12.270473807207111,0.16037782555102353,-3.2507612558253562
primary,light,DDO154,12,k12_L_Q,logsvt,5,3.9905030490549,0.5700718641507,23.9905030490549,6.672260036936812,16.415036297994902,2.484906651901724,5493501247.399009,4,5,0.999948404611137,,"{""B"": 1.8112355082892566, ""L"": -2.9248343378797093, ""Q"": 6.638166531196887e-08, ""u1"": 0.9109858458449165, ""u2"": 1.2937828292957019}",-2.5736204380027203,-9.785567155305387,6.446092113379034,-0.765854603923632
primary,light,DDO154,12,C,logsvt,1,2089.879185855807,189.98901689598245,2092.279185855807,2074.960942843689,2092.364092505595,2078.433962859502,1.0,1,1,0.0,,"{""C"": 0.8366583504531668}",2065.7150623687494,2066.163489052295,2074.7347749201313,2075.1832016036765
primary,light,DDO154,12,C_Q,logsvt,2,2089.8792273838703,208.98792273838703,2095.212560717204,2077.8943177050855,2094.849040683446,2080.918911037353,310714492.57338285,1,2,1.0,logQ,"{""C"": 0.8366583570447502, ""Q"": 1.5229979744712682e-08}",2068.648437230146,2068.648437230146,2077.668149781528,2077.6681497815275
primary,light,DDO154,12,C_L,logsvt,2,197.20018651844876,19.720018651844875,202.5335198517821,185.215276839664,202.16999981802476,188.23987017193159,24.808769578072,2,2,0.9568361711859721,,"{""C"": 0.0797654177723629, ""L"": 1.3213185892937775}",175.96939636472447,175.96939636472447,184.98910891610623,184.98910891610623
primary,light,DDO154,12,C_L_Q,logsvt,3,83.51057232550883,9.278952480612093,92.51057232550883,75.19232931339074,90.96529227487284,77.03516262877966,231987032.98252928,2,3,0.9983753831751796,logC,"{""C"": 1.5229979744712682e-08, ""L"": 1.8915941505038858, ""Q"": 0.6970822830169241}",65.9464488384512,64.76468882157255,74.96616138983296,73.7844013729543
primary,light,DDO154,12,C_k1,logsvt,3,104.07868432079809,11.564298257866454,113.07868432079809,95.76044130868,111.5334042701621,97.60327462406892,505312025.8776101,2,3,0.9998640503395748,logC,"{""B"": 1.8013128462915216, ""C"": 1.522997974523201e-08, ""u1"": 0.5387165065381463}",86.51456083374046,85.3328008168618,95.53427338512222,94.35251336824356
primary,light,DDO154,12,C_k1_Q,logsvt,4,83.51057268709398,10.438821585886748,97.22485840137969,79.9066153892616,93.45019928624599,79.52006964015281,1325294620.6897945,2,4,0.9999999661650639,logC,"{""B"": 17337.394570642828, ""C"": 1.5229979744712682e-08, ""Q"": 0.6969791024069739, ""u1"": 5.4552434249676245e-05}",70.66073491432206,67.2495958329457,79.68044746570382,76.26930838432746
primary,light,DDO154,12,C_k1_L,logsvt,4,83.81820411117488,10.47727551389686,97.53248982546059,80.2142468133425,93.75783071032689,79.82770106423371,10332023886.382998,3,4,1.0,logC;L,"{""B"": 7398.648779581443, ""C"": 1.5229979744712682e-08, ""L"": -99.99999999999999, ""u1"": 0.006885883213557237}",70.96836633840297,67.5572272570266,79.98807888978472,76.57693980840835
primary,light,DDO154,12,C_k1_L_Q,logsvt,5,83.51057355174873,11.930081935964106,103.51057355174873,86.19233053963065,95.93510680068874,82.00497715459557,608383507.258244,3,5,0.9999979999231597,,"{""B"": 0.1457367988754872, ""C"": 1.6277171184802038e-08, ""L"": 1.890684231428847, ""Q"": 0.6970794532053786, ""u1"": 0.003121795135408963}",76.9464500646911,69.73450334738845,85.96616261607286,78.75421589877021
primary,light,DDO154,12,C_k2,logsvt,3,11.903453893412735,1.3226059881569705,20.903453893412735,3.585210881294646,19.358173842776736,5.428044196683558,368.5362752992392,3,3,0.7307881065165117,,"{""B"": 0.33240005837653264, ""C"": 0.010477822197249131, ""u2"": 5.570859663964274}",-5.6606695936448865,-6.842429610523553,3.359042957736868,2.177282940858202
primary,light,DDO154,12,C_k2_Q,logsvt,4,5.178530535625733,0.6473163169532167,18.892816249911448,1.5745732377933592,15.118157134777736,1.1880274886845577,151.0627930046775,4,4,0.9873257056486218,,"{""B"": 0.4491683298208426, ""C"": 0.03777244313229061, ""Q"": 0.3886725842454571, ""u2"": 3.5496638544656824}",-7.6713072371461735,-11.082446318522553,1.3484053142355812,-2.0627337671407986
primary,light,DDO154,12,C_k2_L,logsvt,4,6.797695359109319,0.8497119198886649,20.511981073395035,3.193738061276946,16.73732195826132,2.807192312168141,166.26054944774742,4,4,0.9942924665132644,,"{""B"": 0.48369455722515337, ""C"": 0.07394746182761848, ""L"": -0.5619423891206778, ""u2"": 4.226963177255621}",-6.052142413662587,-9.46328149503897,2.967570137719168,-0.44356894365721544
primary,light,DDO154,12,C_k2_L_Q,logsvt,5,4.330825519966029,0.6186893599951471,24.33082551996603,7.012582507847942,16.75535876890603,2.8252291228128534,1004253597.6524291,4,5,0.9820268461462142,logC,"{""B"": 0.40840625123820806, ""C"": 1.5229979744712682e-08, ""L"": 0.5448927902244473, ""Q"": 0.726773792995761, ""u2"": 2.944408745378189}",-2.233297967091591,-9.445244684394257,6.7864145842901635,-0.4255321330125028
primary,light,DDO154,12,C_k12,logsvt,4,11.903453965267545,1.487931745658443,25.61773967955326,8.299496667435172,21.843080564419544,7.912950918326366,1687035293.0238001,3,4,0.999999556970673,logu1,"{""B"": 0.332400058862941, ""C"": 0.01047781487818643, ""u1"": 1.5229988909532184e-08, ""u2"": 5.570859790390191}",-0.9463838075043611,-4.3575228888807445,8.073328743877394,4.66218966250101
primary,light,DDO154,12,C_k12_Q,logsvt,5,4.154336696360806,0.5934766709086866,24.154336696360808,6.836093684242719,16.57886994530081,2.648740299207631,1091464352.2852042,4,5,0.992964640669223,logC,"{""B"": 0.6106951996171766, ""C"": 1.5229979744742983e-08, ""Q"": 0.628965046002713, ""u1"": 0.39332733602425896, ""u2"": 2.355486834142569}",-2.4097867906968133,-9.62173350799948,6.609925760684941,-0.602020956617725
primary,light,DDO154,12,C_k12_L,logsvt,5,3.9905031821390486,0.5700718831627213,23.99050318213905,6.672260170020962,16.41503643107905,2.4849067849858706,2887140996.69103,4,5,0.9997457558014086,logC,"{""B"": 1.8112338877418568, ""C"": 1.5229979827655545e-08, ""L"": -2.9248319638828884, ""u1"": 0.9109859019534, ""u2"": 1.293783925855913}",-2.5736203049185704,-9.78556702222124,6.446092246463184,-0.7658544708394857
primary,light,DDO154,12,C_k12_L_Q,logsvt,6,3.9905031831198623,0.6650838638533104,32.79050318311987,15.472260171001778,18.899943081847866,4.969813435754688,8936457865.194395,4,6,0.9999774036711084,logC,"{""B"": 1.8112329810471446, ""C"": 1.5230160161590103e-08, ""L"": -2.9248304985689804, ""Q"": 3.0756344076044955e-08, ""u1"": 0.9109859279940525, ""u2"": 1.2937844807444876}",6.226379696062246,-7.300660371452423,15.246092247444,1.7190521799293315
primary,light,DDO154,12,cored_log,cored_log,2,12.211077602342534,1.2211077602342535,17.544410935675867,0.22616792355777804,17.180890901918534,3.2507612558253562,7.33291635058694,2,2,0.9583326572704202,,"{""H"": 1.3323840508143039, ""Rc"": 0.41728488744212566}",-9.019712551381755,-9.019712551381755,0.0,0.0
primary,light,DDO154,12,pISO,piso,2,21.23079015372429,2.123079015372429,26.56412348705762,9.245880474939533,26.20060345330029,12.270473807207111,9.702556032962802,2,2,0.976461060555328,,"{""H"": 1.7774675024183606, ""Rc"": 0.25571929447173164}",0.0,0.0,9.019712551381755,9.019712551381755
primary,light,DDO154,12,NFW,nfw,2,100.87405791549202,10.087405791549202,106.20739124882535,88.88914823670726,105.84387121506802,91.91374156897484,24.775169777107145,2,2,0.9966269099441578,,"{""V200"": 1.386995560449775, ""c"": 5.2752864721733035}",79.64326776176773,79.64326776176773,88.66298031314948,88.66298031314949
primary,light,NGC2403,73,baryons,logsvt,0,439283.2689974439,6017.579027362245,439283.2689974439,438665.6169710016,439283.2689974439,438657.04336853116,,0,0,,,{},438293.27092605626,438288.8614357454,437658.5224456737,437654.1129553628
primary,light,NGC2403,73,Q,logsvt,1,439283.2733137553,6101.156573802156,439285.32965178345,438667.67762534117,439287.5637731964,438661.3381442837,1.0,1,1,0.0,logQ,"{""Q"": 1.522997975778263e-08}",438295.3315803958,438293.1562114979,437660.58310001326,437658.40773111535
primary,light,NGC2403,73,L,logsvt,1,20432.189534228008,283.7804101976112,20434.245872256175,19816.593845813884,20436.479993669156,19810.25436475639,1.0,1,1,0.0,,"{""L"": 2.3128544125163524}",19444.247800868543,19442.072431970657,18809.499320485953,18807.323951588067
primary,light,NGC2403,73,L_Q,logsvt,2,3471.462500530466,48.893838035640364,3475.6339291018944,2857.981902659605,3480.043419412763,2853.8177904999975,7.35369473141268,2,2,0.9444307840314821,,"{""L"": 4.0393288270762255, ""Q"": 3.580216435160814}",2485.6358577142623,2485.635857714263,1850.8873773316734,1850.8873773316736
primary,light,NGC2403,73,k1,logsvt,2,752.3276623287715,10.596164258151711,756.4990909002,138.84706445791073,760.9085812110683,134.68295229830312,10.025696554572322,2,2,0.9431600872628899,,"{""B"": 0.6936514603691709, ""u1"": 6.11219899053652}",-233.49898048743194,-233.49898048743194,-868.247460870021,-868.247460870021
primary,light,NGC2403,73,k1_Q,logsvt,3,693.9963432738481,9.914233475340687,700.3441693608046,82.69214291851529,706.8677215972932,80.64209268452805,76.4334314084395,3,3,0.9699657170854644,,"{""B"": 0.7596675600300226, ""Q"": 0.19480708338435457, ""u1"": 5.179943738063225}",-289.6539020268274,-287.539840101207,-924.4023824094164,-922.288320483796
primary,light,NGC2403,73,k1_L,logsvt,3,661.7335737356602,9.453336767652289,668.0813998226167,50.42937338032743,674.6049520591054,48.3793231463402,44.46799801368904,3,3,0.9803559727670539,,"{""B"": 0.8955704927177082, ""L"": -0.3821651972558728, ""u1"": 4.460801537644264}",-321.91667156501524,-319.80260963939486,-956.6651519476043,-954.5510900219839
primary,light,NGC2403,73,k1_L_Q,logsvt,4,661.7335758050652,9.590341678334278,670.3218110991829,52.669784656893626,678.8954135696588,52.669784656893626,2023097806.249799,3,4,0.9954596937388912,logQ,"{""B"": 0.8955704681706639, ""L"": -0.3821651439224876, ""Q"": 1.5229981052632773e-08, ""u1"": 4.460801663734655}",-319.67626028844904,-315.51214812884143,-954.4247406710381,-950.2606285114305
primary,light,NGC2403,73,k2,logsvt,2,1620.5751231987854,22.82500173519416,1624.746551770214,1007.0945253279247,1629.1560420810822,1002.930413168317,9.3685291314128,2,2,0.6261671101951459,,"{""B"": 0.2617532098628198, ""u2"": 108.41206503856246}",634.748480382582,634.748480382582,-7.048583938740194e-12,-7.048583938740194e-12
primary,light,NGC2403,73,k2_Q,logsvt,3,1620.575157367285,23.1510736766755,1626.9229834542416,1009.2709570119523,1633.4465356907303,1007.2209067779652,478617672.1077325,2,3,0.9994289362969627,logQ,"{""B"": 0.26175321205501806, ""Q"": 1.5229979744712682e-08, ""u2"": 108.41205819441312}",636.9249120666096,639.0389739922301,2.1764316840205993,4.290493609641089
primary,light,NGC2403,73,k2_L,logsvt,3,1101.3664875570953,15.733806965101362,1107.7143136440518,490.0622872017625,1114.2378658805405,488.0122369677754,14.142514449576026,3,3,0.9543828162114226,,"{""B"": 0.20783689760122107, ""L"": 0.42755722295834286, ""u2"": 173.78983142467794}",117.71624225641983,119.83030418204032,-517.0322381261692,-514.9181762005487
primary,light,NGC2403,73,k2_L_Q,logsvt,4,987.3345454185958,14.309196310414432,995.9227807127135,378.27075427042416,1004.4963831831893,378.27075427042416,43.453099633276814,4,4,0.9789703603034948,,"{""B"": 0.14704436125897313, ""L"": 1.4187270603903046, ""Q"": 0.9666869996096704, ""u2"": 257.3338267441005}",5.924709325081494,10.088821484689106,-628.8237710575075,-624.6596588978999
primary,light,NGC2403,73,k12,logsvt,3,614.3491931556638,8.776417045080912,620.6970192426203,3.044992800330988,627.2205714791089,0.9949425663437523,23.074727686509718,3,3,0.933241043734977,,"{""B"": 0.31037559973864853, ""u1"": 9.381483736400874, ""u2"": 59.06247545917797}",-369.3010521450117,-367.1869902193913,-1004.0495325276007,-1001.9354706019803
primary,light,NGC2403,73,k12_Q,logsvt,4,614.349193718033,8.9036115031599,622.9374290121507,5.28540256986139,631.5110314826265,5.28540256986139,1023289020.6180123,3,4,0.9931134714951694,logQ,"{""B"": 0.31037559451537317, ""Q"": 1.5232560353731193e-08, ""u1"": 9.38148285041144, ""u2"": 59.062479621383446}",-367.0606423754813,-362.89653021587367,-1001.8091227580703,-997.6450105984627
primary,light,NGC2403,73,k12_L,logsvt,4,612.1546962756051,8.871807192400075,620.7429315697228,3.0909051274335297,629.3165340401987,3.0909051274335297,85.2228740480616,4,4,0.9886993965033039,,"{""B"": 0.326191812869964, ""L"": -0.063077407098556, ""u1"": 9.348490743756715, ""u2"": 51.713947524131555}",-369.25513981790914,-365.0910276583015,-1004.0036202004982,-999.8395080408906
primary,light,NGC2403,73,k12_L_Q,logsvt,5,612.1547004307542,9.00227500633462,623.050222818814,5.398196376524652,633.6069976364962,7.381368723731043,2400164873.8557315,4,5,0.9969598170946012,,"{""B"": 0.3261915855801983, ""L"": -0.06307661451295908, ""Q"": 3.099534649316324e-08, ""u1"": 9.348490032967248, ""u2"": 51.71405205398025}",-366.947848568818,-360.800564062004,-1001.696328951407,-995.549044444593
primary,light,NGC2403,73,C,logsvt,1,23315.515869091203,323.82660929293337,23317.57220711937,22699.92018067708,23319.80632853235,22693.580699619586,1.0,1,1,0.0,,"{""C"": 0.8705362255104137}",22327.57413573174,22325.398766833852,21692.82565534915,21690.650286451262
primary,light,NGC2403,73,C_Q,logsvt,2,23315.516093464394,328.38755061217455,23319.687522035823,22702.035495593533,23324.09701234669,22697.871383433925,349074179.02755535,1,2,1.0,logQ,"{""C"": 0.8705362275437918, ""Q"": 1.5229979744712844e-08}",22329.68945064819,22329.68945064819,21694.9409702656,21694.9409702656
primary,light,NGC2403,73,C_L,logsvt,2,7163.865567413179,100.89951503398844,7168.0369959846075,6550.384969542318,7172.446486295476,6546.22085738271,3.7910786581699547,2,2,0.8694835253422959,,"{""C"": 0.3913808209141138, ""L"": 1.3376514980261656}",6178.038924596975,6178.038924596975,5543.290444214386,5543.290444214386
primary,light,NGC2403,73,C_L_Q,logsvt,3,2033.7773309952377,29.05396187136054,2040.1251570821942,1422.4731306399049,2046.648709318683,1420.4230804059177,14.313341720388008,3,3,0.9420962941179715,,"{""C"": 0.15150427699966396, ""L"": 3.258282123447786, ""Q"": 2.740710670941481}",1050.127085694562,1052.2411476201828,415.37860531197316,417.49266723759365
primary,light,NGC2403,73,C_k1,logsvt,3,752.3276984579952,10.747538549399932,758.6755245449517,141.02349810266242,765.1990767814403,138.97344786867518,224598020.31013027,2,3,0.999980083614338,logC,"{""B"": 0.6936514567183701, ""C"": 1.5229979744712682e-08, ""u1"": 6.112198770020057}",-231.32254684268025,-229.20848491705988,-866.0710272252693,-863.9569652996489
primary,light,NGC2403,73,C_k1_Q,logsvt,4,693.9963664711323,10.057918354654092,702.58460176525,84.9325753229607,711.1582042357259,84.9325753229607,272580987.21135825,3,4,0.9981875893380739,logC,"{""B"": 0.7596675542414886, ""C"": 1.5229979744712682e-08, ""Q"": 0.1948070479628628, ""u1"": 5.1799435063373345}",-287.41346962238197,-283.24935746277436,-922.161950004971,-917.9978378453634
primary,light,NGC2403,73,C_k1_L,logsvt,4,661.7335921396992,9.590341915068105,670.3218274338169,52.66980099152761,678.8954299042928,52.66980099152761,321649098.3257603,3,4,0.9984687543193531,logC,"{""B"": 0.8955705204125237, ""C"": 1.522997975650363e-08, ""L"": -0.3821652430255908, ""u1"": 4.460801192730931}",-319.67624395381506,-315.51213179420745,-954.4247243364041,-950.2606121767965
primary,light,NGC2403,73,C_k1_L_Q,logsvt,5,661.7335942091094,9.731376385428078,672.6291165971691,54.97709015487976,683.1858914148513,56.96026250208615,1511581845.075827,3,5,0.9986604319045943,logC;logQ,"{""B"": 0.8955704616809809, ""C"": 1.5229979744712682e-08, ""L"": -0.38216514004773755, ""Q"": 1.5229979744712682e-08, ""u1"": 4.460801558238787}",-317.3689547904629,-311.2216702836489,-952.117435173052,-945.9701506662379
primary,light,NGC2403,73,C_k2,logsvt,3,768.2849596406654,10.975499423438077,774.6327857276219,156.98075928533262,781.1563379641105,154.9307090513454,16.730486845450027,3,3,0.6850001241176302,,"{""B"": 0.23825779256815266, ""C"": 0.143569440365065, ""u2"": 53.91460042063407}",-215.36528566001004,-213.25122373438967,-850.1137660425991,-847.9997041169787
primary,light,NGC2403,73,C_k2_Q,logsvt,4,768.2849728657917,11.13456482414191,776.8732081599094,159.22118171762008,785.4468106303852,159.22118171762008,491592916.72309715,3,4,0.9739338445537369,logQ,"{""B"": 0.23825779329180835, ""C"": 0.14356943947963405, ""Q"": 1.5229979744713116e-08, ""u2"": 53.91460117656444}",-213.12486322772259,-208.96075106811497,-847.8733436103116,-843.709231450704
primary,light,NGC2403,73,C_k2_L,logsvt,4,690.3376223064429,10.004893076904969,698.9258576005606,81.27383115827126,707.4994600710364,81.27383115827126,26.015323260980676,4,4,0.9040691050451269,,"{""B"": 0.21119771083650724, ""C"": 0.11988091215526629, ""L"": 0.2199471543569951, ""u2"": 74.5341502005349}",-291.0722137870714,-286.9081016274638,-925.8206941696604,-921.6565820100528
primary,light,NGC2403,73,C_k2_L_Q,logsvt,5,690.3376235555238,10.152023875816527,701.2331459435835,83.58111950129421,711.7899207612658,85.5642918485006,1130326912.6336925,4,5,0.9615052327727396,logQ,"{""B"": 0.2111977020354776, ""C"": 0.11988088463681477, ""L"": 0.2199472562037847, ""Q"": 1.522998438644567e-08, ""u2"": 74.53417037775965}",-288.76492544404846,-282.61764093723446,-923.5134058266375,-917.3661213198235
primary,light,NGC2403,73,C_k12,logsvt,4,609.0637911481716,8.82701146591553,617.6520264422893,0.0,626.2256289127652,0.0,182.71562262712288,4,4,0.914532249814273,,"{""B"": 0.2986891403127319, ""C"": 0.02643947153729164, ""u1"": 7.723760939661165, ""u2"": 57.063620659375395}",-372.34604494534267,-368.18193278573506,-1007.0945253279317,-1002.9304131683241
primary,light,NGC2403,73,C_k12_Q,logsvt,5,609.0637927385837,8.95682048144976,619.9593151266434,2.3072886843541482,630.5160899443257,4.29046103156054,952451179.6867111,4,5,0.9985675876778889,logQ,"{""B"": 0.2986890810314124, ""C"": 0.02643961463065756, ""Q"": 1.5229979744712682e-08, ""u1"": 7.723751994411036, ""u2"": 57.06360600919093}",-370.0387562609885,-363.8914717541745,-1004.7872366435776,-998.6399521367636
primary,light,NGC2403,73,C_k12_L,logsvt,5,608.7417957373833,8.952085231432108,619.637318125443,1.9852916831537186,630.1940929431253,3.96846403036011,288.50477072683634,5,5,0.9656482731348723,,"{""B"": 0.3062466633901777, ""C"": 0.023287261198856348, ""L"": -0.02580074179752914, ""u1"": 7.948037816592025, ""u2"": 54.4351033308902}",-370.36075326218895,-364.21346875537495,-1005.109233644778,-998.961949137964
primary,light,NGC2403,73,C_k12_L_Q,logsvt,6,608.7417978390213,9.085698475209274,622.0145251117485,4.362498669459228,634.4845544859116,8.258925573146485,2187612417.2573376,5,6,0.9844647146141277,logQ,"{""B"": 0.3062462252394276, ""C"": 0.023287740600389358, ""L"": -0.025799823619287586, ""Q"": 1.523003348257893e-08, ""u1"": 7.948008839145337, ""u2"": 54.435175129985495}",-367.98354627588344,-359.9230072125886,-1002.7320266584725,-994.6714875951776
primary,light,NGC2403,73,cored_log,cored_log,2,1620.5751231987924,22.82500173519426,1624.746551770221,1007.0945253279317,1629.1560420810893,1002.9304131683241,4.794423183205586,2,2,0.6261671108639907,,"{""H"": 1.0470128401110879, ""Rc"": 0.09604199950545404}",634.748480382589,634.748480382589,0.0,0.0
primary,light,NGC2403,73,pISO,piso,2,985.8266428162034,13.884882293185964,989.998071387632,372.34604494534267,994.4075616985002,368.18193278573506,6.138692803504936,2,2,0.806218551141913,,"{""H"": 1.1923371675598615, ""Rc"": 0.047411294299734626}",0.0,0.0,-634.748480382589,-634.748480382589
primary,light,NGC2403,73,NFW,nfw,2,639.8071834692712,9.01136878125734,643.9786120406998,26.326585598410475,648.388102351568,22.162473438802863,8.734671547275575,2,2,0.955424319740806,,"{""V200"": 0.7636655470103755, ""c"": 16.33574531783806}",-346.0194593469322,-346.0194593469322,-980.7679397295212,-980.7679397295212
primary,light,NGC2841,50,baryons,logsvt,0,49848.47040252816,996.9694080505632,49848.47040252816,49742.185485122,49848.47040252816,49736.97115523615,,0,0,,,{},49723.3990615964,49719.83033473448,49731.29316847071,49727.724441608785
primary,light,NGC2841,50,Q,logsvt,1,49848.471787998904,1017.3157507754878,49850.55512133224,49744.27020392608,49852.38381100433,49740.884563712316,1.0,1,1,0.0,logQ,"{""Q"": 1.522997974699116e-08}",49725.48378040048,49723.743743210645,49733.377887274786,49731.63785008495
primary,light,NGC2841,50,L,logsvt,1,6036.27737671797,123.18933421873407,6038.360710051303,5932.075792645141,6040.189399723397,5928.690152431386,1.0,1,1,0.0,,"{""L"": 1.2402632968184226}",5913.2893691195395,5911.549331929714,5921.183475993847,5919.443438804022
primary,light,NGC2841,50,L_Q,logsvt,2,2592.9197345003486,54.01916113542393,2597.1750536492846,2490.8901362431225,2600.743780511205,2489.2445332191933,10.138236714939923,2,2,0.9709737760913264,,"{""L"": 3.0195803108312966, ""Q"": 2.571710898626886}",2472.1037127175214,2472.1037127175214,2479.9978195918293,2479.9978195918297
primary,light,NGC2841,50,k1,logsvt,2,120.94789503815008,2.5197478132947935,125.20321418708625,18.918296780924265,128.77194104900636,17.272693756994727,115.65805220887991,2,2,0.7004689919029765,,"{""B"": 0.38082479348205855, ""u1"": 348.01925350918526}",0.13187325532283012,0.13187325532283012,8.025980129630966,8.025980129630952
primary,light,NGC2841,50,k1_Q,logsvt,3,119.16138897448823,2.535348701584856,125.68312810492301,19.398210698761034,130.89745799077266,19.398210698761034,142.64500889654445,3,3,0.8886991908307612,,"{""B"": 0.38905696108205834, ""Q"": 0.03228652007825055, ""u1"": 196.38707620869846}",0.6117871731595983,2.257390197089137,8.505894047467734,10.151497071397259
primary,light,NGC2841,50,k1_L,logsvt,3,111.39663571658421,2.3701411854592385,117.918374847019,11.633457440857015,123.13270473286865,11.633457440857015,73.90194758309255,3,3,0.9651069824063688,,"{""B"": 0.4164896997250656, ""L"": -0.09664986863629592, ""u1"": 91.51250477597073}",-7.1529660847444205,-5.507363060814882,0.7411407895637154,2.38674381349324
primary,light,NGC2841,50,k1_L_Q,logsvt,4,111.39663782857372,2.4216660397516026,120.2855267174626,14.000609311300622,127.0447298502863,15.54548255827467,1198004707.244292,3,4,0.9996350658026006,logQ,"{""B"": 0.4164896820276181, ""L"": -0.09664981510879833, ""Q"": 1.522997974547858e-08, ""u1"": 91.51254621355999}",-4.785814214300814,-1.595337943397226,3.108292660007322,6.298768930910896
primary,light,NGC2841,50,k2,logsvt,2,112.92191490851889,2.3525398939274766,117.17723405745505,10.892316651293072,120.74596091937518,9.246713627363548,55.03353117382907,2,2,0.393163245669135,,"{""B"": 0.1903591499724304, ""u2"": 2219.730175370049}",-7.894106874308363,-7.894106874308349,-2.2737367544323206e-13,-2.2737367544323206e-13
primary,light,NGC2841,50,k2_Q,logsvt,3,109.39365944424345,2.3275246690264564,115.91539857467824,9.630481168516255,121.12972846052789,9.630481168516255,92.03510886036737,3,3,0.8637145373358573,,"{""B"": 0.1944294866135314, ""Q"": 0.04015901971712521, ""u2"": 1651.064540481815}",-9.15594235708518,-7.510339333155642,-1.2618354827770446,0.3837675411524799
primary,light,NGC2841,50,k2_L,logsvt,3,99.7631782757272,2.1226208143771745,106.28491740616198,0.0,111.49924729201163,0.0,50.42705745137032,3,3,0.9505232062435223,,"{""B"": 0.20421599187248093, ""L"": -0.09104469535441623, ""u2"": 1113.1831636500267}",-18.786423525601435,-17.140820501671897,-10.8923166512933,-9.246713627363775
primary,light,NGC2841,50,k2_L_Q,logsvt,4,99.76318064740686,2.168764796682758,108.65206953629574,2.3671521301337606,115.41127266911944,3.9120253771078097,1017938043.0590686,3,4,0.9988206990731806,logQ,"{""B"": 0.2042159922806177, ""L"": -0.09104468686260814, ""Q"": 1.5229979744713278e-08, ""u2"": 1113.1830907084527}",-16.419271395467675,-13.228795124564087,-8.525164521159539,-5.334688250255965
primary,light,NGC2841,50,k12,logsvt,3,112.92191491444008,2.402593934349789,119.44365404487486,13.158736638712881,124.65798393072451,13.158736638712881,5834556332.00381,2,3,0.999999999543023,logu1,"{""B"": 0.19035915424463729, ""u1"": 1.5229980436953548e-08, ""u2"": 2219.7237401187167}",-5.627686886888554,-3.9820838629590156,2.2664199874195816,3.912023011349106
primary,light,NGC2841,50,k12_Q,logsvt,4,109.39365948340544,2.3781230322479443,118.28254837229433,11.997630966132348,125.04175150511803,13.542504213106398,1754388650.2278395,3,4,0.8935095719250021,,"{""B"": 0.19442948561054577, ""Q"": 0.04015901272577954, ""u1"": 9.617507229562622e-08, ""u2"": 1651.0648970370835}",-6.788792559469087,-3.598316288565499,1.105314314839049,4.295790585742623
primary,light,NGC2841,50,k12_L,logsvt,4,99.76317828207412,2.168764745262481,108.65206717096301,2.3671497648010273,115.41127030378671,3.9120230117750765,3120733867.6904426,3,4,0.9999671603573079,,"{""B"": 0.20421599096663529, ""L"": -0.09104469060011382, ""u1"": 1.5428486808090145e-08, ""u2"": 1113.1832799900883}",-16.419273760800408,-13.22879748989682,-8.525166886492272,-5.334690615588698
primary,light,NGC2841,50,k12_L_Q,logsvt,5,99.76318065367151,2.216959570081589,111.12681701730787,4.841899611145891,119.32329568081224,7.824048388800605,3.4027553368789606e+18,3,4,0.9984872157037781,logu1;logQ,"{""B"": 0.204215992615363, ""L"": -0.09104468888287688, ""Q"": 1.522997992833104e-08, ""u1"": 1.5229980493413697e-08, ""u2"": 1113.183060537768}",-13.944523914455544,-9.316772112871291,-6.050417040147408,-1.4226652385631695
primary,light,NGC2841,50,C,logsvt,1,123.08007614905843,2.5118382887562944,125.16340948239176,18.878492076229776,126.99209915448657,15.492851862474936,1.0,1,1,0.0,,"{""C"": 0.7550928038633818}",0.09206855062834052,-1.6479686391969608,7.9861754249364765,6.246138235111161
primary,light,NGC2841,50,C_Q,logsvt,2,123.065045597764,2.563855116620083,127.32036474670016,21.035447340538184,130.88909160862028,19.389844316608645,1297.045952740826,2,2,0.8081092587679816,,"{""C"": 0.7558924050475463, ""Q"": 0.00228329942460042}",2.2490238149367485,2.2490238149367485,10.143130689244884,10.14313068924487
primary,light,NGC2841,50,C_L,logsvt,2,122.39055012068155,2.549803127514199,126.64586926961772,20.36095186345574,130.21459613153783,18.7153488395262,4.683887230849523,2,2,0.9067833130615369,,"{""C"": 0.7636064290381844, ""L"": -0.015867638713244075}",1.5745283378543036,1.5745283378543036,9.46863521216244,9.468635212162425
primary,light,NGC2841,50,C_L_Q,logsvt,3,122.3905512364173,2.6040542816259,128.9122903668521,22.62737296069011,134.12662025270174,22.62737296069011,851265465.0486094,2,3,0.9976742728317303,logQ,"{""C"": 0.7636064253124472, ""L"": -0.015867622789777807, ""Q"": 1.5229979744724858e-08}",3.8409494350886746,5.486552459018213,11.73505630939681,13.380659333326335
primary,light,NGC2841,50,C_k1,logsvt,3,120.9478951188116,2.573359470613013,127.46963424924638,21.184716843084402,132.68396413509603,21.184716843084402,868825331.9890169,2,3,0.9999650376105046,,"{""B"": 0.38082465121439746, ""C"": 2.86288886216279e-07, ""u1"": 348.01904441717033}",2.398293317482967,4.0438963414125055,10.292400191791103,11.938003215720627
primary,light,NGC2841,50,C_k1_Q,logsvt,4,119.16138904503937,2.5904649792399863,128.05027793392827,21.76536052776629,134.80948106675194,23.31023377474031,1101345893.6554384,3,4,0.9985099064141634,,"{""B"": 0.38905692356354493, ""C"": 9.497924749535462e-08, ""Q"": 0.03228655162332009, ""u1"": 196.38690332926677}",2.978937002164855,6.169413273068415,10.873043876472991,14.063520147376536
primary,light,NGC2841,50,C_k1_L,logsvt,4,111.39663575213493,2.421665994611629,120.28552464102381,14.000607234861832,127.04472777384751,15.545480481835881,1440536008.498872,3,4,0.9993727715362226,logC,"{""B"": 0.4164896805640984, ""C"": 1.5229979744761433e-08, ""L"": -0.09664984093532053, ""u1"": 91.5125304149381}",-4.785816290739604,-1.5953400198360157,3.1082905835685324,6.298766854472106
primary,light,NGC2841,50,C_k1_L_Q,logsvt,5,111.3966378642101,2.4754808414268914,122.76027422784647,16.475356821684485,130.95675289135085,19.457505599339214,2012162254.7887816,3,5,0.9996013336892083,logC;logQ,"{""B"": 0.41648967078167193, ""C"": 1.5256447524625097e-08, ""L"": -0.09664980715518123, ""Q"": 1.523014145048913e-08, ""u1"": 91.51255444465608}",-2.31106670391695,2.3166850976673175,5.583040170391186,10.21079197197544
primary,light,NGC2841,50,C_k2,logsvt,3,112.92191493194743,2.4025939347222858,119.44365406238221,13.158736656220228,124.65798394823186,13.158736656220228,1262789583.2821307,2,3,0.9998559209983178,,"{""B"": 0.1903591455538056, ""C"": 1.793201111165917e-08, ""u2"": 2219.7299944791034}",-5.627686869381208,-3.982083845451669,2.2664200049269283,3.912023028856453
primary,light,NGC2841,50,C_k2_Q,logsvt,4,109.39365956866676,2.3781230341014514,118.28254845755565,11.997631051393668,125.04175159037935,13.542504298367717,949858817.9270209,3,4,0.9846709676738813,,"{""B"": 0.19442947321996967, ""C"": 6.47151818844612e-08, ""Q"": 0.04015904361603125, ""u2"": 1651.0639077188657}",-6.788792474207767,-3.5983162033041793,1.1053144001003687,4.295790671003942
primary,light,NGC2841,50,C_k2_L,logsvt,4,99.76317832036331,2.1687647460948547,108.6520672092522,2.3671498030902143,115.4112703420759,3.9120230500642634,1462677968.5796337,3,4,0.9987793232474247,logC,"{""B"": 0.20421598945270134, ""C"": 1.522997974598124e-08, ""L"": -0.09104470420877742, ""u2"": 1113.183052559451}",-16.41927372251122,-13.228797451607633,-8.525166848203085,-5.3346905772995115
primary,light,NGC2841,50,C_k2_L_Q,logsvt,5,99.76318069216862,2.2169595709370804,111.12681705580498,4.841899649642997,119.32329571930934,7.824048427297711,1618206483.6003416,3,5,0.9988177049494411,logC;logQ,"{""B"": 0.20421598912200215, ""C"": 1.5262458932167694e-08, ""L"": -0.09104469093084447, ""Q"": 1.523017320975414e-08, ""u2"": 1113.1830262489154}",-13.944523875958438,-9.316772074374185,-6.0504170016503025,-1.4226652000660636
primary,light,NGC2841,50,C_k12,logsvt,4,112.92191494820452,2.454824238004446,121.8108038370934,15.525886430931422,128.5700069699171,17.07075967790547,8422155876.706313,2,4,0.999999915219783,,"{""B"": 0.19035914529055167, ""C"": 1.9442696602937533e-08, ""u1"": 3.7201373917803456e-08, ""u2"": 2219.729877130418}",-3.2605370946700134,-0.07006082376642553,4.6335697796381226,7.824046050541696
primary,light,NGC2841,50,C_k12_Q,logsvt,5,109.39365952197578,2.430970211599462,120.75729588561214,14.472378479450157,128.9537745491165,17.45452725710487,3265701942.474932,3,5,0.9784787996604496,,"{""B"": 0.19442947847350212, ""C"": 3.6239692092505137e-08, ""Q"": 0.040159027162798025, ""u1"": 1.9788458604594448e-08, ""u2"": 1651.0642728923106}",-4.3140450461512785,0.31370675543297466,3.5800618281568575,8.207813629741096
primary,light,NGC2841,50,C_k12_L,logsvt,5,99.76317881810375,2.2169595292911946,111.12681518174011,4.841897775578133,119.32329384524448,7.824046553232847,1762024736.054215,3,5,0.9999672543207102,,"{""B"": 0.2042159588465295, ""C"": 1.399995515694085e-07, ""L"": -0.0910447073443149, ""u1"": 3.210630981331201e-07, ""u2"": 1113.1828675815493}",-13.944525750023303,-9.31677394843905,-6.050418875715167,-1.4226670741309277
primary,light,NGC2841,50,C_k12_L_Q,logsvt,6,111.3966391649098,2.5317417992024955,125.35012753700282,19.06521013084084,134.86877719747866,23.369529905467033,1899884257.045049,3,6,0.9996999019131959,,"{""B"": 0.4164895535040979, ""C"": 2.4335064137905123e-07, ""L"": -0.09665225790012567, ""Q"": 2.0762816027206314e-08, ""u1"": 91.51253472725169, ""u2"": 0.00027067676599008773}",0.2787866052394037,6.228709403795136,8.17289347954754,14.122816278103258
primary,light,NGC2841,50,cored_log,cored_log,2,112.92191490851911,2.3525398939274815,117.17723405745528,10.8923166512933,120.7459609193754,9.246713627363775,27.521758044678133,2,2,0.393163209541508,,"{""H"": 0.7614365996806542, ""Rc"": 0.021225107481417687}",-7.894106874308136,-7.894106874308122,0.0,0.0
primary,light,NGC2841,50,pISO,piso,2,120.81602178282725,2.517000453808901,125.07134093176342,18.786423525601435,128.64006779368353,17.140820501671897,106.51392410481081,2,2,0.6913675871323812,,"{""H"": 0.7619669209974778, ""Rc"": 0.001897650752415349}",0.0,0.0,7.894106874308136,7.894106874308122
primary,light,NGC2841,50,NFW,nfw,2,191.62637463222433,3.99221613817134,195.8816937811605,89.59677637499851,199.4504206430806,87.95117335106897,8.274668437652801,2,2,0.8477905375663571,,"{""V200"": 0.5717652423767199, ""c"": 29.628632715374394}",70.81035284939708,70.81035284939708,78.70445972370521,78.7044597237052
primary,light,NGC2903,34,baryons,logsvt,0,56052.409898636615,1648.600291136371,56052.409898636615,55896.038229498765,56052.409898636615,55892.25914792492,,0,0,,,{},55854.7883138042,55852.12268952916,55890.88819343156,55888.22256915652
primary,light,NGC2903,34,Q,logsvt,1,56052.410744010675,1698.557901333657,56054.535744010675,55898.164074872824,56055.93710453529,55895.78635382359,1.0,1,1,0.0,logQ,"{""Q"": 1.5229979757919468e-08}",55856.91415917826,55855.649895427836,55893.01403880562,55891.74977505519
primary,light,NGC2903,34,L,logsvt,1,4318.667905358787,130.86872440481173,4320.792905358787,4164.421236220934,4322.194265883403,4162.043515171701,1.0,1,1,0.0,,"{""L"": 1.5892962709047767}",4123.171320526375,4121.907056775953,4159.271200153727,4158.006936403304
primary,light,NGC2903,34,L_Q,logsvt,2,541.6984000759854,16.928075002374545,546.085496850179,389.7138277123256,548.7511211252178,388.600370413516,5.961987718485285,2,2,0.9331097599521933,,"{""L"": 2.916698700973829, ""Q"": 2.412355515389348}",348.46391201776726,348.46391201776726,384.563791645119,384.563791645119
primary,light,NGC2903,34,k1,logsvt,2,278.4627490082086,8.70196090650652,282.84984578240216,126.47817664454882,285.51547005744095,125.36471934573916,16.38844487835878,2,2,0.9423482471559634,,"{""B"": 0.4513560245921077, ""u1"": 11.732395994495533}",85.22826094999047,85.22826094999047,121.3281405773422,121.3281405773422
primary,light,NGC2903,34,k1_Q,logsvt,3,203.52484654642555,6.565317630529856,210.32484654642556,53.95317740857223,214.10392812027402,53.95317740857223,37.26194751890603,3,3,0.9809760232641652,,"{""B"": 0.5642182735862941, ""Q"": 0.2841849640804697, ""u1"": 6.322389746553752}",12.703261714013877,13.81671901282354,48.8031413413656,49.916598640175266
primary,light,NGC2903,34,k1_L,logsvt,3,197.44168011414473,6.369086455294991,204.24168011414474,47.87001097629141,208.02076168799323,47.87001097629144,49.201868417847045,3,3,0.9831582650347659,,"{""B"": 0.7341205155369422, ""L"": -0.5156528138920242, ""u1"": 4.867592875607483}",6.620095281733057,7.733552580542749,42.71997490908478,43.833432207894475
primary,light,NGC2903,34,k1_L_Q,logsvt,4,197.44168035589655,6.581389345196552,206.82099070072414,50.44932156287081,211.5471224543612,51.3963717426594,1535779980.1067505,3,4,0.9962425467069435,logQ,"{""B"": 0.7341203765019347, ""L"": -0.5156526116234134, ""Q"": 1.5229979790322058e-08, ""u1"": 4.867594369483535}",9.199405868312454,11.259913346910707,45.29928549566418,47.35979297426243
primary,light,NGC2903,34,k2,logsvt,2,157.13460843086617,4.910456513464568,161.5217052050597,5.150036067206372,164.1873294800985,4.0365787683967085,18.10939864261237,2,2,0.7122641507551845,,"{""B"": 0.19699100074547016, ""u2"": 128.874612637645}",-36.09987962735198,-36.09987962735198,-2.5579538487363607e-13,-2.5579538487363607e-13
primary,light,NGC2903,34,k2_Q,logsvt,3,149.57166913785332,4.824892552833978,156.37166913785333,0.0,160.1507507117018,0.0,69.34405422782562,3,3,0.8120037270128921,,"{""B"": 0.20281983800352482, ""Q"": 0.06668373825542447, ""u2"": 110.88331460012986}",-41.249915694558354,-40.13645839574869,-5.150036067206628,-4.036578768396964
primary,light,NGC2903,34,k2_L,logsvt,3,150.6632460877664,4.860104712508593,157.4632460877664,1.091576949913076,161.24232766161487,1.091576949913076,25.92345492196284,3,3,0.947669710118274,,"{""B"": 0.20870809945182878, ""L"": -0.08068615968163227, ""u2"": 107.43120719920968}",-40.15833874464528,-39.044881445835614,-4.058459117293552,-2.945001818483888
primary,light,NGC2903,34,k2_L_Q,logsvt,4,148.04361211129932,4.934787070376644,157.4229224561269,1.0512533182735808,162.14905420976396,1.998303498062171,136.0533024915758,4,4,0.9892973693779287,,"{""B"": 0.18245130100585397, ""L"": 0.2608096667745134, ""Q"": 0.265646269142219, ""u2"": 129.53490057750756}",-40.19866237628477,-38.13815489768652,-4.098782748933047,-2.0382752703347933
primary,light,NGC2903,34,k12,logsvt,3,157.13460851466965,5.068858339182892,163.93460851466966,7.562939376816331,167.71369008851815,7.5629393768163595,1517769455.7160392,2,3,0.9997193632725556,,"{""B"": 0.19699100089557742, ""u1"": 2.0947312241800774e-08, ""u2"": 128.8746109998991}",-33.68697631774202,-32.57351901893233,2.4129033096097032,3.5263606084193952
primary,light,NGC2903,34,k12_Q,logsvt,4,149.57166916818613,4.985722305606204,158.95097951301372,2.5793103751603894,163.67711126665077,3.5263605549489796,4367359240.135781,3,4,0.9999994796699869,logu1,"{""B"": 0.20281983754889724, ""Q"": 0.0666837354890288, ""u1"": 1.52299922748054e-08, ""u2"": 110.88331596483572}",-38.670605319397964,-36.61009784079971,-2.5707256920462385,-0.5102182134479847
primary,light,NGC2903,34,k12_L,logsvt,4,150.66324611733523,5.022108203911174,160.04255646216282,3.67088732430949,164.76868821579987,4.61793750409808,2740198580.22445,3,4,0.9903396806567036,logu1,"{""B"": 0.20870809927473213, ""L"": -0.0806861588372984, ""u1"": 1.5229979747741202e-08, ""u2"": 107.43120797987461}",-37.579028370248864,-35.51852089165061,-1.479148742897138,0.5813587357011158
primary,light,NGC2903,34,k12_L_Q,logsvt,5,148.04361215159028,5.104952143158285,160.18646929444742,3.8148001565940888,165.67541477467108,5.524664062969293,4474237026.286904,4,5,0.9892973816490863,logu1,"{""B"": 0.18245131094659525, ""L"": 0.2608095810740039, ""Q"": 0.2656462238735829, ""u1"": 1.522997974471344e-08, ""u2"": 129.534866869509}",-37.435115537964265,-34.6117943327794,-1.335235910612539,1.488085294572329
primary,light,NGC2903,34,C,logsvt,1,960.1909431428303,29.096695246752432,962.3159431428303,805.9442740049769,963.7173036674465,803.5665529557447,1.0,1,1,0.0,,"{""C"": 0.728980124660865}",764.6943583104186,763.430094559996,800.7942379377703,799.5299741873478
primary,light,NGC2903,34,C_Q,logsvt,2,960.1909534876658,30.005967296489555,964.5780502618593,808.2063811240059,967.2436745368981,807.0929238251963,235692142.08673355,1,2,1.0,logQ,"{""C"": 0.7289801271547602, ""Q"": 1.5229979744727886e-08}",766.9564654294476,766.9564654294476,803.0563450567993,803.0563450567993
primary,light,NGC2903,34,C_L,logsvt,2,814.0175891874973,25.43804966210929,818.4046859616908,662.0330168238374,821.0703102367296,660.9195595250278,5.100737313550589,2,2,0.9194948794703391,,"{""C"": 0.6126693723242077, ""L"": 0.27082707978679876}",620.7831011292791,620.7831011292791,656.8829807566308,656.8829807566308
primary,light,NGC2903,34,C_L_Q,logsvt,3,402.47122691480496,12.982942803703386,409.27122691480497,252.89955777695164,413.05030848865346,252.89955777695167,21.26173367122138,3,3,0.9665021143406819,,"{""C"": 0.2323377997605171, ""L"": 1.9893662543250585, ""Q"": 1.6318277962210104}",211.64964208239329,212.76309938120298,247.749521709745,248.8629790085547
primary,light,NGC2903,34,C_k1,logsvt,3,278.46275627424416,8.982669557233683,285.26275627424417,128.89108713639084,289.04183784809265,128.89108713639087,688839688.0699725,2,3,0.9995982220009627,logC,"{""B"": 0.45135606542190315, ""C"": 1.5229979745220214e-08, ""u1"": 11.732388614452091}",87.64117144183248,88.75462874064218,123.74105106918421,124.8545083679939
primary,light,NGC2903,34,C_k1_Q,logsvt,4,203.52485369994255,6.784161789998085,212.90416404477014,56.53249490691681,217.6302957984072,57.4795450867054,644266137.5423981,3,4,0.9915395936542882,logC,"{""B"": 0.5642183458350962, ""C"": 1.5229979744779396e-08, ""Q"": 0.28418507465150805, ""u1"": 6.322387106017178}",15.282579212358456,17.34308669095671,51.38245883971018,53.442966318308436
primary,light,NGC2903,34,C_k1_L,logsvt,4,197.441687337518,6.581389577917267,206.8209976823456,50.44932854449226,211.54712943598264,51.39637872428085,831597421.5015236,3,4,0.9968841056016244,logC,"{""B"": 0.7341203779983931, ""C"": 1.5229979745484313e-08, ""L"": -0.5156526376879857, ""u1"": 4.867594228718829}",9.199412849933907,11.25992032853216,45.29929247728563,47.35979995588389
primary,light,NGC2903,34,C_k1_L_Q,logsvt,5,197.4416875792763,6.808334054457804,209.58454472213344,53.21287558428011,215.0734902023571,54.92273949065532,2419872788.525705,3,5,0.9985836518991997,logC;logQ,"{""B"": 0.7341203721633829, ""C"": 1.5229979755889937e-08, ""L"": -0.515652616157195, ""Q"": 1.5229979804471022e-08, ""u1"": 4.867594254729356}",11.962959889721759,14.786281094906627,48.062839517073485,50.88616072225835
primary,light,NGC2903,34,C_k2,logsvt,3,157.13461642601175,5.068858594387476,163.93461642601176,7.562947288158426,167.71369799986024,7.562947288158455,401599056.20102537,2,3,0.9997173661155648,logC,"{""B"": 0.19699099711635487, ""C"": 1.5229979749229383e-08, ""u2"": 128.87460735722036}",-33.68696840639993,-32.573511107590235,2.4129112209517984,3.5263685197614905
primary,light,NGC2903,34,C_k2_Q,logsvt,4,149.57167675472718,4.985722558490906,158.95098709955477,2.5793179617014346,163.6771188531918,3.5263681414900248,420021905.5093242,3,4,0.9718524196116863,logC,"{""B"": 0.20281983454526015, ""C"": 1.5229979744712682e-08, ""Q"": 0.06668374133516233, ""u2"": 110.88331071278317}",-38.67059773285692,-36.610090254258665,-2.5707181055051933,-0.5102106269069395
primary,light,NGC2903,34,C_k2_L,logsvt,4,150.66325363649887,5.022108454549962,160.04256398132645,3.6708948434731212,164.7686957349635,4.617945023261711,501535669.8183427,3,4,0.9996776642097881,logC,"{""B"": 0.20870809619025119, ""C"": 1.5229979744712682e-08, ""L"": -0.08068616230324939, ""u2"": 107.43120310369679}",-37.57902085108523,-35.51851337248698,-1.4791412237335066,0.5813662548647471
primary,light,NGC2903,34,C_k2_L_Q,logsvt,5,148.04362002345226,5.104952414601803,160.1864771663094,3.8148080284560706,165.67542264653306,5.524671934831275,489044096.9730421,4,5,0.9935708465689707,logC,"{""B"": 0.182451308692503, ""C"": 1.5229979898650174e-08, ""L"": 0.2608095674421614, ""Q"": 0.26564621622403045, ""u2"": 129.53485813478648}",-37.43510766610228,-34.611786460917415,-1.3352280387505573,1.4880931664343109
primary,light,NGC2903,34,C_k12,logsvt,4,157.1346164869432,5.237820549564773,166.5139268317708,10.142257693917458,171.24005858540784,11.089307873706048,1293280988.3816261,2,4,0.9999480290622376,logC;logu1,"{""B"": 0.19699099718379426, ""C"": 1.522998154682711e-08, ""u1"": 1.5230022375490733e-08, ""u2"": 128.87460712695886}",-31.107658000640896,-29.047150522042642,4.99222162671083,7.0527291053090835
primary,light,NGC2903,34,C_k12_Q,logsvt,5,149.57167678506002,5.1576440270710355,161.71453392791716,5.342864790063828,167.20347940814082,7.052728696439033,2611179057.217957,3,5,0.997727587801462,logC;logu1,"{""B"": 0.2028198344633275, ""C"": 1.522997974478297e-08, ""Q"": 0.06668374116060953, ""u1"": 1.522997974607317e-08, ""u2"": 110.88331149508947}",-35.907050904494525,-33.08372969930966,0.19282872285720032,3.0161499280420685
primary,light,NGC2903,34,C_k12_L,logsvt,5,150.6632536660679,5.195284609174755,162.80611080892504,6.43444167107171,168.2950562891487,8.144305577446914,2136208528.0842774,3,5,0.9987031339119943,logC;logu1,"{""B"": 0.20870809617591884, ""C"": 1.5229979744831177e-08, ""L"": -0.08068616209431288, ""u1"": 1.5229979744836806e-08, ""u2"": 107.43120336610605}",-34.815474023486644,-31.992152818301776,1.284405603865082,4.10772680904995
primary,light,NGC2903,34,C_k12_L_Q,logsvt,6,197.44168775769631,7.0514888484891545,212.55279886880743,56.1811297309541,218.59985090539328,58.44910019369149,3144717733.2868433,3,6,0.9988341840446514,logC,"{""B"": 0.7341203954317361, ""C"": 1.5230188695394355e-08, ""L"": -0.5157804310156655, ""Q"": 1.5342353490543312e-08, ""u1"": 4.867680996977359, ""u2"": 0.000423674327237762}",14.931214036395744,18.312641797942803,51.03109366374747,54.41252142529453
primary,light,NGC2903,34,cored_log,cored_log,2,157.13460843086642,4.910456513464576,161.52170520505996,5.150036067206628,164.18732948009875,4.036578768396964,9.141572998744103,2,2,0.7122641447823368,,"{""H"": 0.7879640012023618, ""Rc"": 0.08808790981170461}",-36.099879627351726,-36.099879627351726,0.0,0.0
primary,light,NGC2903,34,pISO,piso,2,193.23448805821815,6.038577751819317,197.62158483241168,41.249915694558354,200.28720910745048,40.13645839574869,12.591343630737999,2,2,0.8907697908887574,,"{""H"": 0.8686335393403026, ""Rc"": 0.0378961461981009}",0.0,0.0,36.099879627351726,36.099879627351726
primary,light,NGC2903,34,NFW,nfw,2,195.97384125093055,6.12418253909158,200.36093802512409,43.989268887270754,203.02656230016288,42.87581158846109,10.852545181420377,2,2,0.9621179439495547,,"{""V200"": 0.5878297461139738, ""c"": 23.189731264428346}",2.7393531927124,2.7393531927124,38.839232820064126,38.839232820064126
primary,light,NGC2976,27,baryons,logsvt,0,1109.4751158518307,41.09167095747521,1109.4751158518307,1097.6410623963536,1109.4751158518307,1095.5493886643449,,0,0,,,{},1097.4607952482452,1095.3691215162364,1097.6410623963536,1095.5493886643449
primary,light,NGC2976,27,Q,logsvt,1,1109.4751295313106,42.67212036658887,1111.6351295313107,1099.8010760758336,1112.7709663973149,1098.845239209829,1.0,1,1,0.0,logQ,"{""Q"": 1.522997976821969e-08}",1099.6208089277252,1098.6649720617206,1099.8010760758336,1098.845239209829
primary,light,NGC2976,27,L,logsvt,1,70.2066050378796,2.700254039918446,72.3666050378796,60.532551582402526,73.50244190388392,59.57671471639819,1.0,1,1,0.0,,"{""L"": 1.6274060942527997}",60.3522844342941,59.396447568289766,60.532551582402526,59.57671471639819
primary,light,NGC2976,27,L_Q,logsvt,2,70.2066057976143,2.808264231904572,74.7066057976143,62.87255234213723,76.79827952962296,62.87255234213723,266672132.84706178,1,2,1.0,logQ,"{""L"": 1.6274061049760848, ""Q"": 1.522997974471279e-08}",62.692285194028806,62.692285194028806,62.87255234213723,62.87255234213723
primary,light,NGC2976,27,k1,logsvt,2,70.20960409606924,2.80838416384277,74.70960409606924,62.875550640592174,76.8012778280779,62.875550640592174,247651.92156539208,2,2,0.99999999996739,logB,"{""B"": 22026.465794783435, ""u1"": 3.69426084438023e-05}",62.695283492483746,62.695283492483746,62.875550640592174,62.875550640592174
primary,light,NGC2976,27,k1_Q,logsvt,3,70.20960485585485,2.9254002023272854,77.25308311672441,65.41902966124735,80.09711545386784,66.17138826638211,1509099021.1359222,2,3,0.9999999999995316,logB;logQ,"{""B"": 22026.465794805856, ""Q"": 1.5229979744712682e-08, ""u1"": 3.694260862570379e-05}",65.23876251313891,65.9911211182737,65.41902966124735,66.17138826638211
primary,light,NGC2976,27,k1_L,logsvt,3,70.20660503842106,2.925275209934211,77.25008329929062,65.41602984381356,80.09411563643405,66.16838844894832,545587226.9971071,1,3,1.0,,"{""B"": 0.00030305877053679863, ""L"": 1.627406015577288, ""u1"": 0.00013383265088098736}",65.23576269570512,65.98812130083991,65.41602984381356,66.16838844894832
primary,light,NGC2976,27,k1_L_Q,logsvt,4,70.20660579761436,3.0524611216354067,80.02478761579617,68.1907341603191,83.38995326163167,69.46422607414596,,1,2,1.0,logQ,"{""B"": 3.6338274716844006e-06, ""L"": 1.6274061074604194, ""Q"": 1.5229979800970357e-08, ""u1"": 8.873037813053137e-07}",68.01046701221068,69.28395892603751,68.1907341603191,69.46422607414596
primary,light,NGC2976,27,k2,logsvt,2,7.334053455477076,0.2933621382190831,11.834053455477076,7.105427357601002e-15,13.925727187485734,7.105427357601002e-15,12.519571815517178,2,2,0.9863943663251712,,"{""B"": 1.1453299980467202, ""u2"": 0.9679581021454605}",-0.18026714810842037,-0.18026714810842037,7.105427357601002e-15,7.105427357601002e-15
primary,light,NGC2976,27,k2_Q,logsvt,3,6.687453338491849,0.27864388910382704,13.730931599361414,1.8968781438843454,16.574963936504837,2.64923674901911,81565.28215205693,3,3,0.9999942490780052,,"{""B"": 761.6618622179226, ""Q"": 77.02213381520049, ""u2"": 0.026644406242753226}",1.716610995775918,2.4689696009106825,1.8968781438843454,2.64923674901911
primary,light,NGC2976,27,k2_L,logsvt,3,7.091099918783779,0.2954624966159908,14.134578179653344,2.3005247241762756,16.978610516796767,3.0528833293110402,17.442926582085718,3,3,0.8225833446072498,,"{""B"": 1.120361422443536, ""L"": -0.1371040279795061, ""u2"": 1.1060155582525568}",2.120257576067848,2.8726161812026128,2.3005247241762756,3.0528833293110402
primary,light,NGC2976,27,k2_L_Q,logsvt,4,6.686424392836342,0.29071410403636266,16.50460621101816,4.670552755541092,19.86977185685366,5.944044669367933,27719.617659178613,4,4,0.9999711544759117,,"{""B"": 195.17611653595665, ""L"": -0.009998476120468159, ""Q"": 37.70409844286908, ""u2"": 0.053667201239000206}",4.490285607432664,5.763777521259506,4.670552755541092,5.944044669367933
primary,light,NGC2976,27,k12,logsvt,3,7.334053590208334,0.30558556625868055,14.377531851077899,2.5434783956008307,17.221564188221322,3.2958370007355953,229887440.61371526,2,3,0.9986949734368851,logu1,"{""B"": 1.1453300405229476, ""u1"": 1.5229979744712735e-08, ""u2"": 0.9679580421463713}",2.363211247492403,3.115569852627168,2.5434783956008307,3.2958370007355953
primary,light,NGC2976,27,k12_Q,logsvt,4,6.6874580253176035,0.29075904457902624,16.50563984349942,4.671586388022352,19.87080548933492,5.945078301849193,14159729.581179503,4,4,0.9999999999746269,logu1,"{""B"": 758.445525533452, ""Q"": 76.85194623788456, ""u1"": 1.5229979744712682e-08, ""u2"": 0.026701285391919162}",4.491319239913924,5.764811153740766,4.671586388022352,5.945078301849193
primary,light,NGC2976,27,k12_L,logsvt,4,6.85634771575456,0.29810207459802435,16.674529533936376,4.840476078459307,20.039695179771876,6.113967992286149,3162290.300235046,4,4,0.9999590487393272,L,"{""B"": 226.99440285980774, ""L"": -99.99999999999909, ""u1"": 0.21977761227576004, ""u2"": 0.03083446198398521}",4.66020893035088,5.9337008441777215,4.840476078459307,6.113967992286149
primary,light,NGC2976,27,k12_L_Q,logsvt,5,6.633172105372868,0.301507822971494,19.490314962515725,7.656261507038657,23.112356435394513,9.186629247908787,162208875.26466155,4,5,1.0,,"{""B"": 13204.793585144414, ""L"": -95.40282191744407, ""Q"": 253.13385049425236, ""u1"": 0.0036093924196568174, ""u2"": 0.004889659388814609}",7.47599435893023,9.00636209980036,7.656261507038657,9.186629247908787
primary,light,NGC2976,27,C,logsvt,1,465.91433276992547,17.919782029612517,468.0743327699255,456.2402793144484,469.2101696359298,455.28444244844405,1.0,1,1,0.0,,"{""C"": 0.4676334245901981}",456.06001216634,455.1041753003356,456.2402793144484,455.28444244844405
primary,light,NGC2976,27,C_Q,logsvt,2,465.9143375203504,18.636573500814016,470.4143375203504,458.5802840648733,472.50601125235903,458.5802840648733,176395702.9717827,1,2,0.9999999999999999,logQ,"{""C"": 0.46763339477975646, ""Q"": 1.5229979744712682e-08}",458.4000169167649,458.40001691676486,458.5802840648733,458.5802840648733
primary,light,NGC2976,27,C_L,logsvt,2,70.20661167093341,2.8082644668373367,74.70661167093341,62.872558215456344,76.79828540294207,62.872558215456344,34296846.86832844,2,2,1.0,logC,"{""C"": 1.5229979744713493e-08, ""L"": 1.6274060599650793}",62.69229106734792,62.69229106734792,62.872558215456344,62.872558215456344
primary,light,NGC2976,27,C_L_Q,logsvt,3,70.20661243066813,2.9252755179445056,77.2500906915377,65.41603723606062,80.09412302868111,66.16839584119538,302126126.8803379,2,3,1.0,logC;logQ,"{""C"": 1.5229979746236736e-08, ""L"": 1.6274060656268383, ""Q"": 1.5229979750711935e-08}",65.2357700879522,65.98812869308696,65.41603723606062,66.16839584119538
primary,light,NGC2976,27,C_k1,logsvt,3,70.20961072910211,2.9254004470459214,77.25308898997167,65.41903553449461,80.0971213271151,66.17139413962937,105778325.264841,2,3,1.0,logC;logB,"{""B"": 22026.465794797445, ""C"": 1.5229979744712682e-08, ""u1"": 3.6942607632134705e-05}",65.23876838638617,65.99112699152096,65.41903553449461,66.17139413962937
primary,light,NGC2976,27,C_k1_Q,logsvt,4,70.20961148888772,3.0525918038646833,80.02779330706953,68.19373985159245,83.39295895290503,69.46723176541931,1069539082.514565,2,4,1.0,logC;logB;logQ,"{""B"": 22026.465794806678, ""C"": 1.5229979744712682e-08, ""Q"": 1.5229979744712682e-08, ""u1"": 3.694260780587339e-05}",68.01347270348404,69.28696461731087,68.19373985159245,69.46723176541931
primary,light,NGC2976,27,C_k1_L,logsvt,4,70.20661167093341,3.0524613769971047,80.02479348911523,68.19074003363815,83.38995913495073,69.46423194746501,,2,2,1.0,logC,"{""B"": 1.965887820902659e-07, ""C"": 1.5229979746588327e-08, ""L"": 1.62740606131824, ""u1"": 1.3392474809173793e-06}",68.01047288552974,69.28396479935657,68.19074003363815,69.46423194746501
primary,light,NGC2976,27,C_k1_L_Q,logsvt,5,70.20661243066813,3.1912096559394603,83.06375528781099,71.22970183233392,86.68579676068978,72.76006957320405,6.2503527896527964e+25,2,3,1.0,logC;logQ,"{""B"": 4.5853177200258445e-06, ""C"": 1.5229979744723667e-08, ""L"": 1.6274060696095631, ""Q"": 1.5229979766874733e-08, ""u1"": 2.7970409076257468e-06}",71.0494346842255,72.57980242509564,71.22970183233392,72.76006957320405
primary,light,NGC2976,27,C_k2,logsvt,3,7.3340543861322365,0.3055855994221765,14.377532647001802,2.5434791915247335,17.221564984145225,3.295837796659498,41053840.129390255,3,3,0.9987236826352136,logC,"{""B"": 1.1453300801326898, ""C"": 1.5229979744713063e-08, ""u2"": 0.9679579836156685}",2.363212043416306,3.1155706485510706,2.5434791915247335,3.295837796659498
primary,light,NGC2976,27,C_k2_Q,logsvt,4,6.687453878651223,0.2907588642891836,16.50563569683304,4.671582241355971,19.87080134266854,5.945074155182812,1377669150.766313,3,4,1.0,logC,"{""B"": 761.7484002818924, ""C"": 1.5229979744712682e-08, ""Q"": 77.02667954001511, ""u2"": 0.02664287095171889}",4.491315093247543,5.764807007074385,4.671582241355971,5.945074155182812
primary,light,NGC2976,27,C_k2_L,logsvt,4,7.091100139863219,0.3083087017331834,16.909281958045035,5.075228502567967,20.274447603880535,6.3487204163948086,107322091.61948834,3,4,0.9745312282916412,logC,"{""B"": 1.1203614406585878, ""C"": 1.5229979744720474e-08, ""L"": -0.13710425833794596, ""u2"": 1.1060156922550228}",4.894961354459539,6.168453268286381,5.075228502567967,6.3487204163948086
primary,light,NGC2976,27,C_k2_L_Q,logsvt,5,6.686424888313377,0.3039284040142444,19.543567745456233,7.709514289979165,23.16560921833502,9.239882030849294,1567731928.665487,4,5,1.0,logC,"{""B"": 195.17356740905623, ""C"": 1.5229979744712682e-08, ""L"": -0.009998715261206107, ""Q"": 37.70383608132712, ""u2"": 0.053667567039146664}",7.529247141870737,9.059614882740867,7.709514289979165,9.239882030849294
primary,light,NGC2976,27,C_k12,logsvt,4,7.334054520863697,0.31887193568972594,17.152236339045515,5.318182883568447,20.517401984881012,6.591674797395285,497253200.15359807,3,4,0.9999988848142443,logC;logu1,"{""B"": 1.145330124903063, ""C"": 1.522997974471355e-08, ""u1"": 1.5229979744726536e-08, ""u2"": 0.9679579208654326}",5.13791573546002,6.411407649286858,5.318182883568447,6.591674797395285
primary,light,NGC2976,27,C_k12_Q,logsvt,5,6.687458565652191,0.30397538934782686,19.54460142279505,7.710547967317982,23.16664289567384,9.240915708188112,3117252575.984154,4,5,1.0,logC;logu1,"{""B"": 758.7054716933693, ""C"": 1.5229979744712682e-08, ""Q"": 76.86562970744251, ""u1"": 1.5229979744712682e-08, ""u2"": 0.02669664519318641}",7.530280819209555,9.060648560079684,7.710547967317982,9.240915708188112
primary,light,NGC2976,27,C_k12_L,logsvt,5,6.8563478210179305,0.3116521736826332,19.713490678160788,7.87943722268372,23.335532151039576,9.40980496355385,5450736105.683881,4,5,1.0,logC;L,"{""B"": 226.99439004077564, ""C"": 1.5229979744712682e-08, ""L"": -99.99999999005598, ""u1"": 0.2197776242304901, ""u2"": 0.030834465646070706}",7.699170074575292,9.229537815445422,7.87943722268372,9.40980496355385
primary,light,NGC2976,27,C_k12_L_Q,logsvt,6,6.6332442167626615,0.3158687722267934,22.83324421676266,10.999190761285593,26.408265412788637,12.48253822530291,7711223101.973171,4,6,1.0,,"{""B"": 12110.88499536751, ""C"": 3.959955404009229e-08, ""L"": -91.3973441615457, ""Q"": 242.27634347019222, ""u1"": 0.003770038135667028, ""u2"": 0.005107204834185689}",10.818923613177166,12.302271077194483,10.999190761285593,12.48253822530291
primary,light,NGC2976,27,cored_log,cored_log,2,7.3340534554770676,0.2933621382190827,11.834053455477068,0.0,13.925727187485727,0.0,13.215598997070588,2,2,0.9863943671607798,,"{""H"": 4.581320055916231, ""Rc"": 1.016416541191477}",-0.18026714810842748,-0.18026714810842748,0.0,0.0
primary,light,NGC2976,27,pISO,piso,2,7.514320603585495,0.3005728241434198,12.014320603585496,0.18026714810842748,14.105994335594154,0.18026714810842748,14.656906466641189,2,2,0.988906323910526,,"{""H"": 7.392902881165164, ""Rc"": 0.7409723177904525}",0.0,0.0,0.18026714810842748,0.18026714810842748
primary,light,NGC2976,27,NFW,nfw,2,70.4504098637816,2.818016394551264,74.9504098637816,63.11635640830453,77.04208359579026,63.11635640830453,45.61108122907063,2,2,0.9989569132356264,,"{""V200"": 17.03272714449935, ""c"": 1.1337844393326606}",62.936089260196105,62.936089260196105,63.11635640830453,63.11635640830453
primary,light,NGC3198,43,baryons,logsvt,0,51080.323175589896,1187.914492455579,51080.323175589896,51050.88595156898,51080.323175589896,51046.21773583728,,0,0,,,{},50975.768433607256,50972.546033375875,51037.41870538807,51034.19630515668
primary,light,NGC3198,43,Q,logsvt,1,51080.32399274497,1216.1981903034516,51082.42155372058,51052.98432969966,51084.085192860664,51049.97975310805,1.0,1,1,0.0,logQ,"{""Q"": 1.5229979746043516e-08}",50977.86681173794,50976.30805064664,51039.51708351875,51037.95832242745
primary,light,NGC3198,43,L,logsvt,1,8875.938588068151,211.33187114447978,8878.03614904376,8848.598925022843,8879.699788183845,8845.594348431232,1.0,1,1,0.0,,"{""L"": 1.725582727064093}",8773.481407061125,8771.922645969822,8835.131678841934,8833.572917750631
primary,light,NGC3198,43,L_Q,logsvt,2,1397.738082938576,34.09117275459942,1402.038082938576,1372.6008589176581,1405.2604831699632,1371.1550434173491,9.79958906213971,2,2,0.9487477588820068,,"{""L"": 4.077510810503699, ""Q"": 3.6128256877480114}",1297.4833409559396,1297.4833409559396,1359.133612736748,1359.133612736748
primary,light,NGC3198,43,k1,logsvt,2,167.92182359848712,4.095654234109442,172.22182359848713,142.78459957756922,175.44422382987426,141.33878407726027,8.486419023670141,2,2,0.8762446280449979,,"{""B"": 0.5020403579340728, ""u1"": 12.580061100862604}",67.6670816158507,67.6670816158507,129.31735339665914,129.31735339665914
primary,light,NGC3198,43,k1_Q,logsvt,3,99.55234202174012,2.488808550543503,106.16772663712473,76.7305026162068,110.83594236882081,76.73050261620682,29.291871791482926,3,3,0.968255302974239,,"{""B"": 0.618654665015548, ""Q"": 0.294020321099457, ""u1"": 7.739973314871581}",1.6129846544883009,3.058800154797254,63.26325643529675,64.7090719356057
primary,light,NGC3198,43,k1_L,logsvt,3,81.74199061554542,2.0435497653886356,88.35737523093003,58.92015121001211,93.02559096262611,58.920151210012115,32.56541796075919,3,3,0.9850786383304309,,"{""B"": 0.7978781520944515, ""L"": -0.5546805254820425, ""u1"": 5.813879207647802}",-16.197366751706397,-14.751551251397444,45.452905029102055,46.89872052941101
primary,light,NGC3198,43,k1_L_Q,logsvt,4,81.7419913566469,2.09594849632428,90.79462293559428,61.35739891467635,96.78679181942115,62.68135206680716,1571197149.5968096,3,4,0.9968029554690571,logQ,"{""B"": 0.7978782264729835, ""L"": -0.5546806296538773, ""Q"": 1.5229979744714846e-08, ""u1"": 5.813878380937781}",-13.760119047042153,-10.990350394602402,47.8901527337663,50.65992138620605
primary,light,NGC3198,43,k2,logsvt,2,38.604470201827915,0.9415724439470223,42.90447020182791,13.467246180909989,46.12687043321504,12.021430680601043,7.787230955633774,2,2,0.7124645675786677,,"{""B"": 0.22519235414437636, ""u2"": 130.92428257262034}",-61.65027178080852,-61.65027178080852,-6.394884621840902e-14,-6.394884621840902e-14
primary,light,NGC3198,43,k2_Q,logsvt,3,26.206491854860506,0.6551622963715127,32.821876470245115,3.3846524493271914,37.490092201941195,3.3846524493271986,50.59930236650243,3,3,0.8750340769686575,,"{""B"": 0.2366738775051407, ""Q"": 0.09810192075627687, ""u2"": 111.79542510826856}",-71.73286551239131,-70.28705001208236,-10.082593731582861,-8.636778231273908
primary,light,NGC3198,43,k2_L,logsvt,3,22.821839405533307,0.5705459851383327,29.437224020917924,0.0,34.105439752614,0.0,15.59999403858625,3,3,0.9552102719166968,,"{""B"": 0.2492781130361824, ""L"": -0.14410224677659755, ""u2"": 103.94037871723211}",-75.1175179617185,-73.67170246140955,-13.467246180910053,-12.021430680601107
primary,light,NGC3198,43,k2_L_Q,logsvt,4,22.82183983361884,0.585175380349201,31.87447141256621,2.4372473916482846,37.866640296393086,3.76120054377909,2046236410.4555142,3,4,0.9829264631357267,logQ,"{""B"": 0.2492781109901944, ""L"": -0.1441022240045239, ""Q"": 1.5229979750236813e-08, ""u2"": 103.94037989458266}",-72.68027057007022,-69.91050191763047,-11.029998789261768,-8.260230136822017
primary,light,NGC3198,43,k12,logsvt,3,38.60447025845884,0.965111756461471,45.21985487384345,15.782630852925529,49.888070605539525,15.782630852925529,3415174141.350655,2,3,0.9999782539340754,logu1,"{""B"": 0.22519235405979857, ""u1"": 1.5229979744712682e-08, ""u2"": 130.92428299197124}",-59.33488710879298,-57.88907160848403,2.315384672015476,3.761200172324422
primary,light,NGC3198,43,k12_Q,logsvt,4,26.206491871768172,0.6719613300453378,35.25912345071554,5.821899429797618,41.25129233454242,7.145852581928423,1471019859.7266388,3,4,0.9997432360361048,,"{""B"": 0.23667387754514294, ""Q"": 0.0981019200482152, ""u1"": 1.7992900163946432e-08, ""u2"": 111.79542501204028}",-69.2956185319209,-66.52584987948114,-7.6453467511124344,-4.875578098672683
primary,light,NGC3198,43,k12_L,logsvt,4,22.81079636049389,0.5848922143716382,31.86342793944126,2.426203918523335,37.85559682326814,3.75015707065414,2003.9455368957456,4,4,0.964890921607947,,"{""B"": 0.25025902238567366, ""L"": -0.14778134151212688, ""u1"": 0.15870788853863466, ""u2"": 103.4340833364625}",-72.69131404319518,-69.92154539075543,-11.041042262386718,-8.271273609946967
primary,light,NGC3198,43,k12_L_Q,logsvt,5,22.810796801816,0.600284126363579,34.43241842343762,4.995194402519694,41.61679738028381,7.511357627669817,1375965194.249067,4,5,0.9999999651155023,logQ,"{""B"": 0.25025901903715986, ""L"": -0.14778131603881306, ""Q"": 1.5229985939520822e-08, ""u1"": 0.15870748349755898, ""u2"": 103.43408461668169}",-70.1223235591988,-66.16034483373974,-8.472051778390359,-4.51007305293129
primary,light,NGC3198,43,C,logsvt,1,1166.5049305028601,27.773926916734766,1168.6024914784698,1139.1652674575519,1170.2661306185537,1136.1606908659396,1.0,1,1,0.0,,"{""C"": 0.7447832223455377}",1064.0477494958334,1062.4889884045301,1125.6980212766418,1124.1392601853386
primary,light,NGC3198,43,C_Q,logsvt,2,1166.5049651085624,28.45134061240396,1170.8049651085623,1141.3677410876444,1174.0273653399495,1139.9219255873354,176384004.20943338,1,2,0.9999999999999998,logQ,"{""C"": 0.7447832266625801, ""Q"": 1.522997975240253e-08}",1066.250223125926,1066.250223125926,1127.9004949067344,1127.9004949067344
primary,light,NGC3198,43,C_L,logsvt,2,617.0930820143178,15.05105078083702,621.3930820143178,591.9558579933998,624.6154822457049,590.510042493091,3.116988104592644,2,2,0.7868988307802783,,"{""C"": 0.6026104078385682, ""L"": 0.3978321898592625}",516.8383400316814,516.8383400316814,578.4886118124898,578.4886118124898
primary,light,NGC3198,43,C_L_Q,logsvt,3,327.1508583027877,8.178771457569692,333.76624291817234,304.3290188972544,338.43445864986836,304.32901889725434,15.516347658098454,3,3,0.9774452805990103,,"{""C"": 0.4142419585883018, ""L"": 1.71775820023977, ""Q"": 1.3940559847532052}",229.21150093553592,230.6573164358448,290.8617727163444,292.30758821665324
primary,light,NGC3198,43,C_k1,logsvt,3,167.92182718692536,4.198045679673134,174.53721180230997,145.09998778139203,179.20542753400605,145.09998778139206,715344004.6627538,2,3,0.9984033449063554,logC,"{""B"": 0.5020403508322878, ""C"": 1.5229979744814025e-08, ""u1"": 12.580060749244346}",69.98246981967354,71.42828531998249,131.632741600482,133.07855710079093
primary,light,NGC3198,43,C_k1_Q,logsvt,4,99.55234552305492,2.5526242441808953,108.6049771020023,79.16775308108437,114.59714598582917,80.49170623321518,734121471.3844004,3,4,0.981612143764503,logC,"{""B"": 0.6186546472998069, ""C"": 1.5229979744717986e-08, ""Q"": 0.29402029913401534, ""u1"": 7.7399734280010115}",4.050235119365865,6.820003771805617,65.70050690017432,68.47027555261407
primary,light,NGC3198,43,C_k1_L,logsvt,4,81.74199420629562,2.095948569392195,90.79462578524299,61.35740176432506,96.78679466906986,62.68135491645587,723445089.8784348,3,4,0.9978318633921254,logC,"{""B"": 0.7978782144950387, ""C"": 1.5229979744924894e-08, ""L"": -0.5546806310829951, ""u1"": 5.813878321785698}",-13.760116197393444,-10.990347544953693,47.89015558341501,50.65992423585476
primary,light,NGC3198,43,C_k1_L_Q,logsvt,5,81.74199494739953,2.1511051301947246,93.36361656902116,63.92639254810324,100.54799552586735,66.44255577325336,1658148532.3125668,3,5,0.997478871338801,logC;logQ,"{""B"": 0.7978782145221522, ""C"": 1.522997974475229e-08, ""L"": -0.5546806180720835, ""Q"": 1.5229979744835833e-08, ""u1"": 5.813878294056637}",-11.191125413615268,-7.229146688156206,50.459146367193185,54.42112509265225
primary,light,NGC3198,43,C_k2,logsvt,3,38.6044711789598,0.965111779473995,45.21985579434441,15.782631773426488,49.888071526040484,15.782631773426488,367497726.9819551,2,3,0.9970428259546644,logC,"{""B"": 0.22519235059688217, ""C"": 1.522997982723475e-08, ""u2"": 130.92427836136417}",-59.33488618829202,-57.88907068798307,2.315385592516435,3.761201092825381
primary,light,NGC3198,43,C_k2_Q,logsvt,4,26.206492077688857,0.6719613353253553,35.25912365663623,5.821899635718303,41.251292540463105,7.145852787849108,375551439.704918,3,4,0.991096030871449,logC,"{""B"": 0.23667387403402212, ""C"": 1.5229979744712735e-08, ""Q"": 0.09810192154699275, ""u2"": 111.79542161820808}",-69.29561832600021,-66.52584967356046,-7.6453465451917495,-4.875577892751998
primary,light,NGC3198,43,C_k2_L,logsvt,4,22.768871450554613,0.5838172166808875,31.821503029501983,2.384279008584059,37.81367191332886,3.7082321607148643,839.0671443286539,4,4,0.7763327819075904,,"{""B"": 0.24800558275851736, ""C"": 0.007776519150358844, ""L"": -0.14738063051084113, ""u2"": 101.93110027419904}",-72.73323895313445,-69.9634703006947,-11.082967172325993,-8.313198519886242
primary,light,NGC3198,43,C_k2_L_Q,logsvt,5,22.768871900001642,0.5991808394737275,34.39049352162326,4.953269500705339,41.57487247846946,7.469432725855462,1121727198.6976638,4,5,0.9999982526912946,logQ,"{""B"": 0.2480055817345738, ""C"": 0.007776515073541106, ""L"": -0.14738060770113076, ""Q"": 1.522997983891705e-08, ""u2"": 101.93110207125483}",-70.16424846101316,-66.2022697355541,-8.513976680204713,-4.551997954745644
primary,light,NGC3198,43,C_k12,logsvt,4,38.60447123559057,0.9898582368100147,47.65710281453794,18.21987879362002,53.64927169836482,19.543831945750824,2259096169.097923,2,4,0.9993163486912479,logC;logu1,"{""B"": 0.22519235046351038, ""C"": 1.5229979770195705e-08, ""u1"": 1.5229979778112267e-08, ""u2"": 130.92427900406068}",-56.897639168098486,-54.127870515658735,4.7526326127099665,7.522401265149718
primary,light,NGC3198,43,C_k12_Q,logsvt,5,26.206492092022327,0.6896445287374297,37.82811371364395,8.390889692726027,45.01249267049014,10.907052917876143,2214670560.259877,3,5,0.9992561279814914,logC;logu1,"{""B"": 0.23667387379092755, ""C"": 1.5231235343587134e-08, ""Q"": 0.09810191943743973, ""u1"": 1.523383667870721e-08, ""u2"": 111.795421953618}",-66.72662826899247,-62.764649543533416,-5.076356488184025,-1.1143777627249634
primary,light,NGC3198,43,C_k12_L,logsvt,5,22.768871452494334,0.5991808276972194,34.39049307411596,4.953269053198035,41.57487203096215,7.469432278348151,1150370349.160074,4,5,0.9999969814275622,logu1,"{""B"": 0.2480055940097219, ""C"": 0.007776448106117336, ""L"": -0.1473805988921275, ""u1"": 1.5230016656721575e-08, ""u2"": 101.9311189443572}",-70.16424890852048,-66.20227018306142,-8.513977127712018,-4.551998402252956
primary,light,NGC3198,43,C_k12_L_Q,logsvt,6,22.768871901938866,0.615374916268618,37.1022052352722,7.6649812143542775,45.33607259610024,11.23063284348624,1455136564.8211446,4,6,1.0,logu1;logQ,"{""B"": 0.2480055880752547, ""C"": 0.007776474793878108, ""L"": -0.1473805894036337, ""Q"": 1.522997974707811e-08, ""u1"": 1.5229979792169946e-08, ""u2"": 101.93111271176814}",-67.45253674736423,-62.44106961792332,-5.802264966555775,-0.7907978371148658
primary,light,NGC3198,43,cored_log,cored_log,2,38.60447020182798,0.9415724439470239,42.904470201827976,13.467246180910053,46.1268704332151,12.021430680601107,4.112890222239758,2,2,0.7124645645438166,,"{""H"": 0.900769416233248, ""Rc"": 0.0873956663247604}",-61.65027178080845,-61.65027178080845,0.0,0.0
primary,light,NGC3198,43,pISO,piso,2,100.25474198263643,2.445237609332596,104.55474198263643,75.1175179617185,107.77714221402356,73.67170246140955,6.135931651684341,2,2,0.8150289782106805,,"{""H"": 0.9792757332217613, ""Rc"": 0.036755012110090704}",0.0,0.0,61.65027178080845,61.65027178080845
primary,light,NGC3198,43,NFW,nfw,2,68.93070714609162,1.6812367596607711,73.23070714609162,43.793483125173694,76.45310737747874,42.34766762486475,5.513109418887042,2,2,0.8666863510400383,,"{""V200"": 0.7319842568829023, ""c"": 13.526259848182741}",-31.32403483654481,-31.32403483654481,30.32623694426364,30.32623694426364
primary,light,NGC3521,41,baryons,logsvt,0,2128.7355627129728,51.920379578365186,2128.7355627129728,2120.1870297999717,2128.7355627129728,2115.6949622485076,,0,0,,,{},2115.1898745930553,2112.078519933331,2106.7538329603426,2103.642478300618
primary,light,NGC3521,41,Q,logsvt,1,2128.735601033204,53.218390025830104,2130.838165135768,2122.289632222767,2132.4491730999084,2119.4085726354433,1.0,1,1,0.0,logQ,"{""Q"": 1.5229979761110906e-08}",2117.2924770158506,2115.7921303202666,2108.856435383138,2107.356088687554
primary,light,NGC3521,41,L,logsvt,1,507.23800427860266,12.680950106965067,509.34056838116675,500.7920354681657,510.951576345307,497.9109758808417,1.0,1,1,0.0,,"{""L"": 1.3281532859052951}",495.7948802612494,494.29453356566523,487.35883862853643,485.85849193295223
primary,light,NGC3521,41,L_Q,logsvt,2,130.5359320665033,3.3470751811923924,134.85172154018753,126.3031886271865,137.9630761999119,124.92247573544661,7.978174135490721,2,2,0.9449091260660629,,"{""L"": 3.2314384513304626, ""Q"": 2.770563933023733}",121.30603342027017,121.30603342027015,112.8699917875572,112.86999178755718
primary,light,NGC3521,41,k1,logsvt,2,6.572756569173837,0.1685322197224061,10.888546042858048,2.34001312985702,13.999900702582453,0.9593002381171516,7.618647900676422,2,2,0.8517521040401564,,"{""B"": 0.360991590397634, ""u1"": 16.94663652468193}",-2.6571420770593104,-2.6571420770593104,-11.093183709772282,-11.093183709772282
primary,light,NGC3521,41,k1_Q,logsvt,3,6.572757233307524,0.1729672956133559,13.221405881956173,4.672872968955145,17.713473433420447,4.672872968955145,220860398.8649683,2,3,0.9989153446379457,logQ,"{""B"": 0.36099159367495953, ""Q"": 1.5229979744712953e-08, ""u1"": 16.94663622966472}",-0.32428223796118516,1.0564306537786834,-8.760323870674156,-7.379610978934288
primary,light,NGC3521,41,k1_L,logsvt,3,2.5917951913262196,0.06820513661384789,9.24044383997487,0.6919109269738417,13.732511391439143,0.6919109269738417,21.122448511967956,3,3,0.9319121791004101,,"{""B"": 0.27924066272907316, ""L"": 0.21025461234466417, ""u1"": 34.21992895189099}",-4.305244279942489,-2.9245313882026203,-12.74128591265546,-11.360573020915592
primary,light,NGC3521,41,k1_L_Q,logsvt,4,2.5917952007078844,0.07004851893805093,11.702906311818996,3.1543733988179685,17.446083467525117,4.405483003059816,1001475132.2589849,3,4,0.9944012279901909,logQ,"{""B"": 0.2792406612727165, ""L"": 0.21025462815252932, ""Q"": 1.5229979750212897e-08, ""u1"": 34.21992907413017}",-1.842781808098362,0.7890406878833538,-10.278823440811333,-7.6470009448296175
primary,light,NGC3521,41,k2,logsvt,2,17.665940278946106,0.4529728276652848,21.981729752630315,13.433196839629288,25.09308441235472,12.052483947889419,8.009205720716114,2,2,0.635939768177568,,"{""B"": 0.1543205124990955, ""u2"": 383.21007249764904}",8.436041632712957,8.436041632712957,-1.4210854715202004e-14,-1.4210854715202004e-14
primary,light,NGC3521,41,k2_Q,logsvt,3,17.665942065545657,0.4648932122512015,24.314590714194306,15.766057801193279,28.80665826565858,15.766057801193279,155453735.55628282,2,3,0.999433382535032,logQ,"{""B"": 0.15432051286874118, ""Q"": 1.5229979744712682e-08, ""u2"": 383.2100845595312}",10.768902594276948,12.149615486016817,2.332860961563977,3.7135738533038456
primary,light,NGC3521,41,k2_L,logsvt,3,1.8998842643523783,0.04999695432506259,8.548532913001027,0.0,13.040600464465301,0.0,17.889288163237005,3,3,0.8285814705520265,,"{""B"": 0.12100247762746537, ""L"": 0.28041716752413964, ""u2"": 909.4245281809434}",-4.9971552069163305,-3.616442315176462,-13.433196839629302,-12.052483947889433
primary,light,NGC3521,41,k2_L_Q,logsvt,4,1.860449154401937,0.050282409578430734,10.971560265513048,2.4230273525120207,16.71473742121917,3.674136956753868,194.9052653613564,4,4,0.9854555669419226,,"{""B"": 0.11754164790998338, ""L"": 0.3580256380162986, ""Q"": 0.07383479106310349, ""u2"": 983.3478517392701}",-2.57412785440431,0.057694641577406,-11.010169487117281,-8.378346991135565
primary,light,NGC3521,41,k12,logsvt,3,2.7939572982762315,0.07352519205990082,9.44260594692488,0.8940730339238527,13.934673498389154,0.8940730339238527,111.50392722508222,3,3,0.9966635545778311,,"{""B"": 0.26475230199946403, ""u1"": 37.69084678224817, ""u2"": 26.18119734243835}",-4.103082172992478,-2.7223692812526092,-12.539123805705449,-11.15841091396558
primary,light,NGC3521,41,k12_Q,logsvt,4,2.793957402518428,0.0755123622302278,11.905068513629539,3.3565356006285114,17.648245669335658,4.607645204870357,374275404.9856247,3,4,0.9998847758581864,logQ,"{""B"": 0.26475235386888385, ""Q"": 1.5230091185355314e-08, ""u1"": 37.690825117822136, ""u2"": 26.18115461058698}",-1.640619606287819,0.9912028896938949,-10.07666123900079,-7.444838743019076
primary,light,NGC3521,41,k12_L,logsvt,4,1.8998842644655745,0.051348223363934443,11.010995375576686,2.462462462575658,16.754172531282805,3.7135720668175036,1594894331.781445,3,4,0.9979297550058293,logu1,"{""B"": 0.1210024778463148, ""L"": 0.28041716626806973, ""u1"": 1.523004687538829e-08, ""u2"": 909.4245149645202}",-2.5346927443406724,0.09712975164104165,-10.970734377053644,-8.33891188107193
primary,light,NGC3521,41,k12_L_Q,logsvt,5,2.5917952139551375,0.07199431149875382,14.306080928240851,5.7575480152398235,21.159655547476678,8.119055083011377,1235037875.9869642,3,5,0.9938460263811661,,"{""B"": 0.27924065441368834, ""L"": 0.21015417006557033, ""Q"": 1.865513335829928e-08, ""u1"": 34.22011156037041, ""u2"": 0.00615743373663067}",0.760392808323493,4.502612767834915,-7.675648824389478,-3.9334288648780564
primary,light,NGC3521,41,C,logsvt,1,64.04731961428699,1.6011829903571748,66.1498837168511,57.60135080385007,67.76089168099129,54.72029121652599,1.0,1,1,0.0,,"{""C"": 0.526871813127115}",52.604195596933735,51.10384890134953,44.168153964220764,42.66780726863656
primary,light,NGC3521,41,C_Q,logsvt,2,64.04732355998013,1.6422390656405161,68.36311303366433,59.81458012066331,71.47446769338875,58.43386722892345,119269918.06485985,1,2,1.0,logQ,"{""C"": 0.5268718164719582, ""Q"": 1.5229979744712682e-08}",54.817424913746976,54.81742491374698,46.381383281034005,46.38138328103401
primary,light,NGC3521,41,C_L,logsvt,2,10.175850471560763,0.26091924286053236,14.491639945244973,5.943107032243946,17.60299460496938,4.562394140504077,2.4622887147268187,2,2,0.7122295398473449,,"{""C"": 0.41597771683574886, ""L"": 0.38521194253911395}",0.9459518253276151,0.9459518253276151,-7.490089807385356,-7.490089807385356
primary,light,NGC3521,41,C_L_Q,logsvt,3,5.778099162247513,0.15205524111177668,12.426747810896163,3.878214897895136,16.918815362360437,3.878214897895136,18.72634844658221,3,3,0.9749813068769324,,"{""C"": 0.35848405711711007, ""L"": 0.8799295543300236, ""Q"": 0.5307242533455581}",-1.1189403090211947,0.2617725827186739,-9.554981941734166,-8.174269049994297
primary,light,NGC3521,41,C_k1,logsvt,3,4.2034932284129845,0.11061824285297328,10.852141877061634,2.303608964060606,15.344209428525907,2.303608964060606,20.7317972714082,3,3,0.9070994830052513,,"{""B"": 0.275962602629491, ""C"": 0.2797035944443917, ""u1"": 4.177720327020318}",-2.6935462428557244,-1.3128333511158559,-11.129587875568696,-9.748874983828827
primary,light,NGC3521,41,C_k1_Q,logsvt,4,4.203493344238969,0.11360792822267483,13.314604455350079,4.766071542349051,19.0577816110562,6.017181146590898,373478443.6238383,3,4,0.9993340495084627,logQ,"{""B"": 0.2759626066450071, ""C"": 0.2797035483350497, ""Q"": 1.5229979744712682e-08, ""u1"": 4.177721971473247}",-0.23108366456727936,2.4007388314144364,-8.66712529728025,-6.035302801298535
primary,light,NGC3521,41,C_k1_L,logsvt,4,2.591795215207362,0.0700485193299287,11.702906326318473,3.1543734133174457,17.446083482024594,4.405483017559293,1072779690.6198082,3,4,0.9989052893616249,logC,"{""B"": 0.2792406569907644, ""C"": 1.5229979744896594e-08, ""L"": 0.21025460808933072, ""u1"": 34.21992680028908}",-1.8427817935988848,0.789040702382831,-10.278823426311856,-7.64700093033014
primary,light,NGC3521,41,C_k1_L_Q,logsvt,5,2.5917952245890254,0.07199431179413959,14.30608093887474,5.757548025873712,21.159655558110565,8.119055093645263,1474084807.4117174,3,5,0.998710505222807,logC;logQ,"{""B"": 0.2792406540436463, ""C"": 1.5229979810480013e-08, ""L"": 0.2102546273993536, ""Q"": 1.522997989461157e-08, ""u1"": 34.21992765983828}",0.7603928189573814,4.5026127784688015,-7.67564881375559,-3.9334288542441698
primary,light,NGC3521,41,C_k2,logsvt,3,6.4725964488433885,0.17033148549587865,13.121245097492038,4.57271218449101,17.61331264895631,4.572712184491008,15.660683488588182,3,3,0.7258601947705239,,"{""B"": 0.08748686584000695, ""C"": 0.38517641794294516, ""u2"": 16.36964195046849}",-0.4244430224253204,0.9562698693145464,-8.860484655138292,-7.479771763398425
primary,light,NGC3521,41,C_k2_Q,logsvt,4,6.472596595192008,0.17493504311329752,15.58370770630312,7.035174793302092,21.32688486200924,8.28628439754394,360084417.78263813,3,4,0.9933998467635785,logQ,"{""B"": 0.08748686649319992, ""C"": 0.38517638779375873, ""Q"": 1.5229979744847195e-08, ""u2"": 16.36965210386088}",2.0380195863857615,4.669842082367477,-6.39802204632721,-3.766199550345494
primary,light,NGC3521,41,C_k2_L,logsvt,4,1.8998842733278731,0.051348223603456034,11.010995384438983,2.4624624714379557,16.754172540145106,3.7135720756798047,872028418.4515038,3,4,0.9977529278321521,logC,"{""B"": 0.12100247404316625, ""C"": 1.5229979744830314e-08, ""L"": 0.2804171663620376, ""u2"": 909.4244794590672}",-2.534692735478375,0.09712976050334277,-10.970734368191346,-8.338911872209628
primary,light,NGC3521,41,C_k2_L_Q,logsvt,5,1.8604491659795963,0.05167914349943323,13.574734880265309,5.0262019672642815,20.428309499501136,7.387709035035835,1064197839.9913915,4,5,0.990444260923805,logC,"{""B"": 0.117541639682003, ""C"": 1.5229985033523797e-08, ""L"": 0.35802573678959326, ""Q"": 0.07383488503893199, ""u2"": 983.3479164074884}",0.02904676034795095,3.771266719859373,-8.40699487236502,-4.6647749128535985
primary,light,NGC3521,41,C_k12,logsvt,4,2.793957332203474,0.07551236032982361,11.905068443314585,3.3565355303135576,17.648245599020704,4.607645134555403,1122081715.1493428,3,4,0.9971295077203727,logC,"{""B"": 0.2647523664815401, ""C"": 1.5230678445541394e-08, ""u1"": 37.69081621509605, ""u2"": 26.181136445016502}",-1.640619676602773,0.9912028193789411,-10.076661309315744,-7.44483881333403
primary,light,NGC3521,41,C_k12_Q,logsvt,5,2.7939574364461004,0.07760992879016945,14.508243150731813,5.959710237730786,21.36181776996764,8.321217305502339,1100754530.7750895,3,5,0.9998942787731715,logC;logQ,"{""B"": 0.26475231379340886, ""C"": 1.523006325570645e-08, ""Q"": 1.5230017935828867e-08, ""u1"": 37.6908338165679, ""u2"": 26.181181947711885}",0.962555030814455,4.704774990325877,-7.473486601898516,-3.7312666423870944
primary,light,NGC3521,41,C_k12_L,logsvt,5,2.5917952228721917,0.07199431174644977,14.306080937157905,5.757548024156877,21.159655556393734,8.119055091928432,1311879303.4764135,3,5,0.9973608835239428,,"{""B"": 0.2792406532960943, ""C"": 1.5290348992538333e-08, ""L"": 0.21017177791648423, ""u1"": 34.22007642722121, ""u2"": 0.005076417282561501}",0.7603928172405467,4.50261277675197,-7.6756488154724245,-3.933428855961001
primary,light,NGC3521,41,C_k12_L_Q,logsvt,6,1.8604491805557564,0.05315569087302161,16.331037415849874,7.782504502848846,24.141881580781604,11.101281116316303,1301352855.1042886,4,6,0.9999469035144561,,"{""B"": 0.11754163482118125, ""C"": 3.0220681293374855e-08, ""L"": 0.3580257678040172, ""Q"": 0.07383491641851789, ""u1"": 2.6508754508302457e-07, ""u2"": 983.347897777106}",2.785349295932516,7.484838801139841,-5.650692336780455,-0.9512028315731307
primary,light,NGC3521,41,cored_log,cored_log,2,17.66594027894612,0.4529728276652851,21.98172975263033,13.433196839629302,25.093084412354735,12.052483947889433,4.143609156105549,2,2,0.6359397605683711,,"{""H"": 0.6172820500680399, ""Rc"": 0.051083605559686225}",8.436041632712971,8.436041632712971,0.0,0.0
primary,light,NGC3521,41,pISO,piso,2,9.229898646233147,0.23666406785213198,13.545688119917358,4.9971552069163305,16.657042779641763,3.616442315176462,5.762538893440371,2,2,0.7697570327794371,,"{""H"": 0.6823970120954482, ""Rc"": 0.02349180656345196}",0.0,0.0,-8.436041632712971,-8.436041632712971
primary,light,NGC3521,41,NFW,nfw,2,24.5069280783171,0.6283827712389,28.822717552001308,20.274184639000282,31.934072211725713,18.893471747260413,4.982307510129732,2,2,0.8804212755515897,,"{""V200"": 0.4819695741183175, ""c"": 35.72305319550289}",15.27702943208395,15.27702943208395,6.8409877993709785,6.8409877993709785
primary,light,NGC5055,28,baryons,logsvt,0,137762.52730790328,4920.090260996546,137762.52730790328,137708.5334772429,137762.52730790328,137704.94378963695,,0,0,,,{},137521.30298491044,137519.11857589008,137579.94475713128,137577.76034811093
primary,light,NGC5055,28,Q,logsvt,1,137762.53013756237,5102.315931020828,137764.6839837162,137710.69015305582,137765.86234207253,137708.2788238062,1.0,1,1,0.0,logQ,"{""Q"": 1.5229979744712682e-08}",137523.45966072337,137522.45361005934,137582.1014329442,137581.09538228018
primary,light,NGC5055,28,L,logsvt,1,27951.92081254687,1035.2563263906247,27954.074658700716,27900.080828040318,27955.253017057043,27897.669498790725,1.0,1,1,0.0,,"{""L"": 1.3096607356938907}",27712.85033570786,27711.844285043837,27771.492107928723,27770.486057264698
primary,light,NGC5055,28,L_Q,logsvt,2,2674.249245015631,102.85574019290888,2678.729245015631,2624.7354143552325,2680.9136540359814,2623.3301357696646,11.879405015644487,2,2,0.9654540695728484,,"{""L"": 3.814382000213428, ""Q"": 3.6483435644406152}",2437.5049220227756,2437.5049220227756,2496.146694243637,2496.146694243637
primary,light,NGC5055,28,k1,logsvt,2,299.6071661371455,11.523352543736365,304.0871661371455,250.09333547674714,306.27157515749593,248.68805689117934,8.26382497584921,2,2,0.8525624861512766,,"{""B"": 0.40445834385369683, ""u1"": 14.849168572232788}",62.862843144290025,62.862843144290025,121.50461536515127,121.50461536515127
primary,light,NGC5055,28,k1_Q,logsvt,3,77.95793097241031,3.118317238896412,84.95793097241031,30.964100312011922,87.95454450293592,30.371026236619322,29.76677446214779,3,3,0.9711158879522592,,"{""B"": 0.5172139072850834, ""Q"": 0.2863603910858885, ""u1"": 8.257459248292388}",-156.26639202044518,-155.45418751027,-97.62461979958394,-96.81241528940875
primary,light,NGC5055,28,k1_L,logsvt,3,68.18382055612751,2.7273528222451007,75.18382055612751,21.189989895729127,78.18043408665312,20.596915820336527,31.62877623159207,3,3,0.9868063902213556,,"{""B"": 0.6349626793191087, ""L"": -0.44325972029505556, ""u1"": 6.656901740352577}",-166.040502436728,-165.22829792655278,-107.39873021586673,-106.58652570569154
primary,light,NGC5055,28,k1_L_Q,logsvt,4,68.18382095631833,2.840992539846597,77.92295139110094,23.92912073070255,81.51263899701914,23.929120730702543,1685500934.4451463,3,4,0.9980192901749595,logQ,"{""B"": 0.634962671847553, ""L"": -0.4432596960093182, ""Q"": 1.5229979748686574e-08, ""u1"": 6.6569018313834265}",-163.30137160175457,-161.89609301618677,-104.65959938089331,-103.25432079532553
primary,light,NGC5055,28,k2,logsvt,2,178.10255077199406,6.850098106615156,182.58255077199405,128.58872011159565,184.76695979234447,127.18344152602788,7.566599672760209,2,2,0.6692827902034815,,"{""B"": 0.18340512288981994, ""u2"": 171.98382207002456}",-58.64177222086144,-58.64177222086144,-1.9895196601282805e-13,-1.9895196601282805e-13
primary,light,NGC5055,28,k2_Q,logsvt,3,162.45231067436296,6.498092426974519,169.45231067436296,115.45848001396458,172.44892420488858,114.865405938572,75.3744505508963,3,3,0.8660205933667018,,"{""B"": 0.18934217392936686, ""Q"": 0.05144263980526831, ""u2"": 154.81263142981663}",-71.77201231849253,-70.95980780831732,-13.130240097631287,-12.31803558745608
primary,light,NGC5055,28,k2_L,logsvt,3,166.57893624760928,6.6631574499043715,173.57893624760928,119.58510558721089,176.5755497781349,118.99203151181831,14.725480974548763,3,3,0.9421998978980929,,"{""B"": 0.1917553944439583, ""L"": -0.05114127589033831, ""u2"": 153.93295526792406}",-67.64538674524621,-66.833182235071,-9.003614524384972,-8.191410014209765
primary,light,NGC5055,28,k2_L_Q,logsvt,4,135.11472632944708,5.629780263726961,144.85385676422968,90.86002610383129,148.4435443701479,90.8600261038313,66.91840864717962,4,4,0.9933064687046009,,"{""B"": 0.14279867537914873, ""L"": 0.7351058301860302, ""Q"": 0.6863403511765556, ""u2"": 231.53198982405738}",-96.37046622862582,-94.96518764305802,-37.728694007764574,-36.323415422196774
primary,light,NGC5055,28,k12,logsvt,3,168.56711447453466,6.742684578981386,175.56711447453466,121.57328381413627,178.56372800506028,120.9802097387437,114.28347395574484,3,3,0.8072046652029843,,"{""B"": 0.1868798983885407, ""u1"": 3.5538669770803333, ""u2"": 178.14487761444852}",-65.65720851832083,-64.84500400814562,-7.015436297459587,-6.2032317872843805
primary,light,NGC5055,28,k12_Q,logsvt,4,76.31095236643665,3.1796230152681937,86.05008280121926,32.056252140820874,89.63977040713746,32.05625214082087,93.87263388080133,4,4,0.9939419699780897,,"{""B"": 0.24382537947691885, ""Q"": 0.24705723611557637, ""u1"": 15.1870383315105, ""u2"": 85.18174970936923}",-155.17424019163622,-153.76896160606844,-96.53246797077499,-95.1271893852072
primary,light,NGC5055,28,k12_L,logsvt,4,68.08990235859898,2.837079264941624,77.82903279338159,23.8352021329832,81.41872039929979,23.83520213298319,211.54616296912576,4,4,0.9988819191824124,,"{""B"": 0.3085147677266395, ""L"": -0.42129955970429916, ""u1"": 13.35238607368009, ""u2"": 48.768696685999124}",-163.3952901994739,-161.99001161390612,-104.75351797861266,-103.34823939304488
primary,light,NGC5055,28,k12_L_Q,logsvt,5,68.08991373089829,2.9604310317781866,80.81718645817102,26.823355797772635,84.7509362817743,27.167418015457706,382523004.16084933,4,5,0.999454686468399,,"{""B"": 0.3085142842135212, ""L"": -0.421297862053593, ""Q"": 4.4558742484255657e-07, ""u1"": 13.352392549160426, ""u2"": 48.768928992383586}",-160.40713653468447,-158.6577957314316,-101.76536431382323,-100.01602351057036
primary,light,NGC5055,28,C,logsvt,1,3147.1881561655996,116.56252430242961,3149.342002319446,3095.3481716590472,3150.520360675775,3092.936842409458,1.0,1,1,0.0,,"{""C"": 0.6127761191483873}",2908.1176793265904,2907.1116286625693,2966.7594515474516,2965.7534008834305
primary,light,NGC5055,28,C_Q,logsvt,2,3147.188299599328,121.04570383074338,3151.668299599328,3097.6744689389293,3153.852708619678,3096.2691903533614,139877416.11694652,1,2,1.0,logQ,"{""C"": 0.6127761229060827, ""Q"": 1.5229979744712682e-08}",2910.4439766064725,2910.4439766064725,2969.0857488273336,2969.0857488273336
primary,light,NGC5055,28,C_L,logsvt,2,1351.546666306678,51.982564088718384,1356.026666306678,1302.0328356462796,1358.2110753270283,1300.6275570607118,2.808419537424318,2,2,0.7703117713806292,,"{""C"": 0.5009121755801099, ""L"": 0.31377814445507773}",1114.8023433138223,1114.8023433138223,1173.4441155346838,1173.4441155346835
primary,light,NGC5055,28,C_L_Q,logsvt,3,247.7426169755629,9.909704679022516,254.7426169755629,200.74878631516452,257.7392305060885,200.15571223977193,19.734524104682894,3,3,0.9867193863334534,,"{""C"": 0.3123641154784379, ""L"": 1.788711434981681, ""Q"": 1.6042952170761513}",13.518293982707405,14.330498492882612,72.16006620356865,72.97227071374385
primary,light,NGC5055,28,C_k1,logsvt,3,299.60717019059257,11.984286807623702,306.60717019059257,252.6133395301942,309.6037837211182,252.0202654548016,752712284.705847,2,3,0.998011016120184,logC,"{""B"": 0.4044583342086537, ""C"": 1.5229979744729835e-08, ""u1"": 14.849168520186943}",65.38284719773708,66.19505170791228,124.02461941859832,124.83682392877353
primary,light,NGC5055,28,C_k1_Q,logsvt,4,77.60856941022104,3.233690392092543,87.34769984500365,33.35386918460526,90.93738745092185,33.35386918460525,636.564820102237,4,4,0.9680557792420401,,"{""B"": 0.5124367304588482, ""C"": 0.026416231503733144, ""Q"": 0.2985371765212029, ""u1"": 7.578470266284572}",-153.87662314785183,-152.47134456228406,-95.2348509269906,-93.82957234142282
primary,light,NGC5055,28,C_k1_L,logsvt,4,65.62073903595196,2.7341974598313317,75.35986947073457,21.36603881033618,78.94955707665277,21.36603881033617,301.89666391962277,4,4,0.9843042622723537,,"{""B"": 0.6629097703330048, ""C"": 0.06366810114419302, ""L"": -0.5219320512831096, ""u1"": 5.182599200830478}",-165.86445352212093,-164.45917493655315,-107.22268130125968,-105.8174027156919
primary,light,NGC5055,28,C_k1_L_Q,logsvt,5,65.62073952186377,2.8530756313853813,78.3480122491365,24.354181588738115,82.28176207273978,24.698243806423186,2434423945.774089,4,5,0.9966486002501936,logQ,"{""B"": 0.6629097496457178, ""C"": 0.0636680813130255, ""L"": -0.5219319961406614, ""Q"": 1.5229979745124985e-08, ""u1"": 5.182599680717238}",-162.876310743719,-161.12696994046613,-104.23453852285775,-102.48519771960488
primary,light,NGC5055,28,C_k2,logsvt,3,122.11181245873998,4.884472498349599,129.11181245873996,75.11798179834157,132.10842598926558,74.524907722949,35.06860936638979,3,3,0.9875785247875829,,"{""B"": 0.13575801589910821, ""C"": 0.19944857985476555, ""u2"": 96.11143921683752}",-112.11251053411553,-111.30030602394032,-53.47073831325429,-52.65853380307908
primary,light,NGC5055,28,C_k2_Q,logsvt,4,49.61192275515211,2.0671634481313377,59.35105318993472,5.35722252953633,62.940740795852925,5.35722252953633,42.056664979623505,4,4,0.9279001586038415,,"{""B"": 0.13862778178997678, ""C"": 0.2739278743431005, ""Q"": 0.15146450661565983, ""u2"": 51.00665548385233}",-181.8732698029208,-180.467991217353,-123.23149758205953,-121.82621899649175
primary,light,NGC5055,28,C_k2_L,logsvt,4,44.25470022561578,1.8439458427339908,53.99383066039839,0.0,57.583518266316595,0.0,44.18619003973454,4,4,0.9356703758975615,,"{""B"": 0.15265669397862025, ""C"": 0.2900855116744621, ""L"": -0.2072743751193275, ""u2"": 45.06190860053926}",-187.23049233245712,-185.82521374688932,-128.58872011159588,-127.18344152602808
primary,light,NGC5055,28,C_k2_L_Q,logsvt,5,44.25470067469487,1.9241174206389073,56.98197340196759,2.988142741569206,60.915723225570886,3.332204959254291,1968514795.070062,4,5,0.9703199993037201,logQ,"{""B"": 0.1526566916005457, ""C"": 0.29008549576483533, ""L"": -0.2072743330697817, ""Q"": 1.523023663699103e-08, ""u2"": 45.06191351673751}",-184.2423495908879,-182.493008787635,-125.60057737002666,-123.85123656677378
primary,light,NGC5055,28,C_k12,logsvt,4,122.11181259721384,5.087992191550577,131.85094303199642,77.85711237159803,135.44063063791467,77.85711237159808,8076300194.015796,3,4,0.9875785244714314,logu1,"{""B"": 0.13575802129360873, ""C"": 0.1994485530621234, ""u1"": 1.5229985288983925e-08, ""u2"": 96.11145239483986}",-109.37337996085907,-107.96810137529124,-50.73160773999783,-49.32632915443
primary,light,NGC5055,28,C_k12_Q,logsvt,5,49.61192278657007,2.1570401211552204,62.339195513842796,8.345364853444408,66.27294533744609,8.689427071129494,1190178933.4318366,4,5,0.9860771071238138,,"{""B"": 0.1386277825903781, ""C"": 0.27392785780202866, ""Q"": 0.1514644865991084, ""u1"": 1.6652306713258434e-08, ""u2"": 51.006661628464755}",-178.88512747901268,-177.13578667575982,-120.24335525815145,-118.49401445489858
primary,light,NGC5055,28,C_k12_L,logsvt,5,44.25470024334784,1.9241174018846887,56.98197297062057,2.9881423102221802,60.91572279422386,3.3322045279072654,2014383491.8206475,4,5,0.9992287335674545,logu1,"{""B"": 0.1526566928981475, ""C"": 0.29008550971727404, ""L"": -0.20727436657305617, ""u1"": 1.5229979744712682e-08, ""u2"": 45.061909465620886}",-184.24235002223492,-182.49300921898205,-125.60057780137367,-123.85123699812081
primary,light,NGC5055,28,C_k12_L_Q,logsvt,6,44.25470069798131,2.011577304453696,60.25470069798131,6.260870037582926,64.24792775903254,6.66440949271594,1756217194.7384777,4,6,0.9985458881885279,,"{""B"": 0.15265669275951904, ""C"": 0.2900855173800882, ""L"": -0.20727436237772584, ""Q"": 1.5390042467605668e-08, ""u1"": 1.5953818258833638e-08, ""u2"": 45.061906812399734}",-180.96962229487417,-179.16080425417337,-122.32785007401293,-120.51903203331213
primary,light,NGC5055,28,cored_log,cored_log,2,178.10255077199426,6.850098106615164,182.58255077199425,128.58872011159588,184.76695979234466,127.18344152602808,3.9613681595336163,2,2,0.6692827955248958,,"{""H"": 0.7336204913942215, ""Rc"": 0.07625287134589812}",-58.64177222086124,-58.64177222086124,0.0,0.0
primary,light,NGC5055,28,pISO,piso,2,236.7443229928555,9.105550884340596,241.2243229928555,187.23049233245712,243.4087320132059,185.82521374688932,6.097083527332655,2,2,0.7881947566583027,,"{""H"": 0.7898661096595321, ""Rc"": 0.03128368095237578}",0.0,0.0,58.64177222086124,58.64177222086124
primary,light,NGC5055,28,NFW,nfw,2,63.98555006832564,2.4609826949356015,68.46555006832564,14.471719407927253,70.64995908867604,13.066440822359446,5.259786040852265,2,2,0.8461527114074803,,"{""V200"": 0.6636282536546754, ""c"": 13.809288625208506}",-172.75877292452986,-172.75877292452986,-114.11700070366861,-114.11700070366862
primary,light,NGC6946,58,baryons,logsvt,0,29755.906353510065,513.0328681639667,29755.906353510065,29671.284712684683,29755.906353510065,29663.79765762363,,0,0,,,{},29637.761969748677,29633.859265545765,29638.95913500466,29635.056430801753
primary,light,NGC6946,58,Q,logsvt,1,29755.906716632973,522.0334511689995,29757.9781452044,29673.35650437902,29759.96715964352,29667.858463757082,1.0,1,1,0.0,logQ,"{""Q"": 1.522997974537388e-08}",29639.833761443013,29637.92007167922,29641.030926698997,29639.117236935206
primary,light,NGC6946,58,L,logsvt,1,1355.6363627353303,23.78309408307597,1357.707791306759,1273.0861504813765,1359.6968057458766,1267.5881098594407,1.0,1,1,0.0,,"{""L"": 1.5027146089184016}",1239.5634075453702,1237.649717781577,1240.7605728013564,1238.846883037563
primary,light,NGC6946,58,L_Q,logsvt,2,165.9375297530222,2.9631701741611107,170.15571157120402,85.53407074582164,174.05841577411505,81.94971988767907,6.3774055396226075,2,2,0.9495585866317483,,"{""L"": 2.6320587275513403, ""Q"": 2.3550267291025135}",52.01132780981533,52.01132780981533,53.208493065801335,53.208493065801335
primary,light,NGC6946,58,k1,logsvt,2,122.25623709562784,2.183147090993354,126.47441891380966,41.85277808842727,130.37712311672067,38.268427230284686,11.465030825785078,2,2,0.9633548305277206,,"{""B"": 0.4898838980886656, ""u1"": 4.810349036528035}",8.330035152420962,8.330035152420947,9.52720040840697,9.527200408406955
primary,light,NGC6946,58,k1_Q,logsvt,3,87.45309928967059,1.5900563507212835,93.89754373411503,9.275902908732647,99.63442832130985,7.5257324348738734,47.281802139749864,3,3,0.9905877157990023,,"{""B"": 0.7438593770902643, ""Q"": 0.5049626134987653, ""u1"": 2.494621346584188}",-24.246840027273663,-22.412659642989865,-23.049674771287656,-21.215494387003858
primary,light,NGC6946,58,k1_L,logsvt,3,85.3678593774942,1.5521428977726217,91.81230382193864,7.190662996556256,97.54918840913345,5.440492522697468,142.23153061326107,3,3,0.9938196307219,,"{""B"": 1.4568748037900263, ""L"": -1.2378792837762418, ""u1"": 1.6505134225183193}",-26.332079939450054,-24.49789955516627,-25.134914683464046,-23.300734299180263
primary,light,NGC6946,58,k1_L_Q,logsvt,4,85.36785942255355,1.5808862856028436,94.12257640368563,9.500935578303242,101.60963146473922,9.500935578303242,2362763361.1780477,3,4,0.9989433066400348,logQ,"{""B"": 1.4568751890614264, ""L"": -1.2378796334259885, ""Q"": 1.5230094618523762e-08, ""u1"": 1.6505130412679623}",-24.021807357703068,-20.437456499560497,-22.82464210171706,-19.24029124357449
primary,light,NGC6946,58,k2,logsvt,2,112.72903668722087,2.013018512271801,116.94721850540269,32.3255776800203,120.84992270831371,28.74122682187773,8.90692751196519,2,2,0.7905928589070567,,"{""B"": 0.18700129715319908, ""u2"": 46.677525997622055}",-1.1971652559860075,-1.1971652559860075,0.0,0.0
primary,light,NGC6946,58,k2_Q,logsvt,3,109.18671445592635,1.9852129901077518,115.63115890037079,31.009518074988407,121.36804348756561,29.259347601129633,76.26872983762017,3,3,0.9194006539340511,,"{""B"": 0.1973325286507649, ""Q"": 0.1148778726392459, ""u2"": 40.88179629869874}",-2.5132248610179033,-0.6790444767341057,-1.3160596050318958,0.5181207792519018
primary,light,NGC6946,58,k2_L,logsvt,3,111.56898577459438,2.0285270140835343,118.01343021903882,33.39178939365644,123.75031480623363,31.64161891979765,22.515234285271433,3,3,0.9814914844838967,,"{""B"": 0.19998371463950645, ""L"": -0.08390102342235377, ""u2"": 42.41612111176789}",-0.13095354234987155,1.7032268419339118,1.066211713636136,2.9003920979199194
primary,light,NGC6946,58,k2_L_Q,logsvt,4,97.4455194845119,1.8045466571205908,106.20023646564398,21.578595640261597,113.68729152669758,21.578595640261597,61.0426169632083,4,4,0.9794349729887001,,"{""B"": 0.09491834004348358, ""L"": 1.1922097079638243, ""Q"": 1.0268387323226664, ""u2"": 71.8589224485736}",-11.944147295744713,-8.359796437602142,-10.746982039758706,-7.162631181616135
primary,light,NGC6946,58,k12,logsvt,3,100.14787990633509,1.820870543751547,106.59232435077953,21.97068352539715,112.32920893797436,20.220513051538376,47.59910495363785,3,3,0.8771739606869923,,"{""B"": 0.20329405590155825, ""u1"": 3.9859070927523748, ""u2"": 41.290439559266154}",-11.55205941060916,-9.717879026325363,-10.354894154623153,-8.520713770339356
primary,light,NGC6946,58,k12_Q,logsvt,4,84.08787530019586,1.557182875929553,92.84259228132794,8.220951455945553,100.32964734238153,8.220951455945553,86.12785471298639,4,4,0.9949317990087131,,"{""B"": 0.26701613177472255, ""Q"": 0.33297523597464984, ""u1"": 4.973130107214868, ""u2"": 19.35188849118505}",-25.301791480060757,-21.717440621918186,-24.10462622407475,-20.52027536593218
primary,light,NGC6946,58,k12_L,logsvt,4,82.5691698804114,1.5290587014891,91.32388686154347,6.702246036161085,98.81094192259707,6.702246036161085,159.05640307851078,4,4,0.9911955776315647,,"{""B"": 0.37558334582323555, ""L"": -0.6373598614920551, ""u1"": 4.475682644848712, ""u2"": 13.173545410261518}",-26.820496899845224,-23.236146041702654,-25.623331643859217,-22.038980785716646
primary,light,NGC6946,58,k12_L_Q,logsvt,5,82.56916993340171,1.5579088666679568,93.72301608724787,9.101375261865485,102.8713849861338,10.762689099697823,1510473415.4098542,4,5,0.999160288368621,,"{""B"": 0.3755834269752769, ""L"": -0.6373600472295291, ""Q"": 1.5305315994916597e-08, ""u1"": 4.475682936254523, ""u2"": 13.173539145424423}",-24.421367674140825,-19.175702978165916,-23.224202418154817,-17.978537722179908
primary,light,NGC6946,58,C,logsvt,1,1162.4265154332597,20.393447639179996,1164.4979440046884,1079.876303179306,1166.486958443806,1074.3782625573701,1.0,1,1,0.0,,"{""C"": 0.5942788565150869}",1046.3535602432996,1044.4398704795065,1047.5507254992858,1045.6370357354924
primary,light,NGC6946,58,C_Q,logsvt,2,1162.4265361684043,20.757616717292933,1166.644717986586,1082.0230771612037,1170.5474221894972,1078.4387263030612,301159002.9603344,1,2,1.0,logQ,"{""C"": 0.594278859426934, ""Q"": 1.5229979744713493e-08}",1048.5003342251973,1048.5003342251975,1049.6974994811835,1049.6974994811835
primary,light,NGC6946,58,C_L,logsvt,2,371.6043540556777,6.63579203670853,375.82253587385947,291.2008950484771,379.7252400767705,287.6165441903345,4.733749056158233,2,2,0.9098983048368149,,"{""C"": 0.3140931313591877, ""L"": 0.7498166131649241}",257.6781521124708,257.6781521124708,258.87531736845676,258.87531736845676
primary,light,NGC6946,58,C_L_Q,logsvt,3,116.15034710283095,2.1118244927787444,122.59479154727539,37.973150721893006,128.3316761344702,36.22298024803422,22.19007028341608,3,3,0.956426858697589,,"{""C"": 0.10847405353271868, ""L"": 2.1032437003792976, ""Q"": 1.7946991216618497}",4.450407785886696,6.28458817017048,5.647573041872704,7.481753426156487
primary,light,NGC6946,58,C_k1,logsvt,3,122.25623950544357,2.2228407182807923,128.70068394988803,44.079043124505645,134.43756853708283,42.328872650646844,378543898.82129496,2,3,0.9999461265153197,logC,"{""B"": 0.48988389974530505, ""C"": 1.5229979744766412e-08, ""u1"": 4.81034864992309}",10.556300188499335,12.390480572783105,11.753465444485343,13.587645828769112
primary,light,NGC6946,58,C_k1_Q,logsvt,4,87.45310002146813,1.6195018522494098,96.20781700260021,11.586176177217823,103.6948720636538,11.586176177217823,399379686.693012,3,4,0.9961327505900409,logC,"{""B"": 0.7438594067938192, ""C"": 1.522997983321647e-08, ""Q"": 0.5049626526431591, ""u1"": 2.4946210882767135}",-21.936566758788487,-18.352215900645916,-20.73940150280248,-17.15505064465991
primary,light,NGC6946,58,C_k1_L,logsvt,4,85.36785997819024,1.580886295892412,94.12257695932232,9.50093613393993,101.60963202037591,9.50093613393993,628181466.4841495,3,4,0.9997157616111068,logC,"{""B"": 1.4568751244164044, ""C"": 1.522998004116817e-08, ""L"": -1.237879568472884, ""u1"": 1.6505130545628293}",-24.02180680206638,-20.43745594392381,-22.82464154608037,-19.2402906879378
primary,light,NGC6946,58,C_k1_L_Q,logsvt,5,85.36786002324882,1.6107143400612987,96.52170617709498,11.900065351712598,105.67007507598092,13.561379189544937,2300810253.211785,3,5,0.9997201704212981,logC;logQ,"{""B"": 1.4568749338801454, ""C"": 1.5229979777139138e-08, ""L"": -1.2378793757397555, ""Q"": 1.5229979861421494e-08, ""u1"": 1.650513233745297}",-21.62267758429371,-16.377012888318802,-20.425512328307704,-15.179847632332795
primary,light,NGC6946,58,C_k2,logsvt,3,87.67840452324401,1.5941528095135276,94.12284896768845,9.50120814230607,99.85973355488326,7.751037668447282,26.989666367256444,3,3,0.8739795375218424,,"{""B"": 0.16445494241045372, ""C"": 0.10661255775191873, ""u2"": 32.48508577946705}",-24.02153479370024,-22.187354409416457,-22.824369537714233,-20.99018915343045
primary,light,NGC6946,58,C_k2_Q,logsvt,4,77.18352306178248,1.42932450114412,85.93824004291456,1.316599217532172,93.42529510396815,1.316599217532172,44.74134904432586,4,4,0.7901339447256474,,"{""B"": 0.18269088689536545, ""C"": 0.11838412695083471, ""Q"": 0.20950564058293222, ""u2"": 24.828634708376516}",-32.20614371847414,-28.621792860331567,-31.00897846248813,-27.42462760434556
primary,light,NGC6946,58,C_k2_L,logsvt,4,75.86692384425031,1.4049430341527835,84.62164082538239,0.0,92.10869588643598,0.0,37.66818699864145,4,4,0.9569772607132522,,"{""B"": 0.21145335932358647, ""C"": 0.13168970906785007, ""L"": -0.3157063567442835, ""u2"": 22.99267915713841}",-33.52274293600631,-29.93839207786374,-32.3255776800203,-28.74122682187773
primary,light,NGC6946,58,C_k2_L_Q,logsvt,5,75.86692392058924,1.431451394728099,87.0207700744354,2.3991292490530185,96.16913897332134,4.060443086885357,1287234707.5502121,4,5,0.958819416609691,logQ,"{""B"": 0.2114533734915667, ""C"": 0.13168972648633398, ""L"": -0.3157064440454178, ""Q"": 1.5229979799519026e-08, ""u2"": 22.992675755269282}",-31.12361368695329,-25.877948990978382,-29.926448430967284,-24.680783734992374
primary,light,NGC6946,58,C_k12,logsvt,4,87.67840457124028,1.6236741587266719,96.43312155237236,11.81148072698997,103.92017661342595,11.81148072698997,1169784746.3065302,3,4,0.9626295514556795,logu1,"{""B"": 0.16445494397644733, ""C"": 0.10661254585170299, ""u1"": 1.522999651551584e-08, ""u2"": 32.48508827597529}",-21.71126220901634,-18.12691135087377,-20.514096953030332,-16.92974609488776
primary,light,NGC6946,58,C_k12_Q,logsvt,5,77.18352308332918,1.4562928883647015,88.33736923717534,3.715728411792952,97.48573813606127,5.3770422496252905,993901107.043907,4,5,0.959178757484177,logu1,"{""B"": 0.18269088959697477, ""C"": 0.11838414103858735, ""Q"": 0.2095056813393731, ""u1"": 1.523103896311888e-08, ""u2"": 24.82863164130632}",-29.807014524213358,-24.56134982823845,-28.60984926822735,-23.36418457225244
primary,light,NGC6946,58,C_k12_L,logsvt,5,75.86692386260015,1.431451393633965,87.0207700164463,2.3991291910639205,96.16913891533224,4.060443028896259,1832274231.885748,4,5,0.9966116934668977,logu1,"{""B"": 0.21145336838124346, ""C"": 0.13168971923492498, ""L"": -0.3157064159411929, ""u1"": 1.5229979744712682e-08, ""u2"": 22.992677113772995}",-31.12361374494239,-25.87794904896748,-29.92644848895638,-24.680783792981472
primary,light,NGC6946,58,C_k12_L_Q,logsvt,6,75.86692396825663,1.4589793070818582,89.51398279178603,4.892341966403649,100.22958203153514,8.120886145099163,1365559142.7005553,4,6,0.9710962947131081,,"{""B"": 0.21145336923615576, ""C"": 0.13168972275159155, ""L"": -0.3157064114792258, ""Q"": 1.9376727204314142e-08, ""u1"": 2.2311371819959676e-08, ""u2"": 22.992676442221402}",-28.63040096960266,-21.817505932764576,-27.433235713616654,-20.620340676778568
primary,light,NGC6946,58,cored_log,cored_log,2,112.72903668722087,2.013018512271801,116.94721850540269,32.3255776800203,120.84992270831371,28.74122682187773,4.758576225562958,2,2,0.7905928593684948,,"{""H"": 0.7480051858459934, ""Rc"": 0.1463679801730143}",-1.1971652559860075,-1.1971652559860075,0.0,0.0
primary,light,NGC6946,58,pISO,piso,2,113.92620194320688,2.0343964632715514,118.1443837613887,33.52274293600631,122.04708796429972,29.93839207786374,6.894408562556096,2,2,0.8954094782604719,,"{""H"": 0.8655439982699732, ""Rc"": 0.07101784716587835}",0.0,0.0,1.1971652559860075,1.1971652559860075
primary,light,NGC6946,58,NFW,nfw,2,99.86014457520835,1.7832168674144349,104.07832639339017,19.456685568007785,107.9810305963012,15.872334709865214,9.513194813454074,2,2,0.9666471755262481,,"{""V200"": 0.6267556798546169, ""c"": 16.870193728786532}",-14.066057367998525,-14.066057367998525,-12.868892112012517,-12.868892112012517
primary,light,NGC7331,36,baryons,logsvt,0,19930.589168977964,553.6274769160545,19930.589168977964,19909.30654180552,19930.589168977964,19905.30598499015,,0,0,,,{},19882.808457351966,19880.00505583869,19854.482085723706,19851.67868421043
primary,light,NGC7331,36,Q,logsvt,1,19930.589744999983,569.4454212857138,19932.70739205881,19911.424764886364,19934.17326393844,19908.890079950626,1.0,1,1,0.0,logQ,"{""Q"": 1.5229979744712682e-08}",19884.92668043281,19883.589150799166,19856.60030880455,19855.262779170906
primary,light,NGC7331,36,L,logsvt,1,530.7868929997866,15.165339799993902,532.9045400586101,511.62191288616447,534.3704119382427,509.0872279504287,1.0,1,1,0.0,,"{""L"": 1.0117271134532164}",485.12382843261145,483.7862987989682,456.79745680435377,455.4599271707105
primary,light,NGC7331,36,L_Q,logsvt,2,122.34352569570989,3.5983389910502908,126.70716205934625,105.4245348869006,129.51056357262212,104.22737958480815,8.80637790761704,2,2,0.9731948197022245,,"{""L"": 1.7735297044180045, ""Q"": 1.1012407266329465}",78.92645043334758,78.92645043334761,50.60007880508992,50.600078805089936
primary,light,NGC7331,36,k1,logsvt,2,30.322738675446967,0.891845255160205,34.68637503908334,13.403747866637687,37.48977655235919,12.206592564545211,13.111554094073917,2,2,0.9642373063126632,,"{""B"": 0.45995399821652583, ""u1"": 3.938406623562068}",-13.094336586915325,-13.094336586915325,-41.420708215172986,-41.42070821517299
primary,light,NGC7331,36,k1_Q,logsvt,3,30.32274057751676,0.918870926591417,37.07274057751676,15.79011340507111,41.073297392885095,15.790113405071118,472471212.5400217,2,3,0.9993281858674411,logQ,"{""B"": 0.45995400868698244, ""Q"": 1.5229979744734056e-08, ""u1"": 3.9384064554015916}",-10.707971048481902,-9.510815746389419,-39.03434267673956,-37.83718737464709
primary,light,NGC7331,36,k1_L,logsvt,3,18.787689626262036,0.5693239280685466,25.537689626262036,4.255062453816386,29.538246441630367,4.2550624538163895,58.333830068727444,3,3,0.9794360114837641,,"{""B"": 0.2653220889272172, ""L"": 0.29417508918731494, ""u1"": 10.670458442924247}",-22.243021999736627,-21.045866697644147,-50.56939362799429,-49.37223832590182
primary,light,NGC7331,36,k1_L_Q,logsvt,4,18.787689842407794,0.5871153075752436,28.078012423052954,6.795385250607303,33.12176559623224,7.838581608418259,1703764619.8494587,3,4,0.9955641077129045,logQ,"{""B"": 0.2653220805710318, ""L"": 0.29417511930887935, ""Q"": 1.5229979749397115e-08, ""u1"": 10.670458782223019}",-19.70269920294571,-17.462347543042277,-48.02907083120337,-45.788719171299945
primary,light,NGC7331,36,k2,logsvt,2,71.74344689062005,2.110101379135884,76.10708325425641,54.82445608181076,78.91048476753227,53.62730077971829,11.45268053269067,2,2,0.7071775388882429,,"{""B"": 0.17490920733958076, ""u2"": 37.898408742045056}",28.326371628257746,28.326371628257753,8.526512829121202e-14,8.526512829121202e-14
primary,light,NGC7331,36,k2_Q,logsvt,3,71.74345327422235,2.1740440386127986,78.49345327422235,57.210826101776696,82.49401008959067,57.210826101776696,275873026.1252536,2,3,0.9995259244695774,logQ,"{""B"": 0.17490920803604404, ""Q"": 1.5229979744714413e-08, ""u2"": 37.89841136716059}",30.712741648223684,31.90989695031616,2.386370019966023,3.5835253220584917
primary,light,NGC7331,36,k2_L,logsvt,3,14.532627172445649,0.4403826415892621,21.28262717244565,0.0,25.283183987813977,0.0,41.220688563297145,3,3,0.9738400758065875,,"{""B"": 0.10755981057516403, ""L"": 0.355850984938493, ""u2"": 121.79476288192623}",-26.498084453553012,-25.300929151460537,-54.82445608181067,-53.627300779718205
primary,light,NGC7331,36,k2_L_Q,logsvt,4,14.532627452753877,0.45414460789855865,23.82295003339904,2.5403228609533883,28.866703206578315,3.583519218764337,1372346982.3189347,3,4,0.9891737479988231,logQ,"{""B"": 0.1075598105575152, ""L"": 0.35585099725640135, ""Q"": 1.5229979744713116e-08, ""u2"": 121.79475317970514}",-23.957761592599624,-21.7174099326962,-52.284133220857285,-50.04378156095387
primary,light,NGC7331,36,k12,logsvt,3,23.572029889768086,0.7143039360535783,30.322029889768086,9.039402717322435,34.322586705136416,9.039402717322439,797.5194271829616,3,3,0.9999687393658557,,"{""B"": 0.3132691810381135, ""u1"": 7.170766267669442, ""u2"": 3.2265505100813305}",-17.458681736230577,-16.261526434138098,-45.785053364488235,-44.587898062395766
primary,light,NGC7331,36,k12_Q,logsvt,4,23.572031579327156,0.7366259868539736,32.86235415997232,11.57972698752667,37.906107333151596,12.622923345337618,443171750.61962885,3,4,0.9999967513456435,,"{""B"": 0.31326905710273395, ""Q"": 1.8753230042559336e-08, ""u1"": 7.170770908301846, ""u2"": 3.2265583886627693}",-14.918357466026343,-12.678005806122918,-43.244729094284004,-41.00437743438059
primary,light,NGC7331,36,k12_L,logsvt,4,14.53262717661625,0.4541445992692578,23.822949757261412,2.540322584815762,28.866702930440688,3.5835189426267107,2878807544.162539,3,4,0.9985861188181736,logu1,"{""B"": 0.10755981316382876, ""L"": 0.3558509718821897, ""u1"": 1.5229980793140878e-08, ""u2"": 121.79474661768127}",-23.95776186873725,-21.717410208833826,-52.28413349699491,-50.043781837091494
primary,light,NGC7331,36,k12_L_Q,logsvt,5,18.787689943380784,0.6060545143026059,30.787689943380784,9.505062770935133,36.70528463566133,11.422100647847351,1586151956.6601408,3,5,0.9953562445167033,,"{""B"": 0.26532208898727017, ""L"": 0.2941305833340712, ""Q"": 1.8608884993418638e-08, ""u1"": 10.670541668124377, ""u2"": 0.0008953859067209223}",-16.99302168261788,-13.878828503613185,-45.31939331087554,-42.20520013187085
primary,light,NGC7331,36,C,logsvt,1,381.33276165349156,10.89522176152833,383.4504087123151,362.16778153986945,384.91628059194767,359.6330966041337,1.0,1,1,0.0,,"{""C"": 0.6160109567252072}",335.66969708631643,334.33216745267316,307.34332545805876,306.0057958244155
primary,light,NGC7331,36,C_Q,logsvt,2,381.33278443970437,11.21567013057954,385.69642080334074,364.4137936308951,388.4998223166166,363.2166383288026,162603743.61496466,1,2,1.0,logQ,"{""C"": 0.6160109630883194, ""Q"": 1.5229979744712682e-08}",337.9157091773421,337.9157091773421,309.5893375490844,309.5893375490844
primary,light,NGC7331,36,C_L,logsvt,2,35.13611754650544,1.0334152219560424,39.499753910141806,18.217126737696155,42.30315542341766,17.01997143560368,6.4975329024619795,2,2,0.9349756300071883,,"{""C"": 0.3355173306140169, ""L"": 0.48223737795015503}",-8.280957715856857,-8.280957715856857,-36.60732934411452,-36.607329344114525
primary,light,NGC7331,36,C_L_Q,logsvt,3,27.69140010583825,0.8391333365405531,34.441400105838255,13.158772933392605,38.44195692120658,13.158772933392605,47.204361220605534,3,3,0.9732496680585639,,"{""C"": 0.26980514185992643, ""L"": 0.7795555008585443, ""Q"": 0.2796554643365121}",-13.339311520160408,-12.142156218067932,-41.66568314841807,-40.4685278463256
primary,light,NGC7331,36,C_k1,logsvt,3,24.808842236227438,0.7517830980674981,31.558842236227438,10.276215063781788,35.55939905159577,10.276215063781791,44.8515736228903,3,3,0.9136007074941576,,"{""B"": 0.48731420601664455, ""C"": 0.20455233601769912, ""u1"": 1.3434127298617602}",-16.221869389771225,-15.024714087678745,-44.54824101802889,-43.351085715936414
primary,light,NGC7331,36,C_k1_Q,logsvt,4,24.808842694053958,0.7752763341891862,34.09916527469912,12.816538102253467,39.1429184478784,13.859734460064423,899689978.8828092,3,4,0.9997982267347076,logQ,"{""B"": 0.4873143259924044, ""C"": 0.2045524184592436, ""Q"": 1.522997974473238e-08, ""u1"": 1.3434116774303997}",-13.681546351299545,-11.441194691396113,-42.007917979557206,-39.76756631965378
primary,light,NGC7331,36,C_k1_L,logsvt,4,18.787689768720142,0.5871153052725044,28.078012349365302,6.795385176919652,33.12176552254458,7.838581534730601,1353680115.3107235,3,4,0.9988928431518462,logC,"{""B"": 0.2653220877490003, ""C"": 1.522997979820556e-08, ""L"": 0.294175081172834, ""u1"": 10.670457082765978}",-19.70269927663336,-17.462347616729936,-48.02907090489102,-45.788719244987604
primary,light,NGC7331,36,C_k1_L_Q,logsvt,5,18.78768998486596,0.6060545156408375,30.78768998486596,9.50506281242031,36.70528467714651,11.422100689332531,1973767658.4923084,3,5,0.9995209020900429,logC;logQ,"{""B"": 0.26532208624151143, ""C"": 1.5229979778148788e-08, ""L"": 0.2941750970453976, ""Q"": 1.5229979770102207e-08, ""u1"": 10.670456937501422}",-16.993021641132703,-13.878828462128006,-45.31939326939036,-42.205200090385674
primary,light,NGC7331,36,C_k2,logsvt,3,34.812685967643446,1.0549298778073772,41.562685967643446,20.280058795197796,45.56324278301177,20.280058795197796,20.95922039181698,3,3,0.7539958081971051,,"{""B"": 0.1303748553120786, ""C"": 0.3343051515749445, ""u2"": 4.011926296819615}",-6.2180256583552165,-5.020870356262741,-34.54439728661288,-33.34724198452041
primary,light,NGC7331,36,C_k2_Q,logsvt,4,34.812686636608284,1.0878964573940089,44.103009217253444,22.820382044807793,49.14676239043273,23.86357840261875,629362676.3067907,3,4,0.9929530851719718,logQ,"{""B"": 0.1303748461427019, ""C"": 0.3343050963295954, ""Q"": 1.5229979744712682e-08, ""u2"": 4.011929253076517}",-3.677702408745219,-1.4373507488417872,-32.00407403700288,-29.763722377099455
primary,light,NGC7331,36,C_k2_L,logsvt,4,14.532627276863503,0.45414460240198445,23.82294985750866,2.5403226850630105,28.866703030687944,3.5835190428739665,1243335024.0627067,3,4,0.9958699388438288,logC,"{""B"": 0.10755980884592782, ""C"": 1.5229979744721232e-08, ""L"": 0.3558509749179143, ""u2"": 121.79474239750168}",-23.957761768490002,-21.71741010858657,-52.28413339674766,-50.04378173684424
primary,light,NGC7331,36,C_k2_L_Q,logsvt,5,14.532627557171883,0.46879443732812526,26.532627557171885,5.250000384726235,32.45022224945243,7.167038261638453,1548815954.337728,3,5,0.9944879043626472,logC;logQ,"{""B"": 0.10755980732345669, ""C"": 1.5229979748327243e-08, ""L"": 0.35585099448700497, ""Q"": 1.5229979746560623e-08, ""u2"": 121.794744072576}",-21.248084068826778,-18.133890889822084,-49.57445569708444,-46.46026251807975
primary,light,NGC7331,36,C_k12,logsvt,4,23.57217589488844,0.7366304967152637,32.8624984755336,11.579871303087948,37.90625164871288,12.623067660898904,1482836.596144126,4,4,0.9999916979376365,,"{""B"": 0.3132566159595677, ""C"": 5.5277724573536586e-05, ""u1"": 7.1690982343177225, ""u2"": 3.225608297720601}",-14.918213150465064,-12.677861490561632,-43.244584778722725,-41.0042331188193
primary,light,NGC7331,36,C_k12_Q,logsvt,5,23.572146418380587,0.7603918199477608,35.572146418380584,14.289519245934933,41.489741110661136,16.20655712284716,10098634.970450746,5,5,0.9999988122283812,,"{""B"": 0.3132674942297232, ""C"": 1.5291881491285123e-05, ""Q"": 8.449600627574789e-07, ""u1"": 7.1702435621117635, ""u2"": 3.226190101437946}",-12.20856520761808,-9.094372028613378,-40.53493683587574,-37.420743656871046
primary,light,NGC7331,36,C_k12_L,logsvt,5,14.532627281034292,0.46879442842046104,26.532627281034294,5.250000108588644,32.45022197331484,7.167037985500862,2011357602.563177,3,5,0.999696132667922,logC;logu1,"{""B"": 0.10755980804541773, ""C"": 1.522998183158085e-08, ""L"": 0.3558509792183273, ""u1"": 1.522998901634832e-08, ""u2"": 121.79474629408475}",-21.24808434496437,-18.133891165959675,-49.57445597322203,-46.46026279421734
primary,light,NGC7331,36,C_k12_L_Q,logsvt,6,18.787690061245055,0.6262563353748352,33.68424178538299,12.401614612937337,40.28880369198171,15.005619704167735,2483666555.3152127,3,6,0.999226494374724,,"{""B"": 0.2653220925019997, ""C"": 1.5836769686790742e-08, ""L"": 0.2941238954716994, ""Q"": 1.5273734835467225e-08, ""u1"": 10.67055262419736, ""u2"": 0.0010294440133409419}",-14.096469840615676,-10.295309447292802,-42.42284146887334,-38.62168107555047
primary,light,NGC7331,36,cored_log,cored_log,2,71.74344689061996,2.110101379135881,76.10708325425632,54.82445608181067,78.91048476753218,53.627300779718205,5.86349663488093,2,2,0.7071775293369056,,"{""H"": 0.6996368290256394, ""Rc"": 0.16243870226228962}",28.32637162825766,28.326371628257668,0.0,0.0
primary,light,NGC7331,36,pISO,piso,2,43.417075262362296,1.2769728018341853,47.78071162599866,26.498084453553012,50.584113139274514,25.300929151460537,8.199516587326258,2,2,0.8829621758418229,,"{""H"": 0.8076303863854709, ""Rc"": 0.0821182411881124}",0.0,0.0,-28.32637162825766,-28.326371628257668
primary,light,NGC7331,36,NFW,nfw,2,44.566638682382354,1.3107834906583045,48.93027504601872,27.64764787357307,51.73367655929457,26.450492571480595,11.137518571003737,2,2,0.9698021077093156,,"{""V200"": 0.693749087348757, ""c"": 10.784035401197675}",1.1495634200200584,1.1495634200200584,-27.176808208237603,-27.17680820823761
primary,light,NGC7793,46,baryons,logsvt,0,1402.2268037569463,30.48319138602057,1402.2268037569463,1371.62394022996,1402.2268037569463,1368.2457272044237,,0,0,,,{},1350.449999604473,1347.0717865789368,1340.5190570201323,1337.140843994596
primary,light,NGC7793,46,Q,logsvt,1,1402.2268171303308,31.160595936229573,1404.3177262212398,1373.7148626942535,1406.0554585268198,1372.0743819742972,1.0,1,1,0.0,logQ,"{""Q"": 1.5229979745456394e-08}",1352.5409220687666,1350.9004413488103,1342.6099794844258,1340.9694987644696
primary,light,NGC7793,46,L,logsvt,1,169.32193230703228,3.7627096068229395,171.41284139794138,140.80997787095512,173.1505737035214,139.1694971509988,1.0,1,1,0.0,,"{""L"": 2.3272826007072887}",119.63603724546819,117.99555652551187,109.70509466112738,108.06461394117106
primary,light,NGC7793,46,L_Q,logsvt,2,26.323793759544397,0.5982680399896454,30.60286352698626,0.0,33.98107655252259,0.0,6.73345422237149,2,2,0.9132280896338549,,"{""L"": 4.253659510872536, ""Q"": 3.180772717228395}",-21.17394062548693,-21.173940625486928,-31.104883209827744,-31.10488320982774
primary,light,NGC7793,46,k1,logsvt,2,47.95021028158794,1.089777506399726,52.2292800490298,21.626416522043545,55.607493074566136,21.62641652204355,7.097677457412699,2,2,0.9469962522648039,,"{""B"": 1.0430742803581576, ""u1"": 2.506916351990072}",0.4524758965566136,0.4524758965566207,-9.478466687784199,-9.478466687784191
primary,light,NGC7793,46,k1_Q,logsvt,3,26.323793910893,0.6121812537416976,32.89522248232157,2.292358955335313,37.809718100360286,3.828641547837698,130749204.14171083,2,3,0.9999999775498222,,"{""B"": 19479.476529441472, ""Q"": 3.1803083443440037, ""u1"": 0.00010918310649588291}",-18.88158167015162,-17.34529907764923,-28.81252425449243,-27.276241661990042
primary,light,NGC7793,46,k1_L,logsvt,3,26.62526540062834,0.6191922186192638,33.196693972056906,2.5938304450706475,38.11118959009563,4.1301130375730395,2304800.5622477145,3,3,0.9999946589275123,L,"{""B"": 1650.3104706616018, ""L"": -99.99999999999682, ""u1"": 0.031592431390697354}",-18.580110180416284,-17.04382758791389,-28.511052764757096,-26.9747701722547
primary,light,NGC7793,46,k1_L_Q,logsvt,4,26.323793776375226,0.6267569946756006,35.29940353247279,4.696540005486529,41.638359362331606,7.657282809809018,535107447.8470635,2,4,0.9999999564496586,,"{""B"": 0.016260956429954787, ""L"": 4.253477577236204, ""Q"": 3.180771677802233, ""u1"": 0.0055938030497071885}",-16.477400620000402,-13.51665781567791,-26.408343204341215,-23.44760040001872
primary,light,NGC7793,46,k2,logsvt,2,57.428676969372574,1.3051972038493767,61.707746736814435,31.104883209828177,65.08595976235077,31.10488320982818,4.904253685187041,2,2,0.7326666125371205,,"{""B"": 0.31493586627447745, ""u2"": 47.24959177413532}",9.930942584341246,9.930942584341253,4.334310688136611e-13,4.405364961712621e-13
primary,light,NGC7793,46,k2_Q,logsvt,3,57.428677035928935,1.3355506287425334,64.00010560735751,33.39724208037126,68.91460122539623,34.93352467287364,352723273.27643234,2,3,0.9947489772716168,logQ,"{""B"": 0.31493578080427626, ""Q"": 1.52299797460749e-08, ""u2"": 47.24964836786773}",12.223301454884322,13.75958404738671,2.2923588705435094,3.828641463045898
primary,light,NGC7793,46,k2_L,logsvt,3,53.1212042902231,1.2353768439586768,59.69263286165167,29.08976933466541,64.60712847969039,30.6260519271678,8.205410986586445,3,3,0.9021661250437963,,"{""B"": 0.22120715234223068, ""L"": 0.5442619280329085, ""u2"": 79.06478623984836}",7.915828709178477,9.452111301680873,-2.015113875162335,-0.47883128265993946
primary,light,NGC7793,46,k2_L_Q,logsvt,4,22.605986168429794,0.5382377659149951,31.581595924527356,0.9787323975410978,37.920551754386175,3.939475201863587,823.8713512228487,4,4,0.9991627269898801,,"{""B"": 3.180489639576931, ""L"": 3.7265994686154778, ""Q"": 6.644930955111571, ""u2"": 0.4327149494052278}",-20.195208227945834,-17.23446542362334,-30.126150812286646,-27.165408007964153
primary,light,NGC7793,46,k12,logsvt,3,41.91623106031096,0.9747960711700224,48.48765963173953,17.884796104753274,53.40215524977825,19.42107869725566,13.333599695114204,3,3,0.9505494838114711,,"{""B"": 0.40121277527613636, ""u1"": 4.01337227706031, ""u2"": 19.45878067871875}",-3.2891445207336574,-1.752861928231269,-13.22008710507447,-11.683804512572081
primary,light,NGC7793,46,k12_Q,logsvt,4,22.74721919804006,0.5416004570961919,31.722828954137622,1.1199654271513637,38.061784783996444,4.0807082314738565,117139.03848325464,4,4,0.9999989652842494,,"{""B"": 1127.1349537086458, ""Q"": 78.30082848184689, ""u1"": 0.0016768382567673044, ""u2"": 0.017059563284682975}",-20.053975198335568,-17.09323239401307,-29.98491778267638,-27.024174978353884
primary,light,NGC7793,46,k12_L,logsvt,4,23.1454383468217,0.5510818654005166,32.12104810291926,1.5181845759330024,38.46000393277808,4.478927380255492,1787342.1136570717,4,4,0.9999534897371595,L,"{""B"": 202.43495302680122, ""L"": -99.99999999999922, ""u1"": 0.2560154313557939, ""u2"": 0.03265243431915835}",-19.65575604955393,-16.695013245231436,-29.58669863389474,-26.62595582957225
primary,light,NGC7793,46,k12_L_Q,logsvt,5,22.605986190216445,0.5513655168345475,34.10598619021644,3.503122663230183,41.74919317266192,7.768116620139331,2913169004.5272164,4,5,0.9991627299150617,,"{""B"": 3.1804504181852367, ""L"": 3.726599209717493, ""Q"": 6.644903673148247, ""u1"": 1.5459746215777857e-08, ""u2"": 0.432718259215331}",-17.67081796225675,-13.405824005347597,-27.60176054659756,-23.33676658968841
primary,light,NGC7793,46,C,logsvt,1,437.88010481839154,9.730668995964256,439.9710139093006,409.36815038231435,441.70874621488065,407.72766966235804,1.0,1,1,0.0,,"{""C"": 0.5601354662029794}",388.19420975682743,386.5537290368711,378.2632671724866,376.6227864525303
primary,light,NGC7793,46,C_Q,logsvt,2,437.88010878885916,9.951820654292254,442.159178556301,411.55631502931476,445.53739158183737,411.55631502931476,153980935.44576538,1,2,1.0,logQ,"{""C"": 0.5601354578727349, ""Q"": 1.5229979768913568e-08}",390.38237440382784,390.38237440382784,380.451431819487,380.451431819487
primary,light,NGC7793,46,C_L,logsvt,2,127.6964794163039,2.902192714006907,131.97554918374576,101.3726856567595,135.35376220928208,101.3726856567595,2.3336755268465987,2,2,0.6290856319962151,,"{""C"": 0.15971421853652548, ""L"": 1.838087493466537}",80.19874503127257,80.19874503127257,70.26780244693175,70.26780244693175
primary,light,NGC7793,46,C_L_Q,logsvt,3,26.323795356038733,0.612181287349738,32.8952239274673,2.2923604004810407,37.80971954550602,3.8286429929834327,59006059.11948088,3,3,0.9988812062458707,logC,"{""C"": 1.5229979746666622e-08, ""L"": 4.253659390813451, ""Q"": 3.1807725938056763}",-18.88158022500589,-17.345297632503495,-28.812522809346703,-27.276240216844307
primary,light,NGC7793,46,C_k1,logsvt,3,47.95021245301101,1.1151212198374654,54.52164102443958,23.918777497453323,59.436136642478296,25.45506008995571,91729264.98655035,3,3,0.9991718194563209,logC,"{""B"": 1.0430743718169153, ""C"": 1.522997974471382e-08, ""u1"": 2.5069158454116}",2.744836871966392,4.28111946446878,-7.18610571237442,-5.649823119872032
primary,light,NGC7793,46,C_k1_Q,logsvt,4,26.323795502237736,0.6267570357675651,35.2994052583353,4.69654173134904,41.63836108819412,7.657284535671529,201478594.8053623,2,4,0.9999999783147944,logC,"{""B"": 19819.60599494631, ""C"": 1.5229979744712682e-08, ""Q"": 3.1803162052261738, ""u1"": 0.00010730938373178406}",-16.47739889413789,-13.516656089815399,-26.408341478478704,-23.44759867415621
primary,light,NGC7793,46,C_k1_L,logsvt,4,26.625267028998344,0.6339349292618653,35.600876785095906,4.998013258109648,41.939832614954724,7.958756062432137,3975969385.604004,3,4,1.0,logC;L,"{""B"": 1650.3105485401964, ""C"": 1.5229979744712682e-08, ""L"": -99.99999999999952, ""u1"": 0.03159242985628831}",-16.175927367377284,-13.215184563054791,-26.106869951718096,-23.146127147395603
primary,light,NGC7793,46,C_k1_L_Q,logsvt,5,26.323795364056007,0.6420437893672197,37.82379536405601,7.220931837069752,45.46700234650149,11.4859257939789,733467081.0087831,3,5,0.9999999877688348,,"{""B"": 0.0003242598005281793, ""C"": 1.5306419666897365e-08, ""L"": 4.253658552943335, ""Q"": 3.180772610922766, ""u1"": 0.0013123539469436262}",-13.95300878841718,-9.688014831508028,-23.88395137275799,-19.61895741584884
primary,light,NGC7793,46,C_k2,logsvt,3,50.815848664615345,1.181763922432915,57.387277236043914,26.784413709057656,62.30177285408263,28.32069630156004,9.217877467220408,3,3,0.6214816364203393,,"{""B"": 0.32793285913862097, ""C"": 0.0870444723650718, ""u2"": 25.16582060797027}",5.610473083570724,7.146755676073113,-4.320469500770088,-2.7841869082676993
primary,light,NGC7793,46,C_k2_Q,logsvt,4,40.56227601565006,0.9657684765630967,49.537885771747625,18.935022244761367,55.87684160160644,21.895765049083856,22.60241416317347,4,4,0.9787776101376437,,"{""B"": 0.7208693378569838, ""C"": 0.14141821193589643, ""Q"": 1.6292529289687607, ""u2"": 6.198737416767512}",-2.238918380725565,0.721824423596928,-12.169860965066377,-9.209118160743884
primary,light,NGC7793,46,C_k2_L,logsvt,4,49.2825756139324,1.173394657474581,58.25818537002996,27.655321843043705,64.59714119988878,30.616064647366194,21.768622840148637,4,4,0.9736885540139419,,"{""B"": 0.479736892361175, ""C"": 0.13348807459770654, ""L"": -0.6979557125418611, ""u2"": 15.080312759174827}",6.481381217556773,9.442124021879266,-3.449561366784039,-0.488818562461546
primary,light,NGC7793,46,C_k2_L_Q,logsvt,5,22.605986546276426,0.5513655255189372,34.10598654627643,3.503123019290168,41.749193528721904,7.768116976199316,203554085.97183073,4,5,0.9998057335252128,logC,"{""B"": 3.1805275237925716, ""C"": 1.522997974488334e-08, ""L"": 3.7265995815809987, ""Q"": 6.6449569741418655, ""u2"": 0.4327117171903523}",-17.670817606196763,-13.405823649287612,-27.601760190537576,-23.336766233628424
primary,light,NGC7793,46,C_k12,logsvt,4,41.916231897225344,0.9980055213625082,50.891841653322906,20.288978126336648,57.230797483181725,23.249720930659137,120395283.29986708,3,4,0.9505494966219675,logC,"{""B"": 0.40121280032486095, ""C"": 1.5229979744712682e-08, ""u1"": 4.013372460969965, ""u2"": 19.45877433343261}",-0.8849624991502836,2.0757803051722092,-10.815905083491096,-7.855162279168603
primary,light,NGC7793,46,C_k12_Q,logsvt,5,22.74721942323635,0.5548102298350329,34.247219423236345,3.6443558962500866,41.89042640568182,7.9093498531592346,3334067695.1918287,4,5,1.0,logC,"{""B"": 1128.3172911034544, ""C"": 1.5229979744712682e-08, ""Q"": 78.34224910852323, ""u1"": 0.0016750843040037554, ""u2"": 0.017050850762592523}",-17.529584729236845,-13.264590772327693,-27.460527313577657,-23.195533356668506
primary,light,NGC7793,46,C_k12_L,logsvt,5,23.14543869719066,0.5645228950534307,34.645438697190656,4.0425751702043975,42.28864567963613,8.307569127113545,3842843890.064831,4,5,1.0,logC;L,"{""B"": 202.43493888158744, ""C"": 1.5229979744712682e-08, ""L"": -99.99999999999818, ""u1"": 0.25601544865493553, ""u2"": 0.0326524396804698}",-17.131365455282534,-12.866371498373383,-27.062308039623346,-22.797314082714195
primary,light,NGC7793,46,C_k12_L_Q,logsvt,6,22.60598656774494,0.5651496641936234,36.75983272159109,6.15696919460483,45.57783494667951,11.596758394156922,2947101497.8104014,4,6,0.9998111280626005,logC;logu1,"{""B"": 3.18046463018175, ""C"": 1.5230528074910887e-08, ""L"": 3.7265989865200946, ""Q"": 6.644913768301848, ""u1"": 1.5232288762812044e-08, ""u2"": 0.4327171383991851}",-15.016971430882101,-9.577182231330006,-24.947914015222914,-19.50812481567082
primary,light,NGC7793,46,cored_log,cored_log,2,57.42867696937214,1.3051972038493669,61.707746736814,31.104883209827744,65.08595976235033,31.10488320982774,2.9075894310436556,2,2,0.7326664601464716,,"{""H"": 1.2597429734231635, ""Rc"": 0.1454790979746898}",9.930942584340812,9.930942584340812,0.0,0.0
primary,light,NGC7793,46,pISO,piso,2,47.49773438503133,1.0794939632961666,51.77680415247319,21.17394062548693,55.155017178009516,21.173940625486928,3.465095895103773,2,2,0.7985977444915549,,"{""H"": 1.4757644956571048, ""Rc"": 0.0769413731374595}",0.0,0.0,-9.930942584340812,-9.930942584340812
primary,light,NGC7793,46,NFW,nfw,2,43.56151594463268,0.9900344532871064,47.84058571207454,17.237722185088284,51.21879873761087,17.23772218508828,5.572231795452787,2,2,0.9301946932510199,,"{""V200"": 0.874882388560939, ""c"": 17.317860342931695}",-3.9362184403986475,-3.9362184403986475,-13.86716102473946,-13.86716102473946
primary,heavy,DDO154,12,baryons,logsvt,0,68230.50709844867,5685.875591537389,68230.50709844867,68216.43058028961,68230.50709844867,68217.97586034026,,0,0,,,{},68194.77396210907,68195.13748214283,68209.39516132345,68209.75868135721
primary,heavy,DDO154,12,Q,logsvt,1,68230.50866720264,6202.77351520024,68232.90866720263,68218.83214904358,68232.99357385242,68220.46233574401,1.0,1,1,0.0,logQ,"{""Q"": 1.5229979761750078e-08}",68197.17553086304,68197.62395754659,68211.79673007742,68212.24515676097
primary,heavy,DDO154,12,L,logsvt,1,218.13982756819908,19.830893415290827,220.5398275681991,206.4633094091498,220.62473421798708,208.09349610957378,1.0,1,1,0.0,,"{""L"": 1.4295982860787206}",184.80669122860823,185.25511791215357,199.4278904429887,199.87631712653402
primary,heavy,DDO154,12,L_Q,logsvt,2,122.4176511680783,12.24176511680783,127.75098450141162,113.67446634236231,127.3874644676543,114.85622635924099,14.67017760401835,2,2,0.9782876043932194,,"{""L"": 1.7916401107208748, ""Q"": 0.580231984882317}",92.01784816182078,92.01784816182078,106.63904737620123,106.63904737620125
primary,heavy,DDO154,12,k1,logsvt,2,138.5118923481476,13.85118923481476,143.84522568148094,129.76870752243164,143.4817056477236,130.9504675393103,45.56774714458803,2,2,0.9989859937534287,,"{""B"": 2.1295605691632247, ""u1"": 0.42352847883391054}",108.11208934189008,108.11208934189008,122.73328855627055,122.73328855627055
primary,heavy,DDO154,12,k1_Q,logsvt,3,122.41765161660138,13.601961290733486,131.41765161660138,117.34113345755208,129.87237156596538,117.34113345755208,1002949195.7487487,2,3,0.9999999371313286,,"{""B"": 15527.690651723864, ""Q"": 0.5801286407465106, ""u1"": 5.769177658373986e-05}",95.68451527701052,94.50275526013186,110.30571449139099,109.12395447451233
primary,heavy,DDO154,12,k1_L,logsvt,3,122.66706771708316,13.629674190787018,131.66706771708317,117.59054955803387,130.12178766644715,117.59054955803384,142669091.79398477,2,3,0.9999999676400277,L,"{""B"": 8887.584258131485, ""L"": -99.99999999708017, ""u1"": 0.005726638425378958}",95.93393137749231,94.75217136061363,110.55513059187278,109.3733705749941
primary,heavy,DDO154,12,k1_L_Q,logsvt,4,122.4176512848548,15.30220641060685,136.13193699914052,122.05541884009122,132.3572778840068,119.8260397755935,469647703.40177494,2,4,0.9999886845189485,,"{""B"": 0.004955968088761413, ""L"": 1.7915864938185821, ""Q"": 0.5802316642943148, ""u1"": 0.005407320823875258}",100.39880065954966,96.98766157817329,115.01999987393013,111.60886079255376
primary,heavy,DDO154,12,k2,logsvt,2,15.778603791877,1.5778603791877,21.111937125210332,7.035418966161025,20.748417091453,8.217178983039691,11.369530921384547,2,2,0.9636145283627268,,"{""B"": 0.34149420457224067, ""u2"": 5.057897633916315}",-14.621199214380518,-14.621199214380518,-5.3290705182007514e-14,-5.3290705182007514e-14
primary,heavy,DDO154,12,k2_Q,logsvt,3,5.076518159049306,0.5640575732277007,14.076518159049307,0.0,12.531238108413309,0.0,95.23378377456578,3,3,0.9848037014094578,,"{""B"": 0.4782066630942609, ""Q"": 0.44069349217501425, ""u2"": 3.3825600643793594}",-21.656618180541543,-22.83837819742021,-7.035418966161078,-8.217178983039744
primary,heavy,DDO154,12,k2_L,logsvt,3,7.521975838545052,0.8357750931716725,16.521975838545053,2.445457679495746,14.976695787909055,2.445457679495746,46.32660315752288,3,3,0.9815960564597039,,"{""B"": 0.44985675645419104, ""L"": -0.39835089498501597, ""u2"": 4.657720653807143}",-19.211160501045796,-20.392920517924463,-4.589961286665332,-5.771721303543998
primary,heavy,DDO154,12,k2_L_Q,logsvt,4,5.073753250805216,0.634219156350652,18.78803896509093,4.711520806041623,15.013379849957218,2.4821417415439093,198.9207389219416,4,4,0.9787730170154461,,"{""B"": 0.477793976421331, ""L"": -0.014269109871374207, ""Q"": 0.4276759575674739, ""u2"": 3.416716222544584}",-16.94509737449992,-20.3562364558763,-2.3238981601194553,-5.735037241495835
primary,heavy,DDO154,12,k12,logsvt,3,15.778604088600858,1.753178232066762,24.778604088600858,10.70208592955155,23.23332403796486,10.70208592955155,943136591.7310803,2,3,0.9987144347883132,logu1,"{""B"": 0.34149420629701444, ""u1"": 1.5229979744716686e-08, ""u2"": 5.057897572970222}",-10.954532250989992,-12.136292267868658,3.6666669633904725,2.4849069465118063
primary,heavy,DDO154,12,k12_Q,logsvt,4,5.0762397729795,0.6345299716224375,18.790525487265214,4.7140073282159065,15.015866372131502,2.484628263718193,13920.175464911645,4,4,0.9921214198375488,,"{""B"": 0.4797756397545425, ""Q"": 0.4438020491860678, ""u1"": 0.003765325157188484, ""u2"": 3.3667691666603754}",-16.942610852325636,-20.353749933702016,-2.3214116379451717,-5.7325507193215515
primary,heavy,DDO154,12,k12_L,logsvt,4,4.7340162394189065,0.5917520299273633,18.448301953704622,4.371783794655315,14.673642838570908,2.1424047301575992,728.7086879710948,4,4,0.9981365780839521,,"{""B"": 1.11828519263513, ""L"": -1.8702348043258537, ""u1"": 0.7567137814463691, ""u2"": 2.160618947283391}",-17.284834385886228,-20.69597346726261,-2.6636351715057636,-6.074774252882145
primary,heavy,DDO154,12,k12_L_Q,logsvt,5,4.734016242865516,0.6762880346950737,24.734016242865515,10.657498083816208,17.158549491805516,4.6273113833922075,4954202399.51632,4,5,0.9999292001858643,,"{""B"": 1.1182852615499905, ""L"": -1.870234927282612, ""Q"": 1.6972194877825474e-08, ""u1"": 0.7567137895634729, ""u2"": 2.1606188362106464}",-10.999120096725335,-18.211066814028,3.6220791176551295,-3.589867599647537
primary,heavy,DDO154,12,C,logsvt,1,2215.578935338743,201.41626684897665,2217.978935338743,2203.902417179694,2218.0638419885313,2205.532603880118,1.0,1,1,0.0,,"{""C"": 0.820860613865344}",2182.245798999152,2182.694225682698,2196.866998213533,2197.315424897078
primary,heavy,DDO154,12,C_Q,logsvt,2,2215.5789779364786,221.55789779364787,2220.912311269812,2206.835793110763,2220.5487912360545,2208.0175531276413,302341308.0898959,1,2,1.0,logQ,"{""C"": 0.820860619492242, ""Q"": 1.522997974964731e-08}",2185.179174930221,2185.179174930221,2199.800374144602,2199.8003741446014
primary,heavy,DDO154,12,C_L,logsvt,2,212.47020985485773,21.247020985485772,217.80354318819107,203.72702502914177,217.44002315443373,204.90878504602043,52.11625137024389,2,2,0.9570092647362052,,"{""C"": 0.03751813845930004, ""L"": 1.3658337619655752}",182.07040684860021,182.07040684860021,196.6916060629807,196.69160606298067
primary,heavy,DDO154,12,C_L_Q,logsvt,3,122.41766256534758,13.601962507260843,131.4176625653476,117.3411444062983,129.87238251471157,117.34114440629827,252573764.89343885,2,3,0.9990939030297794,logC,"{""C"": 1.5229979744712682e-08, ""L"": 1.7916400608464909, ""Q"": 0.580231946478141}",95.68452622575674,94.50276620887806,110.30572544013721,109.12396542325853
primary,heavy,DDO154,12,C_k1,logsvt,3,138.511901717273,15.390211301919221,147.511901717273,133.4353835582237,145.966621666637,133.4353835582237,474884325.86382645,2,3,0.9998897997852259,logC,"{""B"": 2.129560780035757, ""C"": 1.522997974478324e-08, ""u1"": 0.4235284161183728}",111.77876537768213,110.59700536080348,126.3999645920626,125.21820457518395
primary,heavy,DDO154,12,C_k1_Q,logsvt,4,122.41766299496231,15.30220787437029,136.13194870924804,122.05543055019874,132.35728959411432,119.82605148570102,1116487001.9458208,2,4,0.9999999397834555,logC,"{""B"": 15865.740219828494, ""C"": 1.5229979744712682e-08, ""Q"": 0.5801307426408137, ""u1"": 5.646254150328438e-05}",100.39881236965718,96.9876732882808,115.02001158403765,111.60887250266127
primary,heavy,DDO154,12,C_k1_L,logsvt,4,122.66707908173584,15.33338488521698,136.38136479602156,122.30484663697226,132.60670568088784,120.07546757247454,10352742392.778913,2,4,1.0,logC;L,"{""B"": 8887.583172941304, ""C"": 1.5229979744712682e-08, ""L"": -99.99999999999751, ""u1"": 0.005726639125843039}",100.6482284564307,97.23708937505432,115.26942767081117,111.85828858943479
primary,heavy,DDO154,12,C_k1_L_Q,logsvt,5,122.41766376026281,17.488237680037546,142.41766376026283,128.34114560121353,134.8421970092028,122.3109589007895,417022756.72972995,2,5,0.9999895904373483,logC,"{""B"": 0.056692082181144465, ""C"": 1.5235133606596345e-08, ""L"": 1.7910499986386363, ""Q"": 0.5802288434367094, ""u1"": 0.005203858813162387}",106.68452742067197,99.47258070336929,121.30572663505244,114.09377991774976
primary,heavy,DDO154,12,C_k2,logsvt,3,15.778606352321297,1.7531784835912552,24.778606352321297,10.70208819327199,23.2333263016853,10.70208819327199,260648573.4199557,2,3,0.9999929390568592,logC,"{""B"": 0.341494203414703, ""C"": 1.5229979744712682e-08, ""u2"": 5.05789742839345}",-10.954529987269552,-12.136290004148218,3.666669227110912,2.484909210232246
primary,heavy,DDO154,12,C_k2_Q,logsvt,4,5.07651846696143,0.6345648083701787,18.790804181247143,4.714286022197836,15.016145066113431,2.4849069577001224,303086035.6209655,3,4,0.9972089154319436,logC,"{""B"": 0.4782066731160559, ""C"": 1.522998001934088e-08, ""Q"": 0.4406935205167914, ""u2"": 3.382559868736908}",-16.942332158343707,-20.353471239720086,-2.321132943963242,-5.732272025339622
primary,heavy,DDO154,12,C_k2_L,logsvt,4,6.238799526499362,0.7798499408124202,19.953085240785075,5.876567081735768,16.178426125651363,3.6471880172380544,290.8091327696418,4,4,0.9942185610380275,,"{""B"": 0.519269128588283, ""C"": 0.03935990454581972, ""L"": -0.6488484927790271, ""u2"": 4.117956106418611}",-15.780051098805775,-19.191190180182154,-1.1588518844253102,-4.56999096580169
primary,heavy,DDO154,12,C_k2_L_Q,logsvt,5,5.0737534850325865,0.7248219264332266,25.073753485032586,10.99723532598328,17.498286733972588,4.967048625559279,1121039318.9551082,4,5,0.9893383520864275,logC,"{""B"": 0.47779399232763603, ""C"": 1.5229979744714522e-08, ""L"": -0.014269237233950037, ""Q"": 0.4276758961258953, ""u2"": 3.416716250725157}",-10.659382854558263,-17.87132957186093,3.961816359822201,-3.250130357480465
primary,heavy,DDO154,12,C_k12,logsvt,4,15.778606649045223,1.9723258311306529,29.492892363330938,15.416374204281631,25.718233248197222,13.186995139783914,1520959357.6093085,2,4,0.9999909498683845,logC;logu1,"{""B"": 0.3414942040185294, ""C"": 1.522997974488404e-08, ""u1"": 1.5229979744759917e-08, ""u2"": 5.0578974112630055}",-6.240243976259912,-9.651383057636295,8.380955238120553,4.969816156744169
primary,heavy,DDO154,12,C_k12_Q,logsvt,5,5.076240103522219,0.7251771576460312,25.076240103522217,10.99972194447291,17.500773352462218,4.96953524404891,818705695.946904,4,5,1.0,logC,"{""B"": 0.4797755751868474, ""C"": 1.522998134978065e-08, ""Q"": 0.44380191910566147, ""u1"": 0.0037651657161215353, ""u2"": 3.3667696924295267}",-10.656896236068633,-17.8688429533713,3.9643029783118315,-3.247643738990835
primary,heavy,DDO154,12,C_k12_L,logsvt,5,4.734016418101918,0.6762880597288454,24.734016418101916,10.657498259052609,17.158549667041918,4.627311558628609,1657722911.5815184,4,5,0.9998523964787661,logC,"{""B"": 1.1182849328257325, ""C"": 1.5229979744714955e-08, ""L"": -1.8702343491704487, ""u1"": 0.7567136638539044, ""u2"": 2.1606194176431472}",-10.999119921488933,-18.2110666387916,3.622079292891531,-3.5898674244111355
primary,heavy,DDO154,12,C_k12_L_Q,logsvt,6,4.7340164211965465,0.7890027368660911,33.53401642119655,19.45749826214724,19.64345631992455,7.112218211511241,5990852054.350695,4,6,0.9998062834033327,logC;logQ,"{""B"": 1.1182849797117744, ""C"": 1.5230046790425427e-08, ""L"": -1.870234408516543, ""Q"": 1.5235087329941142e-08, ""u1"": 0.7567136701358834, ""u2"": 2.160619307306846}",-2.1991199183943024,-15.726159985908968,12.422079295986162,-1.1049607715285035
primary,heavy,DDO154,12,cored_log,cored_log,2,15.778603791877053,1.5778603791877053,21.111937125210385,7.035418966161078,20.748417091453053,8.217178983039744,7.684048281273305,2,2,0.96361452817336,,"{""H"": 1.3659768130319585, ""Rc"": 0.44464660414409984}",-14.621199214380464,-14.621199214380464,0.0,0.0
primary,heavy,DDO154,12,pISO,piso,2,30.399803006257518,3.0399803006257518,35.73313633959085,21.656618180541543,35.36961630583352,22.83837819742021,10.093145467695656,2,2,0.9790624797936738,,"{""H"": 1.8500825624593407, ""Rc"": 0.2775395275697343}",0.0,0.0,14.621199214380464,14.621199214380464
primary,heavy,DDO154,12,NFW,nfw,2,136.1270086682161,13.612700866821609,141.46034200154944,127.38382384250014,141.0968219677921,128.5655838593788,28.57239841737743,2,2,0.9974964340334291,,"{""V200"": 1.520541932985264, ""c"": 4.644820431268078}",105.72720566195858,105.72720566195858,120.34840487633905,120.34840487633905
primary,heavy,NGC2403,73,baryons,logsvt,0,234736.05545506635,3215.5624034940597,234736.05545506635,234111.0245527023,234736.05545506635,234102.45095023184,,0,0,,,{},233955.2414923772,233950.8320020663,233924.43341084648,233920.02392053563
primary,heavy,NGC2403,73,Q,logsvt,1,234736.0581928369,3260.223030456068,234738.11453086507,234113.08362850102,234740.34865227804,234106.74414744353,1.0,1,1,0.0,logQ,"{""Q"": 1.5229979755309147e-08}",233957.3005681759,233955.125199278,233926.4924866452,233924.31711774733
primary,heavy,NGC2403,73,L,logsvt,1,4914.792811510258,68.2610112709758,4916.849149538427,4291.818247174382,4919.083270951406,4285.478766116886,1.0,1,1,0.0,,"{""L"": 1.8253000759898432}",4136.035186849265,4133.859817951376,4105.22710531857,4103.051736420681
primary,heavy,NGC2403,73,L_Q,logsvt,2,1049.7167659255113,14.784743182049453,1053.8881944969398,428.8572921328955,1058.297684807808,424.6931799732879,6.178797239197469,2,2,0.948853114983109,,"{""L"": 2.7076990589099537, ""Q"": 1.7903489273424564}",273.0742318077779,273.0742318077779,242.26615027708226,242.26615027708226
primary,heavy,NGC2403,73,k1,logsvt,2,1130.7491866626299,15.926044882572253,1134.9206152340585,509.88971287001414,1139.3301055449267,505.7256007104065,14.704472721260208,2,2,0.9877942501870675,,"{""B"": 0.956007321217169, ""u1"": 1.7249487124720948}",354.1066525448965,354.1066525448965,323.2985710142009,323.2985710142009
primary,heavy,NGC2403,73,k1_Q,logsvt,3,1017.5855220661938,14.536936029517054,1023.9333481531503,398.90244578910597,1030.456900389639,396.85239555511885,159.6472533968539,3,3,0.9993239557564453,,"{""B"": 2.0163732445831757, ""Q"": 0.6763319708431839, ""u1"": 0.7195064594143707}",243.11938546398835,245.23344738960884,212.31130393329272,214.4253658589132
primary,heavy,NGC2403,73,k1_L,logsvt,3,1008.9587809152741,14.413696870218201,1015.3066070022306,390.2757046381863,1021.8301592387193,388.2256544041991,1451.7943409755464,3,3,0.9992269785650962,,"{""B"": 6.507456907616207, ""L"": -3.07001000509099, ""u1"": 0.45954831228794635}",234.4926443130687,236.60670623868907,203.68456278237306,205.79862470799344
primary,heavy,NGC2403,73,k1_L_Q,logsvt,4,1008.9587810541127,14.62259102976975,1017.5470163482304,392.51611398418606,1026.1206188187064,392.5161139841862,6179426889.023758,3,4,0.9999934837074788,logQ,"{""B"": 6.5074937935043, ""L"": -3.070023749385605, ""Q"": 1.524474680465146e-08, ""u1"": 0.45954671340141684}",236.73305365906845,240.89716581867617,205.92497212837281,210.08908428798054
primary,heavy,NGC2403,73,k2,logsvt,2,807.4506156484289,11.372543882372238,811.6220442198575,186.59114185581313,816.0315345307257,182.42702969620552,8.497590072833663,2,2,0.8891329334992445,,"{""B"": 0.2694892317993445, ""u2"": 19.313801994239892}",30.808081530695517,30.808081530695517,-1.1368683772161603e-13,-1.1368683772161603e-13
primary,heavy,NGC2403,73,k2_Q,logsvt,3,807.4506251407321,11.535008930581887,813.7984512276886,188.76754886364427,820.3220034641772,186.71749862965703,762935784.0711786,2,3,0.9984414714309647,logQ,"{""B"": 0.26948923340456654, ""Q"": 1.522997974471279e-08, ""u2"": 19.31380183277773}",32.98448853852665,35.098550464147024,2.176407007831017,4.290468933451393
primary,heavy,NGC2403,73,k2_L,logsvt,3,695.1828118253073,9.93118302607582,701.5306379122638,76.49973554821952,708.0541901487525,74.44968531423228,22.378631859682226,3,3,0.9760189208173419,,"{""B"": 0.20261687795814695, ""L"": 0.3693887598144255, ""u2"": 25.68309733125869}",-79.2833247768981,-77.16926285127772,-110.09140630759373,-107.97734438197335
primary,heavy,NGC2403,73,k2_L_Q,logsvt,4,693.7939260836367,10.054984435994735,702.3821613777544,77.35125901371009,710.9557638482303,77.35125901371009,318.97195658643346,4,4,0.9562712740767192,,"{""B"": 0.19280884919669364, ""L"": 0.5004775638336719, ""Q"": 0.1137984567533353, ""u2"": 25.26349395278488}",-78.43180131140753,-74.26768915179991,-109.23988284210316,-105.07577068249554
primary,heavy,NGC2403,73,k12,logsvt,3,701.9998892443324,10.028569846347606,708.3477153312889,83.31681296724457,714.8712675677775,81.26676273325734,38.00845870170564,3,3,0.958507604714413,,"{""B"": 0.29650765667772677, ""u1"": 1.606806048070723, ""u2"": 15.487470632271522}",-72.46624735787304,-70.35218543225267,-103.27432888856868,-101.1602669629483
primary,heavy,NGC2403,73,k12_Q,logsvt,4,701.9998928539352,10.173911490636742,710.5881281480529,85.55722578400855,719.1617306185287,85.55722578400855,1105200960.1588638,3,4,0.9585076110774469,logQ,"{""B"": 0.29650765848510585, ""Q"": 1.5229979744715713e-08, ""u1"": 1.6068060530056456, ""u2"": 15.487470487276543}",-70.22583454110907,-66.06172238150145,-101.0339160718047,-96.86980391219709
primary,heavy,NGC2403,73,k12_L,logsvt,4,685.2279663808719,9.930840092476403,693.8162016749895,68.78529931094522,702.3898041454654,68.78529931094522,136.40385806604664,4,4,0.9863290002873477,,"{""B"": 0.2329452157103243, ""L"": 0.25285527944590497, ""u1"": 0.9544943610319403, ""u2"": 21.26888452917065}",-86.9977610141724,-82.83364885456479,-117.80584254486803,-113.64173038526042
primary,heavy,NGC2403,73,k12_L_Q,logsvt,5,685.2279674891856,10.076881874840964,696.1234898772453,71.09258751320101,706.6802646949276,73.0757598604074,1196273069.6550887,4,5,0.9906167882437222,,"{""B"": 0.23294529911991588, ""L"": 0.25285486961021975, ""Q"": 2.7283079167711182e-08, ""u1"": 0.9544930843817545, ""u2"": 21.268873320638832}",-84.6904728119166,-78.5431883051026,-115.49855434261224,-109.35126983579823
primary,heavy,NGC2403,73,C,logsvt,1,27008.21447140542,375.11408988063084,27010.270809433587,26385.239907069543,27012.504930846568,26378.90042601205,1.0,1,1,0.0,,"{""C"": 0.6774735995567402}",26229.456846744426,26227.281477846536,26198.64876521373,26196.473396315843
primary,heavy,NGC2403,73,C_Q,logsvt,2,27008.214771316347,380.3973911453007,27012.386199887776,26387.355297523733,27016.795690198644,26383.191185364125,272602301.47262216,1,2,1.0,logQ,"{""C"": 0.6774736025687011, ""Q"": 1.5229979744736654e-08}",26231.572237198616,26231.572237198612,26200.76415566792,26200.76415566792
primary,heavy,NGC2403,73,C_L,logsvt,2,3686.5355292417635,51.92303562312343,3690.706957813192,3065.6760554491475,3695.1164481240603,3061.51194328954,6.399101499896861,2,2,0.8536014076756061,,"{""C"": 0.11848064566665006, ""L"": 1.542811097425952}",2909.8929951240298,2909.89299512403,2879.084913593334,2879.0849135933345
primary,heavy,NGC2403,73,C_L_Q,logsvt,3,1049.7168040736037,14.995954343908625,1056.0646301605602,431.0337277965159,1062.588182397049,428.9836775625288,72369404.38961884,3,3,0.9922785532288857,logC,"{""C"": 1.522997977607754e-08, ""L"": 2.70769899540076, ""Q"": 1.7903488715146971}",275.2506674713983,277.3647293970188,244.44258594070266,246.55664786632315
primary,heavy,NGC2403,73,C_k1,logsvt,3,1130.7492635411145,16.153560907730206,1137.097089628071,512.0661872640267,1143.6206418645597,510.01613703003954,135999247.0541711,2,3,0.9997560020511539,logC,"{""B"": 0.956007331728291, ""C"": 1.5229979744712682e-08, ""u1"": 1.7249486160852423}",356.28312693890905,358.39718886452954,325.4750454082134,327.5891073338339
primary,heavy,NGC2403,73,C_k1_Q,logsvt,4,1017.5855811538481,14.747617118171712,1026.1738164479657,401.14291408392137,1034.7474189184418,401.1429140839216,177193529.87084958,3,4,0.9993239545246891,logC,"{""B"": 2.0163723673941214, ""C"": 1.5229979744713225e-08, ""Q"": 0.6763315422911635, ""u1"": 0.7195067687748037}",245.35985375880375,249.5239659184116,214.55177222810812,218.71588438771596
primary,heavy,NGC2403,73,C_k1_L,logsvt,4,1008.9588421339178,14.622591914984316,1017.5470774280354,392.5161750639911,1026.1206798985113,392.5161750639911,438988581.579308,3,4,0.9999871620870108,logC,"{""B"": 6.507482228828705, ""C"": 1.522997974636378e-08, ""L"": -3.07001930221857, ""u1"": 0.4595471939661913}",236.7331147388735,240.8972268984811,205.92503320817787,210.08914536778548
primary,heavy,NGC2403,73,C_k1_L_Q,logsvt,5,1008.9588422729502,14.837630033425738,1019.8543646610099,394.82346229696554,1030.4111394786921,396.80663464417194,7977050449.573391,3,5,1.0,logC;logQ,"{""B"": 6.507434707961692, ""C"": 1.522997974490401e-08, ""L"": -3.0700015683286535, ""Q"": 1.522997976075758e-08, ""u1"": 0.4595492534961035}",239.04040197184793,245.18768647866193,208.2323204411523,214.3796049479663
primary,heavy,NGC2403,73,C_k2,logsvt,3,643.6628407577097,9.195183439395853,650.0106668446662,24.97976448062184,656.5342190811548,22.929714246634603,30.727072346251116,3,3,0.6227766648185916,,"{""B"": 0.26357809787962716, ""C"": 0.04480034376831133, ""u2"": 16.66808375363021}",-130.80329584449578,-128.6892339188754,-161.6113773751914,-159.49731544957103
primary,heavy,NGC2403,73,C_k2_Q,logsvt,4,643.6628472211103,9.328447061175511,652.251082515228,27.220180151183627,660.8246849857038,27.220180151183627,858474468.2153381,3,4,0.9379988609816121,logQ,"{""B"": 0.2635781002397412, ""C"": 0.04480034292008637, ""Q"": 1.5229979744713493e-08, ""u2"": 16.668083534957695}",-128.562880173934,-124.39876801432638,-159.37096170462962,-155.206849545022
primary,heavy,NGC2403,73,C_k2_L,logsvt,4,616.4426670699266,8.933951696665604,625.0309023640443,0.0,633.6045048345202,0.0,51.67882576069113,4,4,0.9810396999794743,,"{""B"": 0.22259333475100151, ""C"": 0.03478941000388775, ""L"": 0.2258962949354066, ""u2"": 20.033506080447182}",-155.78306032511762,-151.61894816551,-186.59114185581325,-182.42702969620564
primary,heavy,NGC2403,73,C_k2_L_Q,logsvt,5,616.4426688916114,9.06533336605311,627.3381912796712,2.3072889156268275,637.8949660973534,4.290461262833219,1682317926.3172398,4,5,0.981039692972092,logQ,"{""B"": 0.22259324102391753, ""C"": 0.034789379508603106, ""L"": 0.22589678912482983, ""Q"": 1.5229979746313677e-08, ""u2"": 20.033519065629985}",-153.4757714094908,-147.3284869026768,-184.28385294018642,-178.13656843337242
primary,heavy,NGC2403,73,C_k12,logsvt,4,643.6628408990358,9.328446969551244,652.2510761931535,27.22017382910917,660.8246786636294,27.22017382910917,1659436712.640243,3,4,0.9985874676906104,logu1,"{""B"": 0.2635780968975553, ""C"": 0.04480034439171459, ""u1"": 1.5229983310313398e-08, ""u2"": 16.668083941747213}",-128.56288649600845,-124.39877433640083,-159.37096802670408,-155.20685586709646
primary,heavy,NGC2403,73,C_k12_Q,logsvt,5,643.6628473624353,9.465630108271107,654.558369750495,29.527467386450667,665.1151445681772,31.510639733657058,1813099643.8666503,3,5,0.9967215406360398,logu1;logQ,"{""B"": 0.2635781007925224, ""C"": 0.04480034503085891, ""Q"": 1.5229981139674848e-08, ""u1"": 1.5229981289350394e-08, ""u2"": 16.668083255283104}",-126.25559293866695,-120.10830843185295,-157.06367446936258,-150.91638996254858
primary,heavy,NGC2403,73,C_k12_L,logsvt,5,616.4426675956787,9.065333346995274,627.3381899837384,2.3072876196940797,637.8949648014207,4.290459966900471,1811376834.8814876,4,5,0.99645372050822,logu1,"{""B"": 0.22259324199597907, ""C"": 0.03478937984317954, ""L"": 0.22589677415077136, ""u1"": 1.5229979744805803e-08, ""u2"": 20.033519063949118}",-153.47577270542354,-147.32848819860953,-184.28385423611917,-178.13656972930517
primary,heavy,NGC2403,73,C_k12_L_Q,logsvt,6,616.4426694175227,9.200636856977951,629.7153966902499,4.684494326205595,642.185426064413,8.580921229892851,2980410966.9994836,4,6,0.9878568428762411,logu1;logQ,"{""B"": 0.22259326752426215, ""C"": 0.03478938131161102, ""L"": 0.2258966439262124, ""Q"": 1.5229979792638683e-08, ""u1"": 1.522997992042914e-08, ""u2"": 20.033516731570707}",-151.09856599891202,-143.03802693561715,-181.90664752960765,-173.84610846631278
primary,heavy,NGC2403,73,cored_log,cored_log,2,807.450615648429,11.37254388237224,811.6220442198576,186.59114185581325,816.0315345307258,182.42702969620564,5.0006704509050435,2,2,0.8891329342491778,,"{""H"": 1.077956925753544, ""Rc"": 0.2275443789828352}",30.80808153069563,30.80808153069563,0.0,0.0
primary,heavy,NGC2403,73,pISO,piso,2,776.6425341177334,10.938627241094837,780.8139626891619,155.78306032511762,785.2234530000302,151.61894816551,6.6649043617100405,2,2,0.937349124721145,,"{""H"": 1.3416422728238873, ""Rc"": 0.12741132516962217}",0.0,0.0,-30.80808153069563,-30.80808153069563
primary,heavy,NGC2403,73,NFW,nfw,2,1069.4680806682807,15.062930713637757,1073.6395092397092,448.6086068756649,1078.0489995505775,444.4444947160573,11.121100423899119,2,2,0.981093980444948,,"{""V200"": 0.984238617250923, ""c"": 7.946716199278}",292.8255465505473,292.8255465505473,262.01746501985167,262.01746501985167
primary,heavy,NGC2841,50,baryons,logsvt,0,28401.079978418922,568.0215995683784,28401.079978418922,28341.707325674306,28401.079978418922,28336.49299578846,,0,0,,,{},28327.129813276144,28323.56108641422,28307.19238140844,28303.62365454652
primary,heavy,NGC2841,50,Q,logsvt,1,28401.080852632404,579.6138949516817,28403.164185965736,28343.79153322112,28404.992875637832,28340.40589300737,1.0,1,1,0.0,logQ,"{""Q"": 1.522997974474845e-08}",28329.214020822958,28327.473983633132,28309.276588955254,28307.53655176543
primary,heavy,NGC2841,50,L,logsvt,1,1602.2395681768794,32.698766697487336,1604.3229015102127,1544.9502487655984,1606.1515911823076,1541.5646085518438,1.0,1,1,0.0,,"{""L"": 1.0205201442634897}",1530.3727363674327,1528.6326991776075,1510.4353044997317,1508.6952673099065
primary,heavy,NGC2841,50,L_Q,logsvt,2,549.1672566206137,11.440984512929452,553.4225757695499,494.04992302493565,556.9913026314699,492.404320001006,8.48869009734691,2,2,0.9723011005992329,,"{""L"": 2.0736099364133476, ""Q"": 1.508703101198752}",479.47241062677,479.4724106267699,459.5349787590691,459.53497875906896
primary,heavy,NGC2841,50,k1,logsvt,2,68.6479250399271,1.4301651049984814,72.90324418886327,13.530591444249012,76.4719710507834,11.884988420319488,11.582282414562563,2,2,0.8731798060197659,,"{""B"": 0.3757631755253588, ""u1"": 10.743082783991198}",-1.04692095391664,-1.04692095391664,-20.984352821617577,-20.984352821617577
primary,heavy,NGC2841,50,k1_Q,logsvt,3,68.64792800161914,1.4605942128004072,75.16966713205392,15.79701438743966,80.38399701790357,15.79701438743966,269424852.9503302,2,3,0.9995317230074973,logQ,"{""B"": 0.3757631827079782, ""Q"": 1.522997982300044e-08, ""u1"": 10.74308215463606}",1.2195019892740078,2.8651050132035323,-18.71792987842693,-17.072326854497405
primary,heavy,NGC2841,50,k1_L,logsvt,3,63.42305107814081,1.349426618683847,69.9447902085756,10.57213746396134,75.15912009442525,10.57213746396134,37.23122338235496,3,3,0.9756082227956306,,"{""B"": 0.3222089220498347, ""L"": 0.10886954860432556, ""u1"": 15.151991028881913}",-4.005374934204312,-2.3597719102747874,-23.94280680190525,-22.297203777975724
primary,heavy,NGC2841,50,k1_L_Q,logsvt,4,63.42305195930755,1.3787619991153814,72.31194084819643,12.939288103582172,79.07114398102013,14.48416135055622,1022992843.1385905,3,4,0.9933244648962878,logQ,"{""B"": 0.3222089134420127, ""L"": 0.10886957743073222, ""Q"": 1.522997974472226e-08, ""u1"": 15.15199199741111}",-1.6382242945834804,1.5522519763200933,-21.575656162284417,-18.385179891380844
primary,heavy,NGC2841,50,k2,logsvt,2,89.63227786154464,1.8673391221155133,93.8875970104808,34.514944265866546,97.45632387240093,32.86934124193702,11.7069908968539,2,2,0.47444848106126125,,"{""B"": 0.1654587541114593, ""u2"": 137.81282369686633}",19.937431867700894,19.937431867700894,-4.263256414560601e-14,-4.263256414560601e-14
primary,heavy,NGC2841,50,k2_Q,logsvt,3,89.6322858578693,1.9070699118695598,96.15402498830409,36.78137224368983,101.36835487415374,36.78137224368983,216558143.29184002,2,3,0.9996759662066237,logQ,"{""B"": 0.16545875545814584, ""Q"": 1.5229979744712682e-08, ""u2"": 137.812827991071}",22.20385984552418,23.849462869453703,2.2664279778232412,3.9120310017527657
primary,heavy,NGC2841,50,k2_L,logsvt,3,52.850913614179476,1.1244875237059462,59.37265274461426,0.0,64.58698263046391,0.0,28.10461190043712,3,3,0.9623139807519251,,"{""B"": 0.133533718975969, ""L"": 0.19004473757454368, ""u2"": 248.90838190340062}",-14.577512398165652,-12.931909374236128,-34.51494426586659,-32.869341241937065
primary,heavy,NGC2841,50,k2_L_Q,logsvt,4,52.85091444449268,1.1489329227063627,61.739803333381566,2.367150588767309,68.49900646620526,3.9120238357413513,1104016175.376598,3,4,0.986923690368253,logQ,"{""B"": 0.13353371529388916, ""L"": 0.19004476930542877, ""Q"": 1.52299797447129e-08, ""u2"": 248.90841038959914}",-12.210361809398343,-9.019885538494776,-32.14779367709928,-28.957317406195713
primary,heavy,NGC2841,50,k12,logsvt,3,64.42320999895945,1.3707065957225415,70.94494912939423,11.572296384779975,76.15927901524388,11.572296384779975,142.5298725226453,3,3,0.9963344256632669,,"{""B"": 0.32761703907324385, ""u1"": 14.542962987477445, ""u2"": 2.4130241599280717}",-3.0052160133856773,-1.3596129894561528,-22.942647881086614,-21.29704485715709
primary,heavy,NGC2841,50,k12_Q,logsvt,4,64.42321134742086,1.4005045945091492,73.31210023630975,13.93944749169549,80.07130336913345,15.484320738669538,761491976.822796,3,4,0.9999688737139829,logQ,"{""B"": 0.327617036280087, ""Q"": 1.5229979744712682e-08, ""u1"": 14.542963294544768, ""u2"": 2.41302468211475}",-0.6380649064701629,2.5524113644334108,-20.5754967741711,-17.385020503267526
primary,heavy,NGC2841,50,k12_L,logsvt,4,52.85091369830888,1.1489329064849756,61.739802587197765,2.3671498425835082,68.49900572002146,3.9120230895575503,1096230874.7639978,3,4,0.993129671344719,,"{""B"": 0.13353371823139695, ""L"": 0.19004474249413938, ""u1"": 2.793332569968691e-07, ""u2"": 248.9083925374713}",-12.210362555582144,-9.019886284678577,-32.14779442328308,-28.957318152379514
primary,heavy,NGC2841,50,k12_L_Q,logsvt,5,63.423052039446574,1.409401156432146,74.78668840308293,15.414035658468677,82.9831670665873,18.39618443612339,1238227541.7507837,3,5,0.9927589604562038,logQ,"{""B"": 0.32220890808130725, ""L"": 0.10883971424958325, ""Q"": 1.523015310412583e-08, ""u1"": 15.15203887058148, ""u2"": 0.0007024608459838478}",0.836523260303025,5.464275061887264,-19.100908607397912,-14.473156805813673
primary,heavy,NGC2841,50,C,logsvt,1,444.18792185487246,9.065059629691275,446.27125518820577,386.8986024435915,448.0999448603006,383.51296222983666,1.0,1,1,0.0,,"{""C"": 0.6129409191135697}",372.3210900454259,370.58105285560055,352.3836581777249,350.6436209878996
primary,heavy,NGC2841,50,C_Q,logsvt,2,444.1879481068927,9.253915585560264,448.44326725582886,389.0706145112146,452.011994117749,387.4250114872851,153698450.37952933,1,2,1.0,logQ,"{""C"": 0.6129409253246775, ""Q"": 1.5229979745139918e-08}",374.49310211304896,374.49310211304896,354.555670245348,354.55567024534804
primary,heavy,NGC2841,50,C_L,logsvt,2,123.60945601316001,2.575197000274167,127.86477516209618,68.49212241748192,131.4335020240163,66.84651939355238,4.890959546432364,2,2,0.9094160831184406,,"{""C"": 0.41856940190463854, ""L"": 0.35219165443309747}",53.91461001931627,53.91461001931626,33.977178151615334,33.97717815161532
primary,heavy,NGC2841,50,C_L_Q,logsvt,3,106.62657674409478,2.268650569023293,113.14831587452956,53.7756631299153,118.36264576037921,53.7756631299153,37.01534450641106,3,3,0.9681217887958138,,"{""C"": 0.3610345707499828, ""L"": 0.6620369661796134, ""Q"": 0.31192538783373847}",39.19815073174965,40.843753755679174,19.260718864048712,20.906321887978237
primary,heavy,NGC2841,50,C_k1,logsvt,3,68.64792517514486,1.4605941526626567,75.16966430557964,15.797011560965387,80.3839941914293,15.797011560965387,756201036.1138324,2,3,0.9992963988523166,logC,"{""B"": 0.3757631695895576, ""C"": 1.5229981128522915e-08, ""u1"": 10.743082236342813}",1.2194991627997354,2.86510218672926,-18.7179327049012,-17.072329680971677
primary,heavy,NGC2841,50,C_k1_Q,logsvt,4,68.6479281368368,1.4923462638442782,77.53681702572568,18.164164281111425,84.29602015854938,19.709037528085474,803671592.0179964,2,4,0.9995447694220279,logC;logQ,"{""B"": 0.37576317678998894, ""C"": 1.5229979767634892e-08, ""Q"": 1.5229979746564412e-08, ""u1"": 10.743081566604625}",3.586651882945773,6.777128153849347,-16.350779984755164,-13.16030371385159
primary,heavy,NGC2841,50,C_k1_L,logsvt,4,63.423051431166186,1.3787619876340476,72.31194032005507,12.939287575440815,79.07114345287877,14.484160822414864,1199742173.0584655,3,4,0.9992696256418299,logC,"{""B"": 0.3222089116253256, ""C"": 1.522997974471436e-08, ""L"": 0.10886955410644403, ""u1"": 15.15199098727045}",-1.6382248227248368,1.5522514481787368,-21.575656690425774,-18.3851804195222
primary,heavy,NGC2841,50,C_k1_L_Q,logsvt,5,63.42305231233332,1.4094011624962959,74.78668867596967,15.414035931355414,82.98316733947405,18.396184709010143,1771213142.5646968,3,5,0.9988182278436981,logC;logQ,"{""B"": 0.32220889875394726, ""C"": 1.5229980753268436e-08, ""L"": 0.10886959138840901, ""Q"": 1.5229980350643448e-08, ""u1"": 15.151992452712708}",0.8365235331897622,5.464275334774015,-19.100908334511175,-14.473156532926922
primary,heavy,NGC2841,50,C_k2,logsvt,3,79.28124813338815,1.686835066667833,85.80298726382293,26.43033451920867,91.01731714967258,26.43033451920867,28.866696996336465,3,3,0.9798863029713114,,"{""B"": 0.10968830494506326, ""C"": 0.23894453084947134, ""u2"": 45.59524016211717}",11.852822121043019,13.498425144972543,-8.084609746657918,-6.439006722728394
primary,heavy,NGC2841,50,C_k2_Q,logsvt,4,79.28125345846713,1.7235055099666767,88.17014234735602,28.797489602741763,94.92934548017972,30.342362849715812,204498584.0620053,3,4,0.9958289831567236,logQ,"{""B"": 0.10968830878044496, ""C"": 0.2389445243279917, ""Q"": 1.5229979744712682e-08, ""u2"": 45.595238491373564}",14.21997720457611,17.410453475479684,-5.717454663124826,-2.5269783922212525
primary,heavy,NGC2841,50,C_k2_L,logsvt,4,52.85091373740027,1.1489329073347885,61.739802626289155,2.367149881674898,68.49900575911285,3.91202312864894,1129762566.8357801,3,4,0.9963978841094793,logC,"{""B"": 0.133533713112251, ""C"": 1.5229980333790884e-08, ""L"": 0.1900447488224783, ""u2"": 248.90839533034617}",-12.210362516490754,-9.019886245587188,-32.14779438419169,-28.957318113288125
primary,heavy,NGC2841,50,C_k2_L_Q,logsvt,5,52.85091456771389,1.1744647681714198,64.21455093135026,4.841898186736003,72.41102959485463,7.824046964390718,1292377399.557843,3,5,0.9976690262348986,logC;logQ,"{""B"": 0.13353371077003376, ""C"": 1.522998028473549e-08, ""L"": 0.19004477380898488, ""Q"": 1.5229979841096832e-08, ""u2"": 248.90840476226376}",-9.735614211429649,-5.10786240984541,-29.673046079130586,-25.045294277546347
primary,heavy,NGC2841,50,C_k12,logsvt,4,64.42321034395482,1.40050457269467,73.3120992328437,13.93944648822945,80.0713023656674,15.4843197352035,1042381476.4279212,3,4,0.9990975741701449,logC,"{""B"": 0.32761703504755263, ""C"": 1.5229981830300822e-08, ""u1"": 14.542962324453285, ""u2"": 2.4130238487869824}",-0.638065909936202,2.5524103609673716,-20.57549777763714,-17.385021506733565
primary,heavy,NGC2841,50,C_k12_Q,logsvt,5,64.42321169242163,1.4316269264982584,75.78684805605799,16.414195311443734,83.98332671956236,19.39634408909845,1228255265.1291506,3,5,0.9999658647540159,logC;logQ,"{""B"": 0.3276170110966966, ""C"": 1.523023602925285e-08, ""Q"": 1.5229979744718092e-08, ""u1"": 14.542964457655, ""u2"": 2.4130261396892103}",1.8366829132780822,6.464434714862321,-18.100748954422855,-13.472997152838616
primary,heavy,NGC2841,50,C_k12_L,logsvt,5,52.85091374198731,1.1744647498219403,64.21455010562367,4.841897361009416,72.41102876912804,7.82404613866413,2085389499.8589966,3,5,0.9999786687644753,logC;logu1,"{""B"": 0.13353371296237532, ""C"": 1.522998123792129e-08, ""L"": 0.19004474980832853, ""u1"": 1.5229981942401345e-08, ""u2"": 248.9083965377609}",-9.735615037156236,-5.1078632355719975,-29.673046904857173,-25.045295103272935
primary,heavy,NGC2841,50,C_k12_L_Q,logsvt,6,52.8509145723178,1.201157149370859,66.80440294441082,7.431750199796568,76.32305260488667,11.736069974422762,2805024165.414922,3,6,0.9967470661571671,logC;logu1;logQ,"{""B"": 0.13353371270274283, ""C"": 1.5231087393523785e-08, ""L"": 0.19004476220355265, ""Q"": 1.5230116842780477e-08, ""u1"": 1.523212684993361e-08, ""u2"": 248.90839415240802}",-7.145762198369084,-1.1958393998133658,-27.08319406607002,-21.133271267514303
primary,heavy,NGC2841,50,cored_log,cored_log,2,89.63227786154468,1.8673391221155142,93.88759701048085,34.51494426586659,97.45632387240097,32.869341241937065,5.89219239991909,2,2,0.47444846210096187,,"{""H"": 0.6618350149319405, ""Rc"": 0.08518343962805376}",19.937431867700937,19.937431867700937,0.0,0.0
primary,heavy,NGC2841,50,pISO,piso,2,69.69484599384374,1.451975958205078,73.95016514277991,14.577512398165652,77.51889200470004,12.931909374236128,8.341325345590402,2,2,0.746917444049316,,"{""H"": 0.7197623609928563, ""Rc"": 0.03839348491790486}",0.0,0.0,-19.937431867700937,-19.937431867700937
primary,heavy,NGC2841,50,NFW,nfw,2,112.22447547090313,2.338009905643815,116.4797946198393,57.10714187522504,120.04852148175942,55.461538851295515,9.057172309391841,2,2,0.9209555920279556,,"{""V200"": 0.6270947941218284, ""c"": 13.682829334500672}",42.52962947705939,42.52962947705939,22.59219760935845,22.59219760935845
primary,heavy,NGC2903,34,baryons,logsvt,0,10907.31233380429,320.8033039354203,10907.31233380429,10193.504678188923,10907.31233380429,10189.725596615075,,0,0,,,{},9651.819816614721,9649.154192339684,9680.21009478684,9677.544470511803
primary,heavy,NGC2903,34,Q,logsvt,1,10907.312634836768,330.5246252980839,10909.437634836768,10195.629979221401,10910.838995361384,10193.25225817217,1.0,1,1,0.0,logQ,"{""Q"": 1.5229979757794855e-08}",9653.9451176472,9652.680853896778,9682.335395819318,9681.071132068897
primary,heavy,NGC2903,34,L,logsvt,1,1495.594025584257,45.32103107831082,1497.719025584257,783.9113699688908,1499.1203861088732,781.5336489196584,1.0,1,1,0.0,,"{""L"": 0.7253208390021882}",242.22650839468906,240.96224464426655,270.6167865668083,269.3525228163858
primary,heavy,NGC2903,34,L_Q,logsvt,2,1494.2416999835277,46.69505312448524,1498.6287967577214,784.8211411423551,1501.29442103276,783.7076838435453,98.86566527677363,2,2,0.9366433766097528,,"{""L"": 0.752169685530133, ""Q"": 0.045816924916547944}",243.13627956815344,243.13627956815344,271.52655774027266,271.52655774027266
primary,heavy,NGC2903,34,k1,logsvt,2,1494.6166841767113,46.70677138052223,1499.003780950905,785.1961253355387,1501.6694052259436,784.0826680367288,199.41366176888482,2,2,0.9999496700854502,,"{""B"": 7.92731276439578, ""u1"": 0.047003930312928925}",243.51126376133698,243.51126376133698,271.9015419334562,271.9015419334562
primary,heavy,NGC2903,34,k1_Q,logsvt,3,1494.2417007752024,48.20134518629685,1501.0417007752023,787.2340451598361,1504.820782349051,787.2340451598361,382242336.59321773,2,3,0.9997311206259875,,"{""B"": 4867.08752679185, ""Q"": 0.045759012443166464, ""u1"": 7.7271037974245e-05}",245.5491835856344,246.66264088444427,273.93946175775363,275.0529190565635
primary,heavy,NGC2903,34,k1_L,logsvt,3,1494.2501283986965,48.20161704511924,1501.0501283986964,787.2424727833302,1504.829209972545,787.2424727833302,1232514330.8023398,2,3,0.999999998073487,,"{""B"": 20906.468747625648, ""L"": -42.950582900840935, ""u1"": 0.001045194497235192}",245.55761120912848,246.67106850793834,273.9478893812477,275.06134668005757
primary,heavy,NGC2903,34,k1_L_Q,logsvt,4,1494.2417003783248,49.80805667927749,1503.6210107231525,789.8133551077863,1508.3471424767895,790.7604052875747,421988490.2795247,2,4,0.9997981568840236,,"{""B"": 0.0012036398715110472, ""L"": 0.7521460290545112, ""Q"": 0.045816624828253195, ""u1"": 0.009812098977596797}",248.12849353358456,250.18900101218287,276.5187717057038,278.5792791843021
primary,heavy,NGC2903,34,k2,logsvt,2,1222.7151422433287,38.20984819510402,1227.1022390175224,513.2945834021561,1229.767863292561,512.1811261033463,7.326844240029783,2,2,0.9442984323379252,,"{""B"": 0.20883761873201329, ""u2"": 3.5775340722913866}",-28.390278172045555,-28.390278172045555,7.366907084360719e-11,7.366907084360719e-11
primary,heavy,NGC2903,34,k2_Q,logsvt,3,1158.8007377029946,37.38066895816112,1165.6007377029946,451.79308208762836,1169.3798192768431,451.79308208762836,182.45201491998486,3,3,0.9980821673223963,,"{""B"": 1.1315661791425953, ""Q"": 1.679983915443779, ""u2"": 0.9120342364064316}",-89.89177948657334,-88.77832218776348,-61.50150131445412,-60.388044015644255
primary,heavy,NGC2903,34,k2_L,logsvt,3,707.0076556153663,22.80669856823762,713.8076556153662,0.0,717.5867371892148,0.0,68.4681942799687,3,3,0.9818643145144177,,"{""B"": 1.1139716571061722, ""L"": -3.0473670402338593, ""u2"": 3.3103120545644904}",-541.6848615742017,-540.5714042753918,-513.2945834020825,-512.1811261032726
primary,heavy,NGC2903,34,k2_L_Q,logsvt,4,707.0076574626098,23.566921915420327,716.3869678074374,2.579312192071143,721.1130995610745,3.5263623718597046,3917345407.1481743,3,4,0.9996715697114201,logQ,"{""B"": 1.1139716633640573, ""L"": -3.0473670494825296, ""Q"": 1.522997974471712e-08, ""u2"": 3.3103120483240946}",-539.1055493821306,-537.0450419035321,-510.71527121001134,-508.6547637314129
primary,heavy,NGC2903,34,k12,logsvt,3,1222.7151445582342,39.44242401800756,1229.5151445582342,515.7074889428679,1233.2942261320827,515.7074889428679,639384837.9741695,2,3,0.9979951241071808,logu1,"{""B"": 0.20883754767872761, ""u1"": 1.5229979996049983e-08, ""u2"": 3.5775366089819287}",-25.977372631333765,-24.863915332523902,2.4129055407854594,3.526362839595322
primary,heavy,NGC2903,34,k12_Q,logsvt,4,1158.800748540638,38.62669161802127,1168.1800588854658,454.37240327009954,1172.9061906391028,455.319453449888,773875063.5914007,3,4,0.9999814389667143,logu1,"{""B"": 1.1315575606928938, ""Q"": 1.6799730186527602, ""u1"": 1.5229979849240376e-08, ""u2"": 0.9120390742426927}",-87.31245830410217,-85.25195082550385,-58.92218013198294,-56.86167265338463
primary,heavy,NGC2903,34,k12_L,logsvt,4,707.0076565446439,23.56692188482146,716.3869668894714,2.57931127410518,721.1130986431085,3.526361453893742,1481671369.369104,3,4,0.9983165958821157,logu1,"{""B"": 1.1139716667798145, ""L"": -3.047367060051727, ""u1"": 1.5229979744733137e-08, ""u2"": 3.310312026184851}",-539.1055503000965,-537.0450428214981,-510.7152721279773,-508.6547646493789
primary,heavy,NGC2903,34,k12_L_Q,logsvt,5,707.0076583918869,24.379574427306444,719.150515534744,5.3428599193778155,724.6394610149678,7.052723825752992,4035439371.7466865,3,5,0.9991841822982807,logu1;logQ,"{""B"": 1.1139716819962653, ""L"": -3.0473670924865184, ""Q"": 1.5229979744715766e-08, ""u1"": 1.5229979744734814e-08, ""u2"": 3.310312008901559}",-536.3420016548239,-533.5186804496389,-507.95172348270467,-505.1284022775196
primary,heavy,NGC2903,34,C,logsvt,1,3552.35820766583,107.64721841411605,3554.48320766583,2840.675552050464,3555.884568190446,2838.2978310012313,1.0,1,1,0.0,,"{""C"": 0.3057303373668305}",2298.990690476262,2297.7264267258392,2327.380968648381,2326.1167048979587
primary,heavy,NGC2903,34,C_Q,logsvt,2,3552.358272287009,111.01119600896904,3556.745369061203,2842.9377134458364,3559.4109933362415,2841.824256147027,89199420.87046967,2,2,1.0,logQ,"{""C"": 0.30573034388408304, ""Q"": 1.5229979744712682e-08}",2301.252851871635,2301.252851871635,2329.6431300437544,2329.6431300437544
primary,heavy,NGC2903,34,C_L,logsvt,2,1495.594072070802,46.73731475221256,1499.9811688449956,786.1735132296294,1502.6467931200343,785.0600559308195,78609454.66462424,2,2,1.0,logC,"{""C"": 1.522997974966392e-08, ""L"": 0.7253208102509165}",244.4886516554277,244.4886516554277,272.8789298275469,272.8789298275469
primary,heavy,NGC2903,34,C_L_Q,logsvt,3,1494.2417494080703,48.20134675509904,1501.0417494080702,787.234093792704,1504.8208309819188,787.234093792704,170151267.6460335,2,3,0.9999998624210162,logC,"{""C"": 1.5229979744712682e-08, ""L"": 0.7521696483519101, ""Q"": 0.04581690736774191}",245.5492322185023,246.66268951731217,273.93951039062154,275.0529676894314
primary,heavy,NGC2903,34,C_k1,logsvt,3,1494.6167327985,48.213442993499996,1501.4167327984999,787.6090771831336,1505.1958143723484,787.6090771831336,168356861.44789514,2,3,0.9999885273810863,logC,"{""B"": 7.927237644172257, ""C"": 1.5229979744712682e-08, ""u1"": 0.04700438669664247}",245.92421560893195,247.0376729077418,274.31449378105117,275.42795107986103
primary,heavy,NGC2903,34,C_k1_Q,logsvt,4,1494.2417508642682,49.80805836214227,1503.6210612090958,789.8134055937296,1508.3471929627328,790.7604557735181,303432698.27611655,2,4,0.9999998841182782,logC,"{""B"": 3588.6286835295923, ""C"": 1.5229979744712682e-08, ""Q"": 0.045738423247082736, ""u1"": 0.00010479906294360082}",248.1285440195279,250.18905149812622,276.51882219164713,278.57932967024544
primary,heavy,NGC2903,34,C_k1_L,logsvt,4,1494.2501550184302,49.80833850061434,1503.6294653632579,789.8218097478916,1508.3555971168948,790.7688599276801,5199608338.318673,2,4,1.0,logC,"{""B"": 21020.15994313289, ""C"": 1.5229979744712682e-08, ""L"": -43.06835787161925, ""u1"": 0.0010423428318424256}",248.13694817368992,250.19745565228823,276.52722634580914,278.58773382440745
primary,heavy,NGC2903,34,C_k1_L_Q,logsvt,5,1494.2417494190015,51.525577566172466,1506.3846065618586,792.5769509464924,1511.8735520420823,794.2868148528676,359347769.0648042,2,5,0.9999998502229237,logC,"{""B"": 0.003414858485628596, ""C"": 1.523003518656807e-08, ""L"": 0.7521554268522366, ""Q"": 0.045816814188167694, ""u1"": 0.002076836657019379}",250.89208937229068,253.71541057747572,279.2823675444099,282.10568874959495
primary,heavy,NGC2903,34,C_k2,logsvt,3,1222.7151972206657,39.44242571679567,1229.5151972206656,515.7075416052994,1233.2942787945142,515.7075416052994,113532344.57219283,2,3,0.9999998707362869,logC,"{""B"": 0.20883754445900862, ""C"": 1.5229979744725398e-08, ""u2"": 3.577536421774207}",-25.977319968902293,-24.86386267009243,2.412958203216931,3.5264155020267935
primary,heavy,NGC2903,34,C_k2_Q,logsvt,4,1158.8007941064684,38.62669313688228,1168.180104451296,454.37244883592984,1172.906236204933,455.3194990157183,286846623.0862863,3,4,0.9999814039678094,logC,"{""B"": 1.1315612540795996, ""C"": 1.5229979744712682e-08, ""Q"": 1.6799776577192405, ""u2"": 0.9120369683944083}",-87.31241273827186,-85.25190525967355,-58.922134566152636,-56.861627087554325
primary,heavy,NGC2903,34,C_k2_L,logsvt,4,707.0076789302567,23.566922631008556,716.3869892750843,2.5793336597180314,721.1131210287214,3.526383839506593,1008172250.3013104,3,4,0.9995774616991429,logC,"{""B"": 1.1139717044071142, ""C"": 1.5229979744712844e-08, ""L"": -3.047367196498419, ""u2"": 3.310311993796308}",-539.1055279144837,-537.0450204358852,-510.71524974236445,-508.654742263766
primary,heavy,NGC2903,34,C_k2_L_Q,logsvt,5,707.0076807775,24.37957519922414,719.1505379203571,5.342882304990894,724.6394834005808,7.05274621136607,3197955380.8043537,3,5,0.9995938463730141,logC;logQ,"{""B"": 1.1139716779594235, ""C"": 1.522997974535651e-08, ""L"": -3.047367096620754, ""Q"": 1.5229980016503635e-08, ""u2"": 3.3103119908887844}",-536.3419792692108,-533.5186580640258,-507.9517010970916,-505.12837989190655
primary,heavy,NGC2903,34,C_k12,logsvt,4,1222.7151995357078,40.757173317856925,1232.0945098805355,518.2868542651693,1236.8206416341725,519.2339044449577,806116343.3943658,2,4,0.9999982797209968,logC;logu1,"{""B"": 0.20883754613752287, ""C"": 1.5229979744758567e-08, ""u1"": 1.5229979745847862e-08, ""u2"": 3.5775363555228417}",-23.398007309032437,-21.337499830434126,4.992270863086787,7.052778341685098
primary,heavy,NGC2903,34,C_k12_Q,logsvt,5,1158.8008049446987,39.95864844636892,1170.9436620875558,457.1360064721896,1176.4326075677795,458.84587037856477,1609817474.4499583,3,5,0.9999978795608861,logC;logu1,"{""B"": 1.1315525400230388, ""C"": 1.5229979744712682e-08, ""Q"": 1.6799665697396287, ""u1"": 1.5229979744712682e-08, ""u2"": 0.9120418259116764}",-84.54885510201211,-81.72553389682707,-56.15857692989289,-53.33525572470785
primary,heavy,NGC2903,34,C_k12_L,logsvt,5,707.007679859534,24.379575167570138,719.1505370023912,5.342881387024931,724.6394824826149,7.052745293400108,2243713107.4549227,3,5,0.9996682318227446,logC;logu1,"{""B"": 1.1139716974617773, ""C"": 1.5229979744740006e-08, ""L"": -3.047367165225232, ""u1"": 1.522997974741028e-08, ""u2"": 3.310311976019388}",-536.3419801871768,-533.5186589819917,-507.95170201505755,-505.1283808098725
primary,heavy,NGC2903,34,C_k12_L_Q,logsvt,6,707.0076817067779,25.25027434667064,722.118792817889,8.311137202522787,728.1658448544749,10.579107665260153,5273462505.307323,3,6,0.9999768321689605,logC;logu1;logQ,"{""B"": 1.1139717155351803, ""C"": 1.522997974474266e-08, ""L"": -3.0473672016252156, ""Q"": 1.5229979747259482e-08, ""u1"": 1.5229979754294895e-08, ""u2"": 3.3103119492221746}",-533.3737243716789,-529.9922966101317,-504.9834461995597,-501.60201843801246
primary,heavy,NGC2903,34,cored_log,cored_log,2,1222.715142243255,38.20984819510172,1227.1022390174487,513.2945834020825,1229.7678632924874,512.1811261032726,5.91091484711143,2,2,0.9442984177881518,,"{""H"": 0.8353503787447153, ""Rc"": 0.5286984788316332}",-28.390278172119224,-28.390278172119224,0.0,0.0
primary,heavy,NGC2903,34,pISO,piso,2,1251.1054204153743,39.097044387980446,1255.492517189568,541.6848615742017,1258.1581414646066,540.5714042753918,7.406414217166028,2,2,0.9641536615798173,,"{""H"": 1.2006831158003413, ""Rc"": 0.3548183578375904}",0.0,0.0,28.390278172119224,28.390278172119224
primary,heavy,NGC2903,34,NFW,nfw,2,1494.5716513962168,46.705364106131775,1498.9587481704104,785.1510925550442,1501.6243724454491,784.0376352562344,87.03592651863647,2,2,0.9996973033333644,,"{""V200"": 2.836005253266724, ""c"": 1.0799058809061863}",243.4662309808425,243.4662309808425,271.85650915296173,271.85650915296173
primary,heavy,NGC2976,27,baryons,logsvt,0,127.36418895033455,4.717192183345724,127.36418895033455,113.83552427988216,127.36418895033455,111.7438505478735,,0,0,,,{},113.83552427988216,111.7438505478735,113.83548712245498,111.74381339044632
primary,heavy,NGC2976,27,Q,logsvt,1,127.36419216768823,4.898622775680317,129.52419216768823,115.99552749723584,130.66002903369255,115.03969063123151,1.0,1,1,0.0,logQ,"{""Q"": 1.5229979773719094e-08}",115.99552749723584,115.03969063123151,115.99549033980865,115.03965347380432
primary,heavy,NGC2976,27,L,logsvt,1,30.702799792828607,1.1808769151087926,32.8627997928286,19.334135122376217,33.998636658832936,18.37829825637189,1.0,1,1,0.0,,"{""L"": 0.574151856584359}",19.334135122376217,18.37829825637189,19.334097964949038,18.378261098944712
primary,heavy,NGC2976,27,L_Q,logsvt,2,30.70280029705156,1.2281120118820623,35.20280029705156,21.674135626599174,37.29447402906022,21.674135626599174,249036966.37621158,1,2,1.0,logQ,"{""L"": 0.5741518659550893, ""Q"": 1.5229979744712682e-08}",21.674135626599174,21.674135626599174,21.674098469171994,21.674098469171994
primary,heavy,NGC2976,27,k1,logsvt,2,30.703047536093408,1.2281219014437363,35.20304753609341,21.67438286564102,37.294721268102066,21.67438286564102,689801.3547207094,2,2,0.999999999995797,logB,"{""B"": 22026.46579422842, ""u1"": 1.3033274236146075e-05}",21.67438286564102,21.67438286564102,21.674345708213842,21.674345708213842
primary,heavy,NGC2976,27,k1_Q,logsvt,3,30.70304804032585,1.2792936683469105,37.746526301195416,24.21786163074303,40.590558638338834,24.97022023587779,495559683.6124808,2,3,1.0,logB;logQ,"{""B"": 22026.465794806678, ""Q"": 1.5229979744712682e-08, ""u1"": 1.3033274400843058e-05}",24.21786163074303,24.97022023587779,24.21782447331585,24.97018307845061
primary,heavy,NGC2976,27,k1_L,logsvt,3,30.70279979282863,1.2792833247011928,37.74627805369819,24.217613383245805,40.590310390841616,24.96997198838057,,1,1,0.0,,"{""B"": 8.342892003094188e-07, ""L"": 0.5741518602694237, ""u1"": 2.3773969092970715e-07}",24.217613383245805,24.96997198838057,24.217576225818625,24.96993483095339
primary,heavy,NGC2976,27,k1_L_Q,logsvt,4,30.702800297051578,1.3349043607413729,40.5209821152334,26.992317444781015,43.8861477610689,28.265809358607854,,1,2,0.9999999999999999,logQ,"{""B"": 1.8242769702835626e-08, ""L"": 0.5741518669753138, ""Q"": 1.522997981822624e-08, ""u1"": 4.920312886715841e-08}",26.992317444781015,28.265809358607854,26.992280287353836,28.265772201180674
primary,heavy,NGC2976,27,k2,logsvt,2,9.028701827879571,0.3611480731151828,13.528701827879571,3.71574271866848e-05,15.62037555988823,3.71574271866848e-05,80.41405901665419,2,2,0.999690246827508,,"{""B"": 3.4600583529408726, ""u2"": 0.09126533778062024}",3.71574271866848e-05,3.71574271866848e-05,3.552713678800501e-15,3.552713678800501e-15
primary,heavy,NGC2976,27,k2_Q,logsvt,3,9.02870183273063,0.37619590969710953,16.072180093600196,2.543515423147811,18.916212430743617,3.295874028282574,116899729.33349931,2,3,0.9999614297960581,,"{""B"": 3.4601708228510555, ""Q"": 2.1301185328817635e-05, ""u2"": 0.09126391865773009}",2.543515423147811,3.295874028282574,2.543478265720628,3.295836870855391
primary,heavy,NGC2976,27,k2_L,logsvt,3,7.5988947710237875,0.31662061545932446,14.642373031893351,1.1137083614409669,17.486405369036774,1.8660669665757315,24.34776461208804,3,3,0.9138698592948031,,"{""B"": 0.7862624007089555, ""L"": -0.35039382480364467, ""u2"": 0.7776922697405132}",1.1137083614409669,1.8660669665757315,1.1136712040137837,1.8660298091485483
primary,heavy,NGC2976,27,k2_L_Q,logsvt,4,7.598894776028477,0.3303867293925425,17.417076594210293,3.888411923757909,20.782242240045793,5.161903837584751,1253797264.534685,3,4,0.9836774400098841,logQ,"{""B"": 0.7862621780764558, ""L"": -0.35039400503211554, ""Q"": 1.5230200186913214e-08, ""u2"": 0.7776927373085312}",3.888411923757909,5.161903837584751,3.8883747663307258,5.1618666801575674
primary,heavy,NGC2976,27,k12,logsvt,3,9.028702750707765,0.3761959479461569,16.07218101157733,2.5435163411249473,18.916213348720753,3.29587494625971,31321184.70152441,3,3,0.9999331959758128,logu1,"{""B"": 3.460041678649424, ""u1"": 1.522997974472361e-08, ""u2"": 0.09126578230552461}",2.5435163411249473,3.29587494625971,2.543479183697764,3.295837788832527
primary,heavy,NGC2976,27,k12_Q,logsvt,4,9.028702751006156,0.39255229352200677,18.846884569187974,5.31821989873559,22.212050215023474,6.591711812562432,424716414.4641591,3,4,0.9999898725303508,logu1,"{""B"": 3.4600478399329657, ""Q"": 1.301518373664145e-06, ""u1"": 1.5229980104618877e-08, ""u2"": 0.09126571506370787}",5.31821989873559,6.591711812562432,5.318182741308407,6.5916746551352485
primary,heavy,NGC2976,27,k12_L,logsvt,4,7.3583715540766645,0.31992919800333325,17.176553372258482,3.6478887018060977,20.541719018093982,4.921380615632939,88875.30284997782,4,4,0.99999533463557,,"{""B"": 6.595399485872026, ""L"": -5.099984660829423, ""u1"": 0.35545699781834866, ""u2"": 0.17935280760433045}",3.6478887018060977,4.921380615632939,3.6478515443789146,4.921343458205756
primary,heavy,NGC2976,27,k12_L_Q,logsvt,5,7.358371556500044,0.3344714343863657,20.215514413642904,6.686849743190519,23.83755588652169,8.21721748406065,4740853967.909234,4,5,0.9999999483628719,,"{""B"": 6.5954504316102005, ""L"": -5.100019446250914, ""Q"": 1.5688996496322953e-08, ""u1"": 0.355456883401147, ""u2"": 0.17935189095906964}",6.686849743190519,8.21721748406065,6.686812585763336,8.217180326633466
primary,heavy,NGC2976,27,C,logsvt,1,97.55990838134886,3.752304168513418,99.71990838134886,86.19124371089647,100.85574524735318,85.23540684489214,1.0,1,1,0.0,,"{""C"": 0.10309781879813125}",86.19124371089647,85.23540684489214,86.19120655346929,85.23536968746495
primary,heavy,NGC2976,27,C_Q,logsvt,2,97.55991051331335,3.902396420532534,102.05991051331335,88.53124584286097,104.15158424532201,88.53124584286097,45785828.41497348,2,2,1.0,logQ,"{""C"": 0.10309780649797413, ""Q"": 1.5229979744712682e-08}",88.53124584286097,88.53124584286097,88.53120868543378,88.53120868543378
primary,heavy,NGC2976,27,C_L,logsvt,2,30.702804470568566,1.2281121788227427,35.202804470568566,21.67413980011618,37.294478202577224,21.67413980011618,30441787.015003614,2,2,1.0,logC,"{""C"": 1.5229979744715227e-08, ""L"": 0.5741518197255933}",21.67413980011618,21.67413980011618,21.674102642689,21.674102642689
primary,heavy,NGC2976,27,C_L_Q,logsvt,3,30.70280497479155,1.2792835406163146,37.74628323566111,24.217618565208724,40.59031557280454,24.969977170343498,317135614.651976,2,3,1.0,logC;logQ,"{""C"": 1.5229979752109374e-08, ""L"": 0.5741518275804511, ""Q"": 1.522997978290908e-08}",24.217618565208724,24.969977170343498,24.217581407781545,24.969940012916318
primary,heavy,NGC2976,27,C_k1,logsvt,3,30.703052213816296,1.2792938422423457,37.746530474685855,24.21786580423347,40.59056281182929,24.970224409368242,33572114.34457332,3,3,1.0,logC;logB,"{""B"": 22026.46579480656, ""C"": 1.5229979744712682e-08, ""u1"": 1.3033273345936637e-05}",24.21786580423347,24.970224409368242,24.21782864680629,24.970187251941063
primary,heavy,NGC2976,27,C_k1_Q,logsvt,4,30.703052718048774,1.334915335567338,40.521234536230594,26.992569865778208,43.88640018206609,28.266061779605046,448229676.0653061,3,4,1.0,logC;logB;logQ,"{""B"": 22026.465794800024, ""C"": 1.5229979744712682e-08, ""Q"": 1.522997974471279e-08, ""u1"": 1.3033273518608018e-05}",26.992569865778208,28.266061779605046,26.99253270835103,28.266024622177866
primary,heavy,NGC2976,27,C_k1_L,logsvt,4,30.70280447056857,1.3349045421986334,40.520986288750386,26.992321618298,43.88615193458588,28.265813532124838,1.6336949005196416e+17,2,3,1.0,logC,"{""B"": 0.0006796241202143596, ""C"": 1.522997974496385e-08, ""L"": 0.5741518220135277, ""u1"": 8.512984910205562e-08}",26.992321618298,28.265813532124838,26.99228446087082,28.26577637469766
primary,heavy,NGC2976,27,C_k1_L_Q,logsvt,5,30.70280497479155,1.3955820443087068,43.5599478319344,30.031283161482015,47.1819893048132,31.561650902352156,637229432.2511926,2,5,1.0,logC;logQ,"{""B"": 0.019486246968019243, ""C"": 1.5229979745122927e-08, ""L"": 0.5741518283811623, ""Q"": 1.522997975129538e-08, ""u1"": 1.6091635579267736e-08}",30.031283161482015,31.561650902352156,30.031246004054836,31.561613744924976
primary,heavy,NGC2976,27,C_k2,logsvt,3,9.028704064670304,0.376196002694596,16.07218232553987,2.543517655087486,18.91621466268329,3.295876260222249,19049799.031761408,3,3,0.9999314126574591,logC,"{""B"": 3.4600630799680543, ""C"": 1.5229979744712682e-08, ""u2"": 0.09126520332727593}",2.543517655087486,3.295876260222249,2.543480497660303,3.2958391027950658
primary,heavy,NGC2976,27,C_k2_Q,logsvt,4,9.028704064953072,0.39255235065013355,18.846885883134888,5.318221212682504,22.212051528970388,6.591713126509346,559448683.0958848,3,4,0.9999903207442554,logC,"{""B"": 3.460060560689843, ""C"": 1.5229979744712682e-08, ""Q"": 1.2394593901630458e-06, ""u2"": 0.09126536975097281}",5.318221212682504,6.591713126509346,5.318184055255321,6.5916759690821625
primary,heavy,NGC2976,27,C_k2_L,logsvt,4,7.598895508956976,0.33038676125899896,17.41707732713879,3.8884126566864072,20.78224297297429,5.161904570513249,72254137.42588434,4,4,0.988561382531554,logC,"{""B"": 0.7862622775755335, ""C"": 1.5229979744827445e-08, ""L"": -0.3503941262358823, ""u2"": 0.777692689324212}",3.8884126566864072,5.161904570513249,3.888375499259224,5.161867413086066
primary,heavy,NGC2976,27,C_k2_L_Q,logsvt,5,7.598895513961923,0.3454043415437238,20.456038371104782,6.927373700652398,24.07807984398357,8.457741441522527,1024122691.3570876,4,5,0.9895341697101611,logC;logQ,"{""B"": 0.7862621391655235, ""C"": 1.5229979744740277e-08, ""L"": -0.35039423989599844, ""Q"": 1.5229979747705276e-08, ""u2"": 0.7776929862316365}",6.927373700652398,8.457741441522527,6.9273365432252145,8.457704284095344
primary,heavy,NGC2976,27,C_k12,logsvt,4,9.028704987500243,0.3925523907608801,18.846886805682058,5.318222135229673,22.212052451517557,6.591714049056515,72886560.26497927,4,4,1.0,logC;logu1,"{""B"": 3.4600461880544677, ""C"": 1.5229979744719283e-08, ""u1"": 1.5229979744717553e-08, ""u2"": 0.0912656536285697}",5.318222135229673,6.591714049056515,5.31818497780249,6.591676891629332
primary,heavy,NGC2976,27,C_k12_Q,logsvt,5,9.028704987523867,0.41039568125108483,21.885847844666724,8.35718317421434,25.507889317545512,9.88755091508447,544398127.9643118,4,5,1.0,logC;logu1,"{""B"": 3.4600430868231418, ""C"": 1.5229979744713063e-08, ""Q"": 1.0237441715879542e-07, ""u1"": 1.522998125996398e-08, ""u2"": 0.09126574680578665}",8.35718317421434,9.88755091508447,8.357146016787157,9.887513757657286
primary,heavy,NGC2976,27,C_k12_L,logsvt,5,7.358372204074895,0.33447146382158616,20.215515061217754,6.68685039076537,23.837556534096542,8.2172181316355,353080048.2740646,4,5,1.0,logC,"{""B"": 6.595312374169549, ""C"": 1.5229980679115642e-08, ""L"": -5.099925110230676, ""u1"": 0.35545717364892965, ""u2"": 0.17935438368404225}",6.68685039076537,8.2172181316355,6.686813233338187,8.217180974208317
primary,heavy,NGC2976,27,C_k12_L_Q,logsvt,6,7.358372217900527,0.35039867704288225,23.558372217900526,10.029707547448142,27.133393413926502,11.51305501146546,4384706404.88952,4,6,1.0,,"{""B"": 6.595449777081312, ""C"": 1.542137968143905e-08, ""L"": -5.100017634277261, ""Q"": 3.666072249892347e-08, ""u1"": 0.35545678931045693, ""u2"": 0.17935183833048032}",10.029707547448142,11.51305501146546,10.029670390020959,11.513017854038276
primary,heavy,NGC2976,27,cored_log,cored_log,2,9.028701827879567,0.3611480731151827,13.528701827879567,3.7157427183132086e-05,15.620375559888226,3.7157427183132086e-05,98.07340219654591,2,2,0.9996902468873885,,"{""H"": 13.840234584259152, ""Rc"": 3.310145518954352}",3.7157427183132086e-05,3.7157427183132086e-05,0.0,0.0
primary,heavy,NGC2976,27,pISO,piso,2,9.028664670452384,0.36114658681809536,13.528664670452384,0.0,15.620338402461043,0.0,99.74385410337207,2,2,0.9997004909952742,,"{""H"": 24.476771292241775, ""Rc"": 2.541139541718814}",0.0,0.0,-3.7157427183132086e-05,-3.7157427183132086e-05
primary,heavy,NGC2976,27,NFW,nfw,2,30.831869629267548,1.233274785170702,35.331869629267544,21.803204958815158,37.4235433612762,21.803204958815158,163.70127068407308,2,2,0.9999154534633866,logc,"{""V200"": 6.607964593603812, ""c"": 1.0000277433017761}",21.803204958815158,21.803204958815158,21.80316780138798,21.80316780138798
primary,heavy,NGC3198,43,baryons,logsvt,0,21477.205274327156,499.4698901006315,21477.205274327156,21424.722020671597,21477.205274327156,21421.499620440212,,0,0,,,{},21405.50320016877,21402.280799937384,21424.722020671597,21421.499620440212
primary,heavy,NGC3198,43,Q,logsvt,1,21477.205793227724,511.3620426958982,21479.303354203334,21426.820100547775,21480.966993343416,21425.261339456472,1.0,1,1,0.0,logQ,"{""Q"": 1.5229979745150578e-08}",21407.601280044946,21406.042518953644,21426.820100547775,21425.261339456472
primary,heavy,NGC3198,43,L,logsvt,1,1355.1960068141786,32.266571590813776,1357.2935677897883,1304.8103141342308,1358.9572069298722,1303.2515530429278,1.0,1,1,0.0,,"{""L"": 1.1983012310539558}",1285.5914936314014,1284.032732540098,1304.8103141342308,1303.2515530429275
primary,heavy,NGC3198,43,L_Q,logsvt,2,114.70868235113065,2.7977727402714794,119.00868235113064,66.52542869557323,122.23108258251777,66.52542869557323,6.350953955818599,2,2,0.9503027752578976,,"{""L"": 2.2688971862346645, ""Q"": 1.5781523134735036}",47.306608192743724,47.306608192743724,66.5254286955732,66.5254286955732
primary,heavy,NGC3198,43,k1,logsvt,2,136.69622203791596,3.334054196046731,140.99622203791597,88.51296838235854,144.2186222693031,88.51296838235854,7.741550580103369,2,2,0.9466123990127481,,"{""B"": 0.6025975653352761, ""u1"": 2.520867411018507}",69.29414787952905,69.29414787952905,88.51296838235854,88.51296838235854
primary,heavy,NGC3198,43,k1_Q,logsvt,3,91.58352843117113,2.289588210779278,98.19891304655575,45.71565939099832,102.86712877825182,47.16147489130727,60.99933321374901,3,3,0.9964490777068318,,"{""B"": 1.2149855379732357, ""Q"": 0.4997305835601299, ""u1"": 1.0583434193366323}",26.496838888168824,27.942654388477777,45.715659390998304,47.16147489130726
primary,heavy,NGC3198,43,k1_L,logsvt,3,88.7594734810629,2.2189868370265726,95.37485809644751,42.891604440890085,100.04307382814359,44.33741994119904,348.27365447465024,3,3,0.998338881448581,,"{""B"": 3.396864371298968, ""L"": -1.958084137881624, ""u1"": 0.6647976237066072}",23.67278393806059,25.118599438369543,42.89160444089007,44.33741994119902
primary,heavy,NGC3198,43,k1_L_Q,logsvt,4,88.75947354268254,2.27588393699186,97.81210512162991,45.328851466072486,103.80427400545679,48.09862011851224,2809541350.2917128,3,4,0.9998218378806705,logQ,"{""B"": 3.396867057300952, ""L"": -1.9580854272400439, ""Q"": 1.5229979753589925e-08, ""u1"": 0.6647972685580045}",26.11003096324299,28.879799615682742,45.32885146607247,48.09862011851222
primary,heavy,NGC3198,43,k2,logsvt,2,48.18325365555743,1.1752013086721325,52.48325365555743,0.0,55.70565388694455,0.0,4.9706866320399214,2,2,0.6949927813467462,,"{""B"": 0.20558700030974503, ""u2"": 27.94685354865176}",-19.218820502829495,-19.218820502829495,-1.4210854715202004e-14,-1.4210854715202004e-14
primary,heavy,NGC3198,43,k2_Q,logsvt,3,48.11584667243718,1.2028961668109295,54.73123128782179,2.247977632264366,59.399447019517865,3.6937931325733118,464.1353693272187,3,3,0.9247702816884741,,"{""B"": 0.20712216786799026, ""Q"": 0.009797754135937921, ""u2"": 27.595432614425224}",-16.97084287056513,-15.525027370256183,2.2479776322643517,3.6937931325732976
primary,heavy,NGC3198,43,k2_L,logsvt,3,48.026192523135,1.200654813078375,54.641577138519615,2.1583234829621887,59.30979287021569,3.6041389832711346,14.72217027091761,3,3,0.9765763000006203,,"{""B"": 0.20996767450068154, ""L"": -0.02181665933925216, ""u2"": 27.39187129646331}",-17.060497019867306,-15.61468151955836,2.1583234829621745,3.6041389832711204
primary,heavy,NGC3198,43,k2_L_Q,logsvt,4,48.02619262854843,1.231440836629447,57.0788242074958,4.595570551938373,63.07099309132268,7.365339204378124,1203368043.7636473,3,4,0.9985132897512937,logQ,"{""B"": 0.20996767467251257, ""L"": -0.021816648752153504, ""Q"": 1.5237024097865304e-08, ""u2"": 27.391871078472715}",-14.623249950891122,-11.85348129845137,4.5955705519383585,7.36533920437811
primary,heavy,NGC3198,43,k12,logsvt,3,48.07760473394151,1.2019401183485379,54.692989349326126,2.2097356937686996,59.3612050810222,3.6555511940776455,377.85636203804177,3,3,0.9177920295321822,,"{""B"": 0.20693710262498013, ""u1"": 0.20542082353170676, ""u2"": 27.42158560011253}",-17.009084809060795,-15.563269308751849,2.2097356937686854,3.6555511940776313
primary,heavy,NGC3198,43,k12_Q,logsvt,4,47.72420280515916,1.2236975078245937,56.77683438410653,4.293580728549102,62.76900326793341,7.0633493809888535,292.0647423050982,4,4,0.978116846331877,,"{""B"": 0.21380594849467263, ""Q"": 0.02953455287111946, ""u1"": 0.4964980552469815, ""u2"": 25.589555245324302}",-14.925239774280392,-12.155471121840641,4.293580728549088,7.063349380988839
primary,heavy,NGC3198,43,k12_L,logsvt,4,47.18147757920036,1.2097814763897528,56.23410915814773,3.750855502590305,62.22627804197461,6.520624155030056,194.04382936969367,4,4,0.9828389256930193,,"{""B"": 0.22893853821802362, ""L"": -0.08284267432089631, ""u1"": 0.8107414779882272, ""u2"": 23.737166007149913}",-15.46796500023919,-12.698196347799438,3.7508555025902908,6.520624155030042
primary,heavy,NGC3198,43,k12_L_Q,logsvt,5,47.18147778733571,1.2416178365088344,58.80309940895733,6.319845753399903,65.98747836580353,10.281824478858972,1049631675.690279,4,5,0.999130134149751,logQ,"{""B"": 0.22893850377958214, ""L"": -0.08284255871528415, ""Q"": 1.5229979744713006e-08, ""u1"": 0.8107399402996326, ""u2"": 23.737171874782838}",-12.898974749429591,-8.936996023970522,6.319845753399889,10.281824478858958
primary,heavy,NGC3198,43,C,logsvt,1,2669.378792893381,63.556637926032884,2671.476353868991,2618.9931002134335,2673.1399930090747,2617.43433912213,1.0,1,1,0.0,,"{""C"": 0.5083527193943647}",2599.774279710604,2598.215518619301,2618.9931002134335,2617.43433912213
primary,heavy,NGC3198,43,C_Q,logsvt,2,2669.378871226837,65.10680173723992,2673.678871226837,2621.19561757128,2676.901271458224,2621.1956175712794,113389442.16321747,1,2,1.0,logQ,"{""C"": 0.5083527235541528, ""Q"": 1.5229979856479616e-08}",2601.97679706845,2601.97679706845,2621.19561757128,2621.1956175712794
primary,heavy,NGC3198,43,C_L,logsvt,2,462.17497975313285,11.272560481783728,466.47497975313286,413.99172609757545,469.69737998451996,413.9917260975754,3.7848030588268156,2,2,0.7858228115125224,,"{""C"": 0.2114355684028967, ""L"": 0.7830563053087537}",394.7729055947459,394.7729055947459,413.9917260975754,413.9917260975754
primary,heavy,NGC3198,43,C_L_Q,logsvt,3,112.8101745726071,2.8202543643151774,119.42555918799171,66.94230553243429,124.09377491968779,68.38812103274324,102.62430778598873,3,3,0.9761373523925315,,"{""C"": 0.017018631802359827, ""L"": 2.1749102611522306, ""Q"": 1.4891309524300498}",47.72348502960479,49.16930052991374,66.94230553243426,68.38812103274321
primary,heavy,NGC3198,43,C_k1,logsvt,3,136.69623030835638,3.4174057577089094,143.311614923741,90.82836126818356,147.97983065543707,92.27417676849251,249251475.8423886,2,3,0.999901665642569,logC,"{""B"": 0.6025975698814651, ""C"": 1.5229979744713225e-08, ""u1"": 2.5208672246180286}",71.60954076535407,73.05535626566302,90.82836126818356,92.27417676849251
primary,heavy,NGC3198,43,C_k1_Q,logsvt,4,91.58353450341613,2.3482957564978495,100.6361660823635,48.152912426806076,106.62833496619038,50.92268107924583,341695873.71737766,3,4,0.9992267635613444,logC,"{""B"": 1.2149855012530133, ""C"": 1.522997974553209e-08, ""Q"": 0.49973053861231315, ""u1"": 1.0583434031510046}",28.93409192397658,31.703860576416332,48.15291242680606,50.92268107924581
primary,heavy,NGC3198,43,C_k1_L,logsvt,4,88.75947995789977,2.2758841014846096,97.81211153684714,45.328857881289714,103.80428042067402,48.098626533729465,678044551.0861902,3,4,0.9996184721030494,logC,"{""B"": 3.396864684539969, ""C"": 1.5229979752553438e-08, ""L"": -1.9580842304521757, ""u1"": 0.6647975557401858}",26.11003737846022,28.87980603089997,45.3288578812897,48.09862653372945
primary,heavy,NGC3198,43,C_k1_L_Q,logsvt,5,88.75948001951699,2.3357757899872893,100.38110164113861,47.89784798558119,107.5654805979848,51.85982671104025,3128798247.4877224,3,5,0.9999458273108014,logC;logQ,"{""B"": 3.3968649001903573, ""C"": 1.522997974471279e-08, ""L"": -1.9580843211077934, ""Q"": 1.5229979744723234e-08, ""u1"": 0.6647975262189698}",28.679027482751692,32.641006208210754,47.89784798558117,51.859826711040235
primary,heavy,NGC3198,43,C_k2,logsvt,3,46.81265589832016,1.170316397458004,53.42804051370477,0.9447868581473458,58.096256245400845,2.3906023584562917,100.1589880823262,3,3,0.8841127274611025,,"{""B"": 0.20093925753735775, ""C"": 0.023242836149793708, ""u2"": 25.587069990512482}",-18.27403364468215,-16.828218144373203,0.9447868581473315,2.3906023584562774
primary,heavy,NGC3198,43,C_k2_Q,logsvt,4,46.36714101487426,1.1889010516634424,55.41977259382163,2.9365189382642,61.411941477648504,5.706287590703951,184.47917200251365,4,4,0.8481135893151721,,"{""B"": 0.20446474494423317, ""C"": 0.02756250365985008, ""Q"": 0.027243213307115634, ""u2"": 24.281759292159563}",-16.282301564565294,-13.512532912125543,2.936518938264186,5.706287590703937
primary,heavy,NGC3198,43,C_k2_L,logsvt,4,45.78298117087071,1.17392259412489,54.83561274981808,2.352359094260656,60.82778163364496,5.122127746700407,105.76632150513822,4,4,0.9355724945004473,,"{""B"": 0.21233133042426786, ""C"": 0.03299743378361892, ""L"": -0.06506739061362833, ""u2"": 23.285514427898832}",-16.86646140856884,-14.096692756129087,2.352359094260642,5.122127746700393
primary,heavy,NGC3198,43,C_k2_L_Q,logsvt,5,45.78298142233663,1.2048153005878062,57.404603043958254,4.921349388400827,64.58898200080445,8.883328113859896,1322667174.3748853,4,5,0.9971852495747022,logQ,"{""B"": 0.2123313213296266, ""C"": 0.032997429049056344, ""L"": -0.06506733234753942, ""Q"": 1.5229979744762353e-08, ""u2"": 23.285515786174674}",-14.297471114428667,-10.335492388969598,4.921349388400813,8.883328113859882
primary,heavy,NGC3198,43,C_k12,logsvt,4,46.81265593499628,1.2003245111537508,55.86528751394365,3.3820338583862224,61.85745639777053,6.1518025108259735,812104564.8235525,3,4,0.9999995917348122,logu1,"{""B"": 0.2009392585870927, ""C"": 0.02324283254084533, ""u1"": 1.5229982926371865e-08, ""u2"": 25.587070161546002}",-15.836786644443272,-13.067017992003521,3.382033858386208,6.151802510825959
primary,heavy,NGC3198,43,C_k12_Q,logsvt,5,46.367141040265686,1.220187922112255,57.98876266188731,5.505509006329881,65.1731416187335,9.467487731788943,1475790268.7319508,4,5,0.9436761028277717,logu1,"{""B"": 0.20446474802362405, ""C"": 0.027562497941155086, ""Q"": 0.027243227044661002, ""u1"": 1.523013360224665e-08, ""u2"": 24.28175963326859}",-13.713311496499614,-9.751332771040552,5.505509006329866,9.467487731788928
primary,heavy,NGC3198,43,C_k12_L,logsvt,5,45.78298118911722,1.2048152944504533,57.404602810738844,4.921349155181417,64.58898176758504,8.883327880640486,1231278042.370009,4,5,0.993977346490268,logu1,"{""B"": 0.21233132307968125, ""C"": 0.032997431391378826, ""L"": -0.06506735439713446, ""u1"": 1.523321143516389e-08, ""u2"": 23.285515558873577}",-14.297471347648077,-10.335492622189008,4.921349155181403,8.883327880640472
primary,heavy,NGC3198,43,C_k12_L_Q,logsvt,6,45.78298144057988,1.2373778767724293,60.11631477391322,7.633061118355791,68.35018213474126,12.644528247796707,2087193713.999906,4,6,0.9999839077914002,logu1;logQ,"{""B"": 0.21233132112385295, ""C"": 0.03299743189028405, ""L"": -0.06506733382845115, ""Q"": 1.5229979780284853e-08, ""u1"": 1.522997974475916e-08, ""u2"": 23.28551551186592}",-11.585759384473704,-6.574292255032788,7.633061118355776,12.644528247796693
primary,heavy,NGC3198,43,cored_log,cored_log,2,48.18325365555744,1.1752013086721327,52.48325365555744,1.4210854715202004e-14,55.70565388694457,1.4210854715202004e-14,2.8429640630618156,2,2,0.6949927944604221,,"{""H"": 0.8223480011293008, ""Rc"": 0.18916184460459032}",-19.21882050282948,-19.21882050282948,0.0,0.0
primary,heavy,NGC3198,43,pISO,piso,2,67.40207415838692,1.6439530282533397,71.70207415838692,19.218820502829495,74.92447438977405,19.218820502829495,3.7881307764474137,2,2,0.8099444651044504,,"{""H"": 0.9787226848099232, ""Rc"": 0.10451719859095822}",0.0,0.0,19.21882050282948,19.21882050282948
primary,heavy,NGC3198,43,NFW,nfw,2,112.9970510346591,2.756025634991685,117.29705103465909,64.81379737910166,120.51945126604622,64.81379737910166,6.297782217228588,2,2,0.917075762794477,,"{""V200"": 0.8584362063022261, ""c"": 5.618942551585821}",45.59497687627217,45.59497687627217,64.81379737910166,64.81379737910166
primary,heavy,NGC3521,41,baryons,logsvt,0,338.66280549232044,8.260068426641961,338.66280549232044,326.7846825501676,338.66280549232044,322.2926149987033,,0,0,,,{},236.33151897883684,233.22016431911243,236.33160146663602,233.22024680691158
primary,heavy,NGC3521,41,Q,logsvt,1,338.66281944130355,8.46657048603259,340.76538354386764,328.8872606017148,342.3763915080079,326.00620101439074,1.0,1,1,0.0,logQ,"{""Q"": 1.5229979765105897e-08}",238.43409703038404,236.93375033479987,238.4341795181832,236.93383282259902
primary,heavy,NGC3521,41,L,logsvt,1,163.7283379576927,4.093208448942318,165.83090206025682,153.95277911810393,167.441910024397,151.07171953077983,1.0,1,1,0.0,,"{""L"": 0.4094822676578792}",63.499615546773214,61.99926885118899,63.499698034572376,61.99935133898815
primary,heavy,NGC3521,41,L_Q,logsvt,2,163.72834000509388,4.198162564233177,168.0441294787781,156.16600653662522,171.1554841385025,154.78529364488531,262129045.88350555,1,2,1.0,logQ,"{""L"": 0.4094822680748109, ""Q"": 1.5229979744712735e-08}",65.7128429652945,65.71284296529447,65.71292545309366,65.71292545309363
primary,heavy,NGC3521,41,k1,logsvt,2,163.72884963942843,4.198175631780217,168.04463911311265,156.16651617095977,171.15599377283704,154.78580327921986,934987.8268410254,2,2,0.9999999999977126,logB,"{""B"": 22026.465794692584, ""u1"": 9.29526455167634e-06}",65.71335259962905,65.71335259962902,65.71343508742821,65.71343508742818
primary,heavy,NGC3521,41,k1_Q,logsvt,3,163.72885168686358,4.308653991759567,170.37750033551222,158.49937739335934,174.8695678869765,158.49937739335934,697487104.6621313,2,3,1.0,logB;logQ,"{""B"": 22026.46579478289, ""Q"": 1.5229979744712682e-08, ""u1"": 9.295264793942744e-06}",68.04621382202862,69.4269267137685,68.04629630982778,69.42700920156766
primary,heavy,NGC3521,41,k1_L,logsvt,3,163.72833795769608,4.30864047257095,170.37698660634473,158.49886366419184,174.86905415780902,158.49886366419184,,1,2,1.0,,"{""B"": 0.0003405307064826762, ""L"": 0.4094823202329922, ""u1"": 5.7865205667864076e-08}",68.04570009286113,69.426412984601,68.04578258066029,69.42649547240016
primary,heavy,NGC3521,41,k1_L_Q,logsvt,4,163.7283400050939,4.425090270407944,172.83945111620503,160.96132817405214,178.58262827191115,162.21243777829397,,1,2,1.0,logQ,"{""B"": 3.979827606355126e-05, ""L"": 0.40948226765154794, ""Q"": 1.5229979744712682e-08, ""u1"": 1.1649157512256054e-06}",70.50816460272142,73.13998709870313,70.50824709052058,73.14006958650229
primary,heavy,NGC3521,41,k2,logsvt,2,98.01533723575119,2.5132137752756716,102.3311267094354,90.45300376728251,105.44248136915981,89.07229087554265,1381534.3146799644,2,2,1.0,logB,"{""B"": 22026.46578516429, ""u2"": 7.305582928206529e-06}",-0.00015980404820936656,-0.00015980404820936656,-7.731624904749879e-05,-7.731624904749879e-05
primary,heavy,NGC3521,41,k2_Q,logsvt,3,98.01533723578363,2.579350979889043,104.66398588443228,92.7858629422794,109.15605343589655,92.7858629422794,476137672.90912545,2,3,1.0,logB,"{""B"": 22026.463406015402, ""Q"": 3.6699625578183254e-07, ""u2"": 7.305588142630156e-06}",2.3326993709486743,3.7134122626885357,2.332781858747836,3.7134947504876976
primary,heavy,NGC3521,41,k2_L,logsvt,3,5.229474293504234,0.1376177445659009,11.878122942152883,0.0,16.37019049361716,0.0,24.30346299208458,3,3,0.696064657979958,,"{""B"": 1.048072139953723, ""L"": -2.2112158073464583, ""u2"": 1.8290452820982754}",-90.45316357133072,-89.07245067959086,-90.45308108353156,-89.0723681917917
primary,heavy,NGC3521,41,k2_L_Q,logsvt,4,5.229474313563088,0.1413371436098132,14.340585424674199,2.4624624825213157,20.08376258038032,3.713572086763161,2591816656.7693877,3,4,0.9968865197853568,logQ,"{""B"": 1.0480721471266288, ""L"": -2.21121578652437, ""Q"": 1.5229979744712682e-08, ""u2"": 1.8290452425073531}",-87.9907010888094,-85.3588785928277,-87.99061860101024,-85.35879610502853
primary,heavy,NGC3521,41,k12,logsvt,3,98.01810369990979,2.5794237815765735,104.66675234855843,92.78862940640555,109.1588199000227,92.78862940640555,245265.10776241362,3,3,0.9999999843115558,logu1,"{""B"": 407.56652655260916, ""u1"": 1.5229979745186776e-08, ""u2"": 0.00039492068751731396}",2.335465835074828,3.7161787268146895,2.33554832287399,3.7162612146138514
primary,heavy,NGC3521,41,k12_Q,logsvt,4,98.01810372640492,2.649137938551484,107.12921483751603,95.25109189536315,112.87239199322215,96.502201499605,390840750.60994047,3,4,0.9999999843083105,logu1,"{""B"": 407.5595822709992, ""Q"": 6.104911306957258e-06, ""u1"": 1.5229979744712682e-08, ""u2"": 0.0003949311644528529}",4.797928324032426,7.429750820014135,4.798010811831588,7.429833307813297
primary,heavy,NGC3521,41,k12_L,logsvt,4,5.229474301984463,0.14133714329687738,14.340585413095575,2.4624624709426914,20.083762568801696,3.713572075184537,2504149686.0133667,3,4,0.9713815936540944,logu1,"{""B"": 1.0480721627387932, ""L"": -2.2112158515734324, ""u1"": 1.5229990772853082e-08, ""u2"": 1.829045260408501}",-87.99070110038804,-85.35887860440633,-87.99061861258886,-85.35879611660715
primary,heavy,NGC3521,41,k12_L_Q,logsvt,5,5.2294743220433135,0.14526317561231428,16.943760036329028,5.065637094176145,23.797334655564853,7.427144161947695,3561672380.875855,3,5,0.9946384681605348,logu1;logQ,"{""B"": 1.0480721657381002, ""L"": -2.211215841160516, ""Q"": 1.522997977278936e-08, ""u1"": 1.5229980077010715e-08, ""u2"": 1.8290452507387933}",-85.38752647715458,-81.64530651764316,-85.38744398935542,-81.645224029844
primary,heavy,NGC3521,41,C,logsvt,1,331.6165845519184,8.29041461379796,333.71914865448247,321.8410257123296,335.3301566186227,318.95996612500556,1.0,1,1,0.0,,"{""C"": 0.03536881630397832}",231.38786214099886,229.8875154454147,231.38794462879804,229.88759793321384
primary,heavy,NGC3521,41,C_Q,logsvt,2,331.6165966403063,8.50298965744375,335.9323861139905,324.05426317183765,339.0437407737149,322.67355028009774,7277478.981798407,2,2,1.0,logQ,"{""C"": 0.03536881730405224, ""Q"": 1.5229979744712682e-08}",233.6010996005069,233.60109960050687,233.60118208830608,233.60118208830602
primary,heavy,NGC3521,41,C_L,logsvt,2,163.72835463056893,4.198162939245357,168.04414410425315,156.16602116210026,171.15549876397753,154.78530827036036,38479269.95382886,2,2,1.0,logC,"{""C"": 1.522997974496672e-08, ""L"": 0.40948222563939735}",65.71285759076954,65.71285759076952,65.7129400785687,65.71294007856868
primary,heavy,NGC3521,41,C_L_Q,logsvt,3,163.72835667797037,4.308640965209746,170.377005326619,158.49888238446613,174.8690728780833,158.49888238446613,402813166.4876784,2,3,1.0,logC;logQ,"{""C"": 1.5229979749367032e-08, ""L"": 0.40948224301754266, ""Q"": 1.5229979758358657e-08}",68.04571881313541,69.42643170487528,68.04580130093457,69.42651419267445
primary,heavy,NGC3521,41,C_k1,logsvt,3,163.72886631226743,4.308654376638617,170.37751496091607,158.4993920187632,174.86958251238036,158.49939201876322,36468061.39414993,3,3,1.0,logC;logB,"{""B"": 22026.465794785432, ""C"": 1.5229979744712682e-08, ""u1"": 9.295263978713463e-06}",68.04622844743247,69.42694133917234,68.04631093523163,69.4270238269715
primary,heavy,NGC3521,41,C_k1_Q,logsvt,4,163.7288683597027,4.425104550262235,172.8399794708138,160.96185652866092,178.58315662651992,162.21296613290275,690992931.7170094,3,4,1.0,logC;logB;logQ,"{""B"": 22026.465793220123, ""C"": 1.5229979744712682e-08, ""Q"": 1.5229979744712682e-08, ""u1"": 9.29526423459537e-06}",70.5086929573302,73.1405154533119,70.50877544512936,73.14059794111107
primary,heavy,NGC3521,41,C_k1_L,logsvt,4,163.728354630575,4.425090665691217,172.83946574168613,160.96134279953324,178.58264289739225,162.2124524037751,896272229.7602025,2,4,1.0,logC,"{""B"": 0.006141818931276713, ""C"": 1.522998460881542e-08, ""L"": 0.409482220306397, ""u1"": 6.790314655741156e-07}",70.50817922820252,73.14000172418423,70.50826171600168,73.14008421198339
primary,heavy,NGC3521,41,C_k1_L_Q,logsvt,5,163.72835667797042,4.548009907721401,175.44264239225615,163.56451945010326,182.29621701149196,165.9260265178748,1.5144456193446938e+25,2,3,1.0,logC;logQ,"{""B"": 5.440489949514389e-07, ""C"": 1.5229979748121037e-08, ""L"": 0.4094822372467999, ""Q"": 1.5229979955225354e-08, ""u1"": 2.5060936639577758e-08}",73.11135587877254,76.85357583828394,73.1114383665717,76.8536583260831
primary,heavy,NGC3521,41,C_k2,logsvt,3,98.01535251650596,2.5793513820133147,104.6640011651546,92.78587822300172,109.15606871661888,92.78587822300172,22724092.70058467,3,3,1.0,logC;logB,"{""B"": 22026.465794802727, ""C"": 1.5229979744712682e-08, ""u2"": 7.305582705339256e-06}",2.3327146516709973,3.713427543410859,2.332797139470159,3.7135100312100207
primary,heavy,NGC3521,41,C_k2_Q,logsvt,4,98.01535251672478,2.649063581533102,107.12646362783589,95.248340685683,112.86964078354201,96.49945028992485,557239856.1912439,3,4,1.0,logC;logB,"{""B"": 22026.315301283023, ""C"": 1.5229979744712682e-08, ""Q"": 5.330756838021704e-07, ""u2"": 7.305638606008578e-06}",4.795177114352285,7.4269996103339935,4.795259602151447,7.427082098133155
primary,heavy,NGC3521,41,C_k2_L,logsvt,4,5.229474504081029,0.14133714875894673,14.34058561519214,2.4624626730392567,20.08376277089826,3.713572277281102,275344044.3252967,3,4,0.998573336001713,logC,"{""B"": 1.0480721966241313, ""C"": 1.5229979744712682e-08, ""L"": -2.2112159805429505, ""u2"": 1.829045288969425}",-87.99070089829146,-85.35887840230976,-87.9906184104923,-85.3587959145106
primary,heavy,NGC3521,41,C_k2_L_Q,logsvt,5,5.229474524139897,0.14526318122610826,16.94376023842561,5.065637296272728,23.79733485766144,7.427144364044281,3113687610.192864,3,5,0.9988173336650746,logC;logQ,"{""B"": 1.048072205881503, ""C"": 1.522997974487663e-08, ""L"": -2.2112159778313836, ""Q"": 1.5229979745314416e-08, ""u2"": 1.8290452679471023}",-85.387526275058,-81.64530631554658,-85.38744378725883,-81.64522382774742
primary,heavy,NGC3521,41,C_k12,logsvt,4,98.01811898139907,2.6491383508486237,107.12923009251018,95.2511071503573,112.8724072482163,96.50221675459915,53469852.50483443,4,4,0.9999999843126054,logC;logu1,"{""B"": 407.5607575666558, ""C"": 1.522997974795812e-08, ""u1"": 1.522997974484936e-08, ""u2"": 0.00039492626188925744}",4.79794357902658,7.429766075008288,4.7980260668257415,7.42984856280745
primary,heavy,NGC3521,41,C_k12_Q,logsvt,5,98.01811899508122,2.722725527641145,109.73240470936693,97.85428176721405,116.58597932860276,100.2157888349856,519177559.06309587,4,5,1.0,logC;logu1,"{""B"": 407.71158508112114, ""C"": 1.5229979744722152e-08, ""Q"": 3.1105345729509594e-06, ""u1"": 1.5229979744712682e-08, ""u2"": 0.0003947820294363625}",7.401118195883328,11.143338155394744,7.4012006836824895,11.143420643193906
primary,heavy,NGC3521,41,C_k12_L,logsvt,5,5.229474512561252,0.1452631809044792,16.943760226846965,5.065637284694082,23.79733484608279,7.427144352465632,2430034032.722546,3,5,0.9988705024445707,logC;logu1,"{""B"": 1.0480722178049602, ""C"": 1.5229979890411292e-08, ""L"": -2.2112160035018475, ""u1"": 1.5229985753345425e-08, ""u2"": 1.8290452424414605}",-85.38752628663664,-81.64530632712523,-85.38744379883748,-81.64522383932606
primary,heavy,NGC3521,41,C_k12_L_Q,logsvt,6,5.229474532620124,0.14941355807486068,19.70006276791424,7.821939825761357,27.51090693284597,11.140716439228811,4388999051.656994,3,6,0.9987399810515798,logC;logu1;logQ,"{""B"": 1.0480722224863872, ""C"": 1.522997974760236e-08, ""L"": -2.2112160087410615, ""Q"": 1.5229979758978573e-08, ""u1"": 1.5229979840341488e-08, ""u2"": 1.8290452497400038}",-82.63122374556937,-77.93173424036205,-82.6311412577702,-77.93165175256289
primary,heavy,NGC3521,41,cored_log,cored_log,2,98.01541455200024,2.5132157577435956,102.33120402568444,90.45308108353156,105.44255868540886,89.0723681917917,431392.22508896305,2,2,0.9999999999832084,logH,"{""H"": 22026.465794806678, ""Rc"": 184.98614431158148}",-8.248779916186777e-05,-8.248779916186777e-05,0.0,0.0
primary,heavy,NGC3521,41,pISO,piso,2,98.0154970397994,2.5132178728153693,102.3312865134836,90.45316357133072,105.44264117320802,89.07245067959086,45056.79534712512,2,2,0.999999998460742,logH,"{""H"": 22026.377239196692, ""Rc"": 106.80075869216215}",0.0,0.0,8.248779916186777e-05,8.248779916186777e-05
primary,heavy,NGC3521,41,NFW,nfw,2,165.4051198884619,4.241156920216972,169.72090936214613,157.84278641999325,172.83226402187051,156.46207352825337,129.2666783959697,2,2,0.999859767420393,logc,"{""V200"": 2.6621488909353244, ""c"": 1.0000000000000073}",67.38962284866253,67.3896228486625,67.38970533646169,67.38970533646166
primary,heavy,NGC5055,28,baryons,logsvt,0,42922.15824383153,1532.9342229939832,42922.15824383153,40243.32347514812,42922.15824383153,40240.3268616176,,0,0,,,{},28606.86039001295,28604.6759809926,28619.009075187183,28616.824666166835
primary,heavy,NGC5055,28,Q,logsvt,1,42922.15952341774,1589.7096119784346,42924.31336957158,40245.47860088817,42925.49172792791,40243.66034571398,1.0,1,1,0.0,logQ,"{""Q"": 1.5229979748807018e-08}",28609.015515753,28608.00946508898,28621.164200927233,28620.158150263214
primary,heavy,NGC5055,28,L,logsvt,1,17852.47374428392,661.2027312697749,17854.62759043777,15175.79282175436,17855.805948794095,15173.97456658016,1.0,1,1,0.0,,"{""L"": 0.5974001662892231}",3539.3297366191873,3538.3236859551635,3551.478421793423,3550.472371129399
primary,heavy,NGC5055,28,L_Q,logsvt,2,17852.47382448857,686.6336086341757,17856.95382448857,15178.11905580516,17859.138233508922,15177.306851294987,349370808.8603935,1,2,1.0,logQ,"{""L"": 0.5974001772243369, ""Q"": 1.5229979744740495e-08}",3541.655970669988,3541.65597066999,3553.804655844224,3553.8046558442256
primary,heavy,NGC5055,28,k1,logsvt,2,17852.516408076255,686.6352464644714,17856.996408076255,15178.161639392845,17859.180817096607,15177.349434882672,820735.3334019682,2,2,0.9999999999970306,logB,"{""B"": 22026.465794553253, ""u1"": 1.3561064168343019e-05}",3541.698554257673,3541.698554257675,3553.8472394319087,3553.8472394319106
primary,heavy,NGC5055,28,k1_Q,logsvt,3,17852.516488282872,714.1006595313149,17859.516488282872,15180.681719599463,17862.513101813398,15180.681719599463,2077400249.0276752,2,3,1.0,logB;logQ,"{""B"": 22026.465794668835, ""Q"": 1.5229979744712682e-08, ""u1"": 1.3561064395157144e-05}",3544.2186344642905,3545.030838974466,3556.367319638526,3557.1795241487016
primary,heavy,NGC5055,28,k1_L,logsvt,3,17852.473744293646,714.0989497717459,17859.473744293646,15180.638975610236,17862.47035782417,15180.638975610236,,1,1,0.0,,"{""B"": 1.662135887831995e-06, ""L"": 0.5973997238240427, ""u1"": 4.128597795830614e-06}",3544.175890475064,3544.9880949852395,3556.3245756492997,3557.136780159475
primary,heavy,NGC5055,28,k1_L_Q,logsvt,4,17852.473828092447,743.8530761705186,17862.21295852723,15183.378189843821,17865.802646133146,15183.971263919211,1731032776.8532004,1,4,1.0,,"{""B"": 0.00014262270419943638, ""L"": 0.5974001470386785, ""Q"": 1.5911142160441574e-08, ""u1"": 0.00010548855891079176}",3546.915104708649,3548.3203832942145,3559.0637898828845,3560.46906846845
primary,heavy,NGC5055,28,k2,logsvt,2,14298.669168639392,549.9488141784382,14303.149168639391,11624.314399955983,14305.333577659741,11623.502195445806,24.17652657565587,2,2,0.9960314355722825,,"{""B"": 0.40600884127648673, ""u2"": 0.8157585338876354}",-12.14868517919058,-12.14868517919058,-4.954927135258913e-09,-4.954927135258913e-09
primary,heavy,NGC5055,28,k2_Q,logsvt,3,14209.952215278485,568.3980886111394,14216.952215278485,11538.117446595075,14219.94882880901,11538.117446595075,12032667.253787573,3,3,0.999999875607804,logB,"{""B"": 22026.46573461747, ""Q"": 275.3763765615471, ""u2"": 0.003141661934411986}",-98.34563854009684,-97.53343402992141,-86.19695336586119,-85.38474885568576
primary,heavy,NGC5055,28,k2_L,logsvt,3,2671.8347686834086,106.87339074733634,2678.8347686834086,0.0,2681.8313822139344,0.0,76.42207471962153,3,3,0.9718769983970988,,"{""B"": 1.7854836550847584, ""L"": -5.729093994636522, ""u2"": 3.9914353352047796}",-11636.463085135172,-11635.650880624999,-11624.314399960938,-11623.502195450761
primary,heavy,NGC5055,28,k2_L_Q,logsvt,4,2671.834781129291,111.32644921372047,2681.5739115640736,2.7391428806649856,2685.163599169992,3.3322169560574366,6610357462.09564,3,4,0.9981920466418087,logQ,"{""B"": 1.785483651642996, ""L"": -5.729093982378994, ""Q"": 1.5229979744762948e-08, ""u2"": 3.991435346542957}",-11633.723942254508,-11632.31866366894,-11621.575257080272,-11620.169978494705
primary,heavy,NGC5055,28,k12,logsvt,3,14298.669229132753,571.9467691653101,14305.669229132753,11626.834460449343,14308.665842663278,11626.834460449343,498324480.6538683,2,3,0.9996842498716042,logu1,"{""B"": 0.40601082900927415, ""u1"": 1.5229979744712682e-08, ""u2"": 0.8157526401995574}",-9.628624685828981,-8.816420175653548,2.5200604884066706,3.3322649985821045
primary,heavy,NGC5055,28,k12_Q,logsvt,4,14210.88409321261,592.1201705505254,14220.623223647392,11541.788454963982,14224.212911253311,11542.381529039376,12322926.080677392,4,4,0.9999997519816675,logu1,"{""B"": 2729.465193170258, ""Q"": 96.24540380720201, ""u1"": 1.5229979744712682e-08, ""u2"": 0.008945733596275273}",-94.67463017119007,-93.26935158562083,-82.52594499695442,-81.12066641138517
primary,heavy,NGC5055,28,k12_L,logsvt,4,2671.8347797235506,111.32644915514794,2681.573910158333,2.7391414749245087,2685.1635977642513,3.3322155503169597,2232402867.5518456,3,4,0.9997289136036598,logu1,"{""B"": 1.7854836695747238, ""L"": -5.7290940280044715, ""u1"": 1.5229983618444006e-08, ""u2"": 3.991435298314058}",-11633.723943660249,-11632.318665074681,-11621.575258486013,-11620.169979900445
primary,heavy,NGC5055,28,k12_L_Q,logsvt,5,2671.834792169438,116.1667300943234,2684.5620648967106,5.727296213301997,2688.4958147203142,6.664432506379853,9181882720.736773,3,5,0.9998075182646686,logu1;logQ,"{""B"": 1.785483670505961, ""L"": -5.729094015519783, ""Q"": 1.5229979745110265e-08, ""u1"": 1.5229979745358783e-08, ""u2"": 3.99143529158342}",-11630.735788921871,-11628.986448118618,-11618.587103747635,-11616.837762944382
primary,heavy,NGC5055,28,C,logsvt,1,36971.82931666524,1369.327011728342,36973.98316281908,34295.14839413567,36975.16152117541,34293.33013896148,1.0,1,1,0.0,,"{""C"": 0.13842959167819294}",22658.6853090005,22657.67925833648,22670.833994174733,22669.827943510714
primary,heavy,NGC5055,28,C_Q,logsvt,2,36971.83005307675,1421.993463579875,36976.310053076755,34297.475284393346,36978.4944620971,34296.66307988317,31520679.65623478,2,2,1.0,logQ,"{""C"": 0.13842958276367254, ""Q"": 1.5229979744712682e-08}",22661.012199258173,22661.01219925817,22673.160884432407,22673.160884432404
primary,heavy,NGC5055,28,C_L,logsvt,2,17852.47470764413,686.6336426016974,17856.95470764413,15178.11993896072,17859.139116664483,15177.307734450547,50474576.926906,2,2,1.0,logC,"{""C"": 1.522997974582898e-08, ""L"": 0.5974001353854758}",3541.6568538255488,3541.6568538255506,3553.8055389997844,3553.805538999786
primary,heavy,NGC5055,28,C_L_Q,logsvt,3,17852.47478784878,714.0989915139512,17859.47478784878,15180.64001916537,17862.471401379305,15180.64001916537,690323371.2960263,2,3,1.0,logC;logQ,"{""C"": 1.5229979780676973e-08, ""L"": 0.597400153235369, ""Q"": 1.5229980082001562e-08}",3544.176934030198,3544.9891385403735,3556.3256192044337,3557.137823714609
primary,heavy,NGC5055,28,C_k1,logsvt,3,17852.5173714351,714.100694857404,17859.5173714351,15180.68260275169,17862.513984965626,15180.68260275169,90129764.72861578,3,3,1.0,logC;logB,"{""B"": 22026.465793867123, ""C"": 1.5229979744712682e-08, ""u1"": 1.3561063547803019e-05}",3544.2195176165187,3545.031722126694,3556.3682027907544,3557.18040730093
primary,heavy,NGC5055,28,C_k1_Q,logsvt,4,17852.517451641706,743.8548938184044,17862.25658207649,15183.42181339308,17865.846269682406,15184.014887468471,939494320.4832233,3,4,1.0,logC;logB;logQ,"{""B"": 22026.465794776355, ""C"": 1.5229979744717172e-08, ""Q"": 1.522997974479011e-08, ""u1"": 1.3561063821296151e-05}",3546.9587282579087,3548.3640068434743,3559.1074134321443,3560.51269201771
primary,heavy,NGC5055,28,C_k1_L,logsvt,4,17852.47470764595,743.8531128185813,17862.213838080734,15183.379069397324,17865.80352568665,15183.972143472714,6511300273.567914,2,4,1.0,logC,"{""B"": 2.5893866295724257e-05, ""C"": 1.522998022712355e-08, ""L"": 0.5974001336007408, ""u1"": 8.10863290720442e-05}",3546.915984262152,3548.3212628477177,3559.0646694363877,3560.4699480219533
primary,heavy,NGC5055,28,C_k1_L_Q,logsvt,5,17852.47478784878,776.1945559934252,17865.20206057605,15186.367291892642,17869.135810399657,15187.304428185722,1928609827.06123,2,5,1.0,logC;logQ,"{""B"": 0.010993191886480642, ""C"": 1.5229979744713926e-08, ""L"": 0.5974001485959061, ""Q"": 1.522997975424068e-08, ""u1"": 4.853083699487509e-08}",3549.90420675747,3551.653547560725,3562.0528919317057,3563.802232734961
primary,heavy,NGC5055,28,C_k2,logsvt,3,14298.670052431495,571.9468020972598,14305.670052431495,11626.835283748085,14308.66666596202,11626.835283748085,40510404.795119084,3,3,0.999675601311117,logC,"{""B"": 0.4060115536123896, ""C"": 1.5229979744712682e-08, ""u2"": 0.8157504274208279}",-9.627801387086947,-8.815596876911513,2.520883787148705,3.3330882973241387
primary,heavy,NGC5055,28,C_k2_Q,logsvt,4,14209.953121033343,592.0813800430559,14219.692251468125,11540.857482784715,14223.281939074044,11541.450556860109,19551319465.95458,3,4,1.0,logC;logB,"{""B"": 22026.4657571583, ""C"": 1.5229979744712682e-08, ""Q"": 275.375013759264, ""u2"": 0.003141646402135326}",-95.60560235045705,-94.2003237648878,-83.4569171762214,-82.05163859065215
primary,heavy,NGC5055,28,C_k2_L,logsvt,4,2671.834897162715,111.32645404844646,2681.5740275974977,2.7392589140890777,2685.163715203416,3.332332989481529,1178194584.373549,3,4,0.9999188043049781,logC,"{""B"": 1.7854837086356456, ""C"": 1.5229979757223263e-08, ""L"": -5.72909420226067, ""u2"": 3.991435316754847}",-11633.723826221085,-11632.318547635516,-11621.575141046847,-11620.16986246128
primary,heavy,NGC5055,28,C_k2_L_Q,logsvt,5,2671.8349096086085,116.16673520037429,2684.562182335881,5.727413652472478,2688.4959321594847,6.664549945550334,6882546066.981588,3,5,0.9999199321364739,logC;logQ,"{""B"": 1.7854836996679244, ""C"": 1.5229979817705184e-08, ""L"": -5.7290941502714645, ""Q"": 1.5229980270741384e-08, ""u2"": 3.9914352959705512}",-11630.7356714827,-11628.986330679447,-11618.586986308464,-11616.837645505211
primary,heavy,NGC5055,28,C_k12,logsvt,4,14298.670112927186,595.777921371966,14308.409243361968,11629.57447467856,14311.998930967888,11630.167548753954,835485460.6769619,3,4,0.9999998730019455,logC;logu1,"{""B"": 0.40601181560169547, ""C"": 1.5229979744712682e-08, ""u1"": 1.5229979744712682e-08, ""u2"": 0.815749653492367}",-6.8886104566136055,-5.483331871044356,5.260074717622047,6.665353303191296
primary,heavy,NGC5055,28,C_k12_Q,logsvt,5,14210.88499899786,617.86456517382,14223.612271725133,11544.777503041725,14227.546021548736,11545.714639334801,12150064682.388922,4,5,1.0,logC;logu1,"{""B"": 2729.3766303268126, ""C"": 1.5229979744712682e-08, ""Q"": 96.2438055514523, ""u1"": 1.5229979744712682e-08, ""u2"": 0.008945877452578537}",-91.68558209344883,-89.93624129019554,-79.53689691921318,-77.78755611595989
primary,heavy,NGC5055,28,C_k12_L,logsvt,5,2671.834908202863,116.16673513925491,2684.5621809301356,5.727412246726999,2688.4959307537392,6.664548539804855,2827331945.5974402,3,5,0.9999801432613225,logC;logu1,"{""B"": 1.7854837109046495, ""C"": 1.5229979744712682e-08, ""L"": -5.729094178461012, ""u1"": 1.5229979744715875e-08, ""u2"": 3.9914352614704893}",-11630.735672888446,-11628.986332085193,-11618.58698771421,-11616.837646910957
primary,heavy,NGC5055,28,C_k12_L_Q,logsvt,6,2671.834920648765,121.44704184767114,2687.834920648765,9.000151965356508,2691.828147709816,9.996765495881846,6237353105.777031,3,6,0.9999733849439968,logC;logu1;logQ,"{""B"": 1.7854837088227375, ""C"": 1.522997974472302e-08, ""L"": -5.72909414284333, ""Q"": 1.5229979744745038e-08, ""u1"": 1.522997974482014e-08, ""u2"": 3.991435228088888}",-11627.462933169816,-11625.654115129117,-11615.31424799558,-11613.50542995488
primary,heavy,NGC5055,28,cored_log,cored_log,2,14298.669168644346,549.9488141786287,14303.149168644346,11624.314399960938,14305.333577664696,11623.502195450761,23.45704294798558,2,2,0.9960314123745365,,"{""H"": 1.624031524369625, ""Rc"": 1.107180503746103}",-12.148685174235652,-12.148685174235652,0.0,0.0
primary,heavy,NGC5055,28,pISO,piso,2,14310.817853818582,550.4160713007147,14315.297853818582,11636.463085135172,14317.482262838932,11635.650880624999,28.690926869484766,2,2,0.9972772671542449,,"{""H"": 2.825699982503489, ""Rc"": 0.8510983421824231}",0.0,0.0,12.148685174235652,12.148685174235652
primary,heavy,NGC5055,28,NFW,nfw,2,18569.0228219431,714.19318545935,18573.5028219431,15894.668053259691,18575.687230963453,15893.855848749517,26.0212162129648,2,2,0.9953322862852833,logc,"{""V200"": 1.2707758479034394, ""c"": 1.0000000000000087}",4258.204968124519,4258.204968124521,4270.353653298755,4270.353653298756
primary,heavy,NGC6946,58,baryons,logsvt,0,2176.7980880019936,37.531001517275755,2176.7980880019936,1967.8814967211367,2176.7980880019936,1962.144612133942,,0,0,,,{},1631.1860718339465,1627.2833676310356,1631.566801126789,1627.6640969238779
primary,heavy,NGC6946,58,Q,logsvt,1,2176.7981584953045,38.189441377110604,2178.869587066733,1969.952995785876,2180.858601505851,1966.2051256377993,1.0,1,1,0.0,logQ,"{""Q"": 1.5229979747138657e-08}",1633.2575708986858,1631.3438811348929,1633.6383001915283,1631.7246104277351
primary,heavy,NGC6946,58,L,logsvt,1,800.6803598094731,14.047023856306545,802.7517883809016,593.8351971000448,804.7408028200196,590.087326951968,1.0,1,1,0.0,,"{""L"": 0.36897074184331324}",257.1397722128545,255.22608244906144,257.520501505697,255.60681174190393
primary,heavy,NGC6946,58,L_Q,logsvt,2,800.6803672746535,14.297863701333098,804.8985490928353,595.9819578119784,808.8012532957463,594.1477774276946,337225352.971887,1,2,1.0,logQ,"{""L"": 0.3689707458155172, ""Q"": 1.522997974471463e-08}",259.28653292478816,259.28653292478816,259.66726221763065,259.66726221763065
primary,heavy,NGC6946,58,k1,logsvt,2,800.6818745935411,14.297890617741805,804.900056411723,595.9834651308661,808.8027606146339,594.1492847465822,1543003.3289369144,2,2,1.0,logB,"{""B"": 22026.465794685657, ""u1"": 8.375648479290859e-06}",259.2880402436758,259.2880402436758,259.6687695365183,259.6687695365183
primary,heavy,NGC6946,58,k1_Q,logsvt,3,800.6818820588056,14.557852401069193,807.1263265032501,598.2097352223932,812.8632110904449,598.2097352223932,365673187.2240858,2,3,1.0,logB;logQ,"{""B"": 22026.46579477698, ""Q"": 1.5229979744712682e-08, ""u1"": 8.375648667830198e-06}",261.51431033520294,263.3484907194868,261.8950396280454,263.7292200123293
primary,heavy,NGC6946,58,k1_L,logsvt,3,800.6803598106802,14.55782472383055,807.1248042551247,598.2082129742678,812.8616888423195,598.2082129742678,493758481.2653399,1,3,1.0,,"{""B"": 0.0007912677733634688, ""L"": 0.36897067626636304, ""u1"": 3.944180858628427e-05}",261.5127880870775,263.3469684713614,261.89351737992,263.72769776420387
primary,heavy,NGC6946,58,k1_L_Q,logsvt,4,800.6803672771363,14.827414208835856,809.4350842582684,600.5184929774115,816.9221393193219,602.2686634512702,4.852058601246659e+19,1,3,1.0,logQ,"{""B"": 6.833642044257038e-06, ""L"": 0.3689707461317181, ""Q"": 1.5235035619698117e-08, ""u1"": 2.625395465192582e-05}",263.8230680902212,267.4074189483638,264.2037973830637,267.7881482412063
primary,heavy,NGC6946,58,k2,logsvt,2,541.0131050572375,9.660948304593527,545.2312868754193,336.3146955945624,549.1339910783303,334.4805152102786,39.17796421036751,2,2,0.9986852701225236,,"{""B"": 0.6949198381121318, ""u2"": 0.3089528031616042}",-0.3807292926278478,-0.3807292926278478,2.1464074961841106e-10,2.1464074961841106e-10
primary,heavy,NGC6946,58,k2_Q,logsvt,3,537.771103097942,9.777656419962582,544.2155475423865,335.2989562615296,549.9524321295813,335.29895626152967,23363002.005564794,3,3,0.9999998603385276,logB,"{""B"": 22026.465757927184, ""Q"": 164.46166667497474, ""u2"": 0.0018767035030894605}",-1.3964686256606456,0.4377117586232089,-1.015739332818157,0.8184410514656975
primary,heavy,NGC6946,58,k2_L,logsvt,3,202.4721468364124,3.6813117606620436,208.91659128085686,0.0,214.65347586805166,0.0,31.338050463523135,3,3,0.7952380923736367,,"{""B"": 0.7528932596586431, ""L"": -1.8731852902932724, ""u2"": 2.568300074009452}",-336.69542488719026,-334.86124450290646,-336.31469559434777,-334.48051521006397
primary,heavy,NGC6946,58,k2_L_Q,logsvt,4,202.47214713438606,3.7494842061923346,211.22686411551814,2.3102728346612764,218.71391917657175,4.060443308520092,1793484845.0875533,3,4,0.930003871084717,logQ,"{""B"": 0.752893266191813, ""L"": -1.8731852994741878, ""Q"": 1.5229981222718306e-08, ""u2"": 2.568300070540473}",-334.385152052529,-330.8008011943864,-334.0044227596865,-330.4200719015439
primary,heavy,NGC6946,58,k12,logsvt,3,541.0131152876992,9.836602096139986,547.4575597321436,338.54096845128674,553.1944443193385,338.5409684512868,167629614.4109492,2,3,0.9997782958599857,logu1,"{""B"": 0.6949190913404676, ""u1"": 1.5229979744712682e-08, ""u2"": 0.30895317139455275}",1.845543564096488,3.6797239483803423,2.2262728569389765,4.060453241222831
primary,heavy,NGC6946,58,k12_Q,logsvt,4,537.8486207582256,9.960159643670844,546.6033377393577,337.6867464585008,554.0903928004112,339.43691693235957,5150587.02061016,4,4,0.9999996473526702,logu1,"{""B"": 2138.4726241617172, ""Q"": 50.63881147953681, ""u1"": 1.5229979744712682e-08, ""u2"": 0.006023621473132921}",0.9913215713105501,4.575672429453107,1.3720508641530387,4.956401722295595
primary,heavy,NGC6946,58,k12_L,logsvt,4,201.4280821079215,3.7301496686652134,210.1827990890536,1.2662078081967252,217.6698541501072,3.016378282055541,1569.9380276413603,4,4,0.9996256854536271,,"{""B"": 1.2144988099323883, ""L"": -2.802774693093408, ""u1"": 0.35494585685380314, ""u2"": 1.868426986236848}",-335.4292170789936,-331.8448662208509,-335.0484877861511,-331.46413692800843
primary,heavy,NGC6946,58,k12_L_Q,logsvt,5,201.42808445353506,3.800529895349718,212.58193060738122,3.665339326524361,221.73029950626716,7.076823638215501,1731138692.9951885,4,5,0.9998799224615715,,"{""B"": 1.214501660222511, ""L"": -2.8027800584893505, ""Q"": 1.4311655989936488e-07, ""u1"": 0.35494713848704174, ""u2"": 1.8684240437888446}",-333.03008556066595,-327.78442086469096,-332.64935626782346,-327.40369157184847
primary,heavy,NGC6946,58,C,logsvt,1,1593.8055428035668,27.96150075093977,1595.8769713749955,1386.9603800941386,1597.8659858141132,1383.2125099460616,1.0,1,1,0.0,,"{""C"": 0.09984499368749379}",1050.2649552069483,1048.3512654431552,1050.6456844997908,1048.7319947359974
primary,heavy,NGC6946,58,C_Q,logsvt,2,1593.8055779226393,28.460813891475702,1598.023759740821,1389.1071684599642,1601.9264639437322,1387.2729880756806,43100620.72035433,2,2,1.0,logQ,"{""C"": 0.09984499652285223, ""Q"": 1.5229979878475285e-08}",1052.411743572774,1052.411743572774,1052.7924728656164,1052.7924728656167
primary,heavy,NGC6946,58,C_L,logsvt,2,800.6804335827419,14.297864885406105,804.8986154009237,595.9820241200669,808.8013196038347,594.147843735783,65159723.25398949,2,2,1.0,logC,"{""C"": 1.5229979744715713e-08, ""L"": 0.36897070298815077}",259.2865992328766,259.2865992328766,259.6673285257191,259.6673285257191
primary,heavy,NGC6946,58,C_L_Q,logsvt,3,800.6804410479224,14.557826200871316,807.1248854923668,598.20829421151,812.8617700795617,598.2082942115101,537548686.7354951,2,3,1.0,logC;logQ,"{""C"": 1.522997974589786e-08, ""L"": 0.3689707141954607, ""Q"": 1.5229979754067374e-08}",261.5128693243197,263.34704970860355,261.8935986171622,263.72777900144604
primary,heavy,NGC6946,58,C_k1,logsvt,3,800.6819483666371,14.55785360666613,807.1263928110816,598.2098015302247,812.8632773982764,598.2098015302247,53888210.63806222,3,3,1.0,logC;logB,"{""B"": 22026.465794754287, ""C"": 1.5229979744712682e-08, ""u1"": 8.375647750031204e-06}",261.51437664303444,263.3485570273183,261.8951059358769,263.7292863201608
primary,heavy,NGC6946,58,C_k1_Q,logsvt,4,800.6819558319024,14.827443626516711,809.4366728130345,600.5200815321776,816.9237278740881,602.2702520060363,458884023.4120559,3,4,1.0,logC;logB;logQ,"{""B"": 22026.465794799635, ""C"": 1.5229979744712682e-08, ""Q"": 1.5229979744712682e-08, ""u1"": 8.375647926881219e-06}",263.8246566449874,267.40900750312994,264.2053859378299,267.78973679597243
primary,heavy,NGC6946,58,C_k1_L,logsvt,4,800.680433582743,14.827415436717464,809.4351505638751,600.5185592830182,816.9222056249287,602.2687297568771,,2,2,1.0,logC,"{""B"": 7.299500764062311e-08, ""C"": 1.522997974471631e-08, ""L"": 0.36897069750487665, ""u1"": 2.0088354945328342e-05}",263.823134395828,267.40748525397055,264.2038636886705,267.78821454681304
primary,heavy,NGC6946,58,C_k1_L_Q,logsvt,5,800.6804410479372,15.107178132979946,811.8342872017834,602.9176959209265,820.9826561006693,606.3291802326175,855287415.0901304,2,5,1.0,logC;logQ,"{""B"": 0.009431775171303966, ""C"": 1.5229980669100675e-08, ""L"": 0.36897071178871443, ""Q"": 1.5229999941220196e-08, ""u1"": 1.2616973647843493e-07}",266.2222710337362,271.46793572971114,266.6030003265787,271.84866502255363
primary,heavy,NGC6946,58,C_k2,logsvt,3,541.0131726768052,9.836603139578276,547.4576171212497,338.54102584039276,553.1945017084445,338.5410258403928,30678238.385350883,3,3,0.999766954037269,logC,"{""B"": 0.6949134674126825, ""C"": 1.5229979744720583e-08, ""u2"": 0.3089559174904176}",1.8456009532025064,3.679781337486361,2.226330246044995,4.060510630328849
primary,heavy,NGC6946,58,C_k2_Q,logsvt,4,537.7711730698161,9.958725427218816,546.5258900509482,337.6092987700913,554.0129451120017,339.35946924395006,8540358682.751168,3,4,1.0,logC;logB,"{""B"": 22026.465751528573, ""C"": 1.5229979744712682e-08, ""Q"": 164.46150925914247, ""u2"": 0.0018767017138648196}",0.9138738829010435,4.4982247410436,1.2946031757435321,4.878954033886089
primary,heavy,NGC6946,58,C_k2_L,logsvt,4,202.4721568551341,3.7494843862061873,211.22687383626618,2.310282555409316,218.7139288973198,4.060453029268132,465492342.35566086,3,4,0.994299730855644,logC,"{""B"": 0.7528933015875411, ""C"": 1.522997974473162e-08, ""L"": -1.8731854292699914, ""u2"": 2.5683000381872962}",-334.38514233178097,-330.80079147363836,-334.0044130389385,-330.42006218079587
primary,heavy,NGC6946,58,C_k2_L_Q,logsvt,5,202.4721571531076,3.820229380247313,213.62600330695375,4.709412026096885,222.77437220583968,8.120896337788025,2161968153.716632,3,5,0.9941252137402703,logC;logQ,"{""B"": 0.7528933051254414, ""C"": 1.5229979751943696e-08, ""L"": -1.8731854201886868, ""Q"": 1.5229979866700514e-08, ""u2"": 2.568300014563567}",-331.9860128610934,-326.74034816511846,-331.6052835682509,-326.359618872276
primary,heavy,NGC6946,58,C_k12,logsvt,4,541.0131829074987,10.018762646435162,549.7678998886308,340.85130860777394,557.2549549496844,342.6014790816327,325064406.35541755,3,4,0.9999999245332691,logC;logu1,"{""B"": 0.6949189522077464, ""C"": 1.5229979744712682e-08, ""u1"": 1.5229979744712682e-08, ""u2"": 0.3089532169403124}",4.155883720583688,7.740234578726245,4.536613013426177,8.120963871568733
primary,heavy,NGC6946,58,C_k12_Q,logsvt,5,537.8486907111773,10.148088503984477,549.0025368650234,340.08594558416655,558.1509057639093,343.4974298958577,5145972878.473574,4,5,1.0,logC;logu1,"{""B"": 2138.4138721150166, ""C"": 1.5229979744712682e-08, ""Q"": 50.63811343668556, ""u1"": 1.5229979744712682e-08, ""u2"": 0.0060237053604217635}",3.3905206969762958,8.636185392951234,3.7712499898187843,9.016914685793722
primary,heavy,NGC6946,58,C_k12_L,logsvt,5,201.4281013298281,3.8005302137703416,212.58194748367427,3.6653562028174065,221.7303163825602,7.076840514508547,345952837.53169024,4,5,0.9999927902028333,,"{""B"": 1.2144981972417699, ""C"": 2.9637727473365183e-08, ""L"": -2.802773640840315, ""u1"": 0.3549455178968185, ""u2"": 1.8684277149434991}",-333.03006868437285,-327.7844039883979,-332.64933939153036,-327.4036746955554
primary,heavy,NGC6946,58,C_k12_L_Q,logsvt,6,201.42809253228782,3.873617164082458,215.07515135581724,6.158560074960377,225.79075059556635,11.137274727514693,4082364636.422126,4,6,1.0,,"{""B"": 1.214491231709565, ""C"": 1.5415943349778324e-08, ""L"": -2.8027608615794697, ""Q"": 2.5993772569618028e-08, ""u1"": 0.35494241388653697, ""u2"": 1.8684354947908461}",-330.5368648122299,-323.72396977539177,-330.1561355193874,-323.3432404825493
primary,heavy,NGC6946,58,cored_log,cored_log,2,541.0131050570228,9.660948304589693,545.2312868752047,336.31469559434777,549.1339910781156,334.48051521006397,46.107835330891746,2,2,0.9986852440462979,,"{""H"": 2.7796487869406596, ""Rc"": 1.799083394733882}",-0.3807292928424886,-0.3807292928424886,0.0,0.0
primary,heavy,NGC6946,58,pISO,piso,2,541.3938343498653,9.66774704196188,545.6120161680471,336.69542488719026,549.5147203709581,334.86124450290646,51.251621132547,2,2,0.9989290953949638,,"{""H"": 5.112753651653382, ""Rc"": 1.4119587456487026}",0.0,0.0,0.3807292928424886,0.3807292928424886
primary,heavy,NGC6946,58,NFW,nfw,2,813.6190304184497,14.528911257472316,817.8372122366316,608.9206209557747,821.7399164395425,607.0864405714908,84.82035963926184,2,2,0.9996662043978788,logc,"{""V200"": 1.6568611423262576, ""c"": 1.0000000000000002}",272.2251960685844,272.2251960685844,272.6059253614269,272.6059253614269
primary,heavy,NGC7331,36,baryons,logsvt,0,4536.654775057961,126.01818819605448,4536.654775057961,4097.238916029059,4536.654775057961,4093.2383592136903,,0,0,,,{},3302.7223349033684,3299.918933390092,3302.7232923801794,3299.919890866903
primary,heavy,NGC7331,36,Q,logsvt,1,4536.654957056468,129.61871305875624,4538.772604115292,4099.356745086389,4540.238475994925,4096.822060150654,1.0,1,1,0.0,logQ,"{""Q"": 1.5229979777550952e-08}",3304.840163960699,3303.5026343270556,3304.84112143751,3303.5035918038666
primary,heavy,NGC7331,36,L,logsvt,1,1597.6547209487005,45.64727774139144,1599.772368007524,1160.3565089786216,1601.2382398871566,1157.821824042886,1.0,1,1,0.0,,"{""L"": 0.43470631061908166}",365.83992785293117,364.5023982192879,365.84088532974215,364.5033556960989
primary,heavy,NGC7331,36,L_Q,logsvt,2,1597.654732829634,46.98984508322453,1602.0183691932702,1162.6025101643677,1604.8217707065462,1161.4053548622755,418635684.9268751,1,2,1.0,logQ,"{""L"": 0.43470632510322654, ""Q"": 1.522997974471436e-08}",368.0859290386775,368.0859290386775,368.08688651548846,368.08688651548846
primary,heavy,NGC7331,36,k1,logsvt,2,1597.658067285973,46.989943155469795,1602.0217036496092,1162.6058446207066,1604.8251051628852,1161.4086893186145,1282634.5788079428,2,2,1.0,logB,"{""B"": 22026.465794805543, ""u1"": 9.867874597633169e-06}",368.08926349501644,368.08926349501644,368.0902209718274,368.0902209718274
primary,heavy,NGC7331,36,k1_Q,logsvt,3,1597.6580791671158,48.4138811868823,1604.4080791671158,1164.9922201382133,1608.4086359824842,1164.9922201382133,621915074.1290972,2,3,1.0,logB;logQ,"{""B"": 22026.46579480034, ""Q"": 1.5229979744712682e-08, ""u1"": 9.867874852907739e-06}",370.47563901252306,371.67279431461543,370.47659648933404,371.6737517914264
primary,heavy,NGC7331,36,k1_L,logsvt,3,1597.6547209487012,48.41377942268792,1604.4047209487012,1164.9888619197986,1608.4052777640695,1164.9888619197986,3386104564.1875362,1,3,1.0,,"{""B"": 1.1466013106767221e-05, ""L"": 0.43470631262701853, ""u1"": 2.1920582300045524e-06}",370.4722807941084,371.6694360962008,370.4732382709194,371.6703935730118
primary,heavy,NGC7331,36,k1_L_Q,logsvt,4,1597.6547328296342,49.92671040092607,1606.9450554102793,1167.529196381377,1611.9888085834586,1168.5723927391878,,1,2,1.0,logQ,"{""B"": 7.987811158689912e-07, ""L"": 0.4347063254754858, ""Q"": 1.5229979747293783e-08, ""u1"": 6.645093819226753e-07}",373.01261525568657,375.2529669155899,373.01357273249755,375.2539243924009
primary,heavy,NGC7331,36,k2,logsvt,2,1229.5669488284054,36.16373378907075,1233.9305851920417,794.5147261631392,1236.7339867053176,793.3175708610469,1363653.0376906178,2,2,0.9999999999999999,logB,"{""B"": 22026.465794798107, ""u2"": 7.271239674492774e-06}",-0.0018549625510786427,-0.0018549625510786427,-0.0008974857400971814,-0.0008974857400971814
primary,heavy,NGC7331,36,k2_Q,logsvt,3,1229.5669488708293,37.25960451123725,1236.3169488708293,796.9010898419268,1240.3175056861976,796.9010898419268,586829932.1862698,2,3,1.0,logB,"{""B"": 22023.924508210846, ""Q"": 8.46568202908989e-06, ""u2"": 7.272174788477761e-06}",2.384508716236496,3.5816640183288655,2.3854661930474776,3.582621495139847
primary,heavy,NGC7331,36,k2_L,logsvt,3,432.66585902890245,13.111086637239469,439.41585902890245,0.0,443.4164158442708,0.0,103.68549035951655,3,3,0.9522220048765359,,"{""B"": 1.8664663656135534, ""L"": -4.524741691298114, ""u2"": 1.8788758590577181}",-794.5165811256903,-793.319425823598,-794.5156236488793,-793.318468346787
primary,heavy,NGC7331,36,k2_L_Q,logsvt,4,432.6658601316942,13.520808129115444,441.9561827123394,2.5403236834369523,446.99993588551865,3.58352004124788,6956714731.962008,3,4,0.9967159826257451,logQ,"{""B"": 1.8664663559135477, ""L"": -4.52474163770119, ""Q"": 1.522998035405429e-08, ""u2"": 1.878875845842085}",-791.9762574422534,-789.7359057823501,-791.9752999654424,-789.7349483055391
primary,heavy,NGC7331,36,k12,logsvt,3,1229.5877385977358,37.26023450296169,1236.3377385977358,796.9218795688333,1240.338295413104,796.9218795688333,317123.8870129227,3,3,0.9999999948391223,logu1,"{""B"": 625.7116612052611, ""u1"": 1.522997978409393e-08, ""u2"": 0.0002559915058760007}",2.4052984431430104,3.6024537452353798,2.406255919953992,3.603411222046361
primary,heavy,NGC7331,36,k12_Q,logsvt,4,1229.5877386011232,38.4246168312851,1238.8780611817683,799.4622021528659,1243.9218143549476,800.5053985106769,740704790.5432209,3,4,0.999999994837589,logu1,"{""B"": 625.786742946513, ""Q"": 1.0586502019800362e-07, ""u1"": 1.5229979744712682e-08, ""u2"": 0.0002559608286167241}",4.945621027175548,7.185972687078902,4.9465785039865295,7.186930163889883
primary,heavy,NGC7331,36,k12_L,logsvt,4,432.5834735443153,13.518233548259854,441.8737961249605,2.4579370960580604,446.91754929813976,3.501133453868988,10616.00493294021,4,4,0.9997637925219434,,"{""B"": 1.977740728322177, ""L"": -4.728572383391647, ""u1"": 0.04665101447585127, ""u2"": 1.8090774911131047}",-792.0586440296322,-789.818292369729,-792.0576865528212,-789.817334892918
primary,heavy,NGC7331,36,k12_L_Q,logsvt,5,432.5834750911986,13.95430564810318,444.5834750911986,5.167616062296133,450.5010697834791,7.084653939208351,7282778968.52914,4,5,0.9999970365815185,,"{""B"": 1.9777332503585205, ""L"": -4.728557624245494, ""Q"": 2.2000080051164728e-08, ""u1"": 0.04664816856347308, ""u2"": 1.8090811833189764}",-789.3489650633942,-786.2347718843896,-789.3480075865832,-786.2338144075786
primary,heavy,NGC7331,36,C,logsvt,1,2803.245281605986,80.09272233159959,2805.3629286648093,2365.9470696359067,2806.828800544442,2363.412384700171,1.0,1,1,0.0,,"{""C"": 0.20972305541451325}",1571.4304885102165,1570.0929588765732,1571.4314459870275,1570.0939163533842
primary,heavy,NGC7331,36,C_Q,logsvt,2,2803.245339689759,82.44839234381644,2807.6089760533955,2368.193117024493,2810.4123775666712,2366.9959617224004,57761117.74674096,2,2,1.0,logQ,"{""C"": 0.20972305857560916, ""Q"": 1.5229979744712682e-08}",1573.6765358988027,1573.6765358988025,1573.6774933756137,1573.6774933756135
primary,heavy,NGC7331,36,C_L,logsvt,2,1597.6547828047694,46.989846553081456,1602.0184191684057,1162.602560139503,1604.8218206816816,1161.405404837411,123831026.2060444,1,2,1.0,logC,"{""C"": 1.522997975438071e-08, ""L"": 0.43470629033294206}",368.0859790138129,368.0859790138129,368.0869364906239,368.0869364906239
primary,heavy,NGC7331,36,C_L_Q,logsvt,3,1597.6547946857038,48.413781657142536,1604.4047946857038,1164.9889356568015,1608.4053515010721,1164.9889356568015,790352304.1037388,1,3,1.0,logC;logQ,"{""C"": 1.5229979775252508e-08, ""L"": 0.4347063016345709, ""Q"": 1.5229979809153073e-08}",370.472354531111,371.6695098332034,370.473312007922,371.6704673100144
primary,heavy,NGC7331,36,C_k1,logsvt,3,1597.6581291418036,48.41388270126677,1604.4081291418036,1164.9922701129012,1608.4086859571719,1164.9922701129012,140787315.78533882,2,3,1.0,logC;logB,"{""B"": 22026.465794791417, ""C"": 1.5229979744712682e-08, ""u1"": 9.86787408944922e-06}",370.4756889872108,371.67284428930316,370.47664646402177,371.67380176611414
primary,heavy,NGC7331,36,C_k1_Q,logsvt,4,1597.6581410229476,49.92681690696711,1606.9484636035927,1167.5326045746901,1611.992216776772,1168.5758009325014,931545461.9816658,2,4,1.0,logC;logB;logQ,"{""B"": 22026.465794804448, ""C"": 1.5229979744712682e-08, ""Q"": 1.5229979744712682e-08, ""u1"": 9.867874344025076e-06}",373.01602344899993,375.2563751089033,373.0169809258109,375.25733258571427
primary,heavy,NGC7331,36,C_k1_L,logsvt,4,1597.6547828047712,49.9267119626491,1606.9451053854164,1167.5292463565138,1611.9888585585957,1168.572442714325,,1,2,1.0,logC,"{""B"": 6.240299888109951e-06, ""C"": 1.522997974566076e-08, ""L"": 0.434706280221395, ""u1"": 4.0168892134100505e-06}",373.0126652308236,375.25301689072694,373.01362270763457,375.2539743675379
primary,heavy,NGC7331,36,C_k1_L_Q,logsvt,5,1597.6547946857042,51.53725144147433,1609.6547946857042,1170.238935656802,1615.5723893779848,1172.1559735337141,1.1600031247355965e+26,1,3,1.0,logC;logQ,"{""B"": 3.637954979928098e-06, ""C"": 1.5229979744712682e-08, ""L"": 0.4347063020700291, ""Q"": 1.522997974474531e-08, ""u1"": 2.6497958821380415e-06}",375.7223545311115,378.83654771011606,375.72331200792246,378.83750518692705
primary,heavy,NGC7331,36,C_k2,logsvt,3,1229.5670073338945,37.25960628284529,1236.3170073338945,796.901148304992,1240.3175641492628,796.901148304992,77514652.77907121,3,3,1.0,logC;logB,"{""B"": 22026.465794577434, ""C"": 1.5229979744712682e-08, ""u2"": 7.271239344918608e-06}",2.384567179301712,3.581722481394081,2.3855246561126933,3.5826799582050626
primary,heavy,NGC7331,36,C_k2_Q,logsvt,4,1229.5670073339234,38.423968979185105,1238.8573299145685,799.441470885666,1243.9010830877478,800.484667243477,706889295.283394,3,4,1.0,logC;logB,"{""B"": 22026.465757965176, ""C"": 1.5229979744712682e-08, ""Q"": 3.072571856035109e-08, ""u2"": 7.2712396503561185e-06}",4.924889759975713,7.165241419879067,4.925847236786694,7.166198896690048
primary,heavy,NGC7331,36,C_k2_L,logsvt,4,432.66586912751814,13.520808410234942,441.9561917081633,2.540332679260871,446.99994488134257,3.5835290370717985,1683529444.5747132,3,4,0.9997634465868824,logC,"{""B"": 1.8664664242674223, ""C"": 1.5229980605090762e-08, ""L"": -4.524741848014199, ""u2"": 1.878875841790407}",-791.9762484464295,-789.7358967865262,-791.9752909696185,-789.7349393097152
primary,heavy,NGC7331,36,C_k2_L_Q,logsvt,5,432.6658702303099,13.956963555816449,444.6658702303099,5.25001120140746,450.58346492259045,7.167049078319678,7078537658.645998,3,5,0.9998499491527876,logC;logQ,"{""B"": 1.8664664053546478, ""C"": 1.5229979744721665e-08, ""L"": -4.524741768434208, ""Q"": 1.522997974501801e-08, ""u2"": 1.8788758290002296}",-789.2665699242829,-786.1523767452783,-789.2656124474719,-786.1514192684673
primary,heavy,NGC7331,36,C_k12,logsvt,4,1229.5877971083808,38.4246186596369,1238.8781196890259,799.4622606601234,1243.9218728622052,800.5054570179344,224460427.9240515,3,4,0.9999999948378571,logC;logu1,"{""B"": 625.7774441872477, ""C"": 1.5229979800140563e-08, ""u1"": 1.5229979746127115e-08, ""u2"": 0.0002559645787301014}",4.945679534433111,7.186031194336465,4.946637011244093,7.186988671147446
primary,heavy,NGC7331,36,C_k12_Q,logsvt,5,1229.5877971137045,39.664122487538855,1241.5877971137045,802.171938084802,1247.505391805985,804.0889759617143,631486604.3490319,3,5,0.9999999948375844,logC;logu1,"{""B"": 625.6845377321123, ""C"": 1.5229979744712682e-08, ""Q"": 1.561560872197325e-07, ""u1"": 1.5229979744712682e-08, ""u2"": 0.00025600265584593357}",7.655356959111714,10.769550138116301,7.656314435922695,10.770507614927283
primary,heavy,NGC7331,36,C_k12_L,logsvt,5,432.58348697580794,13.954306031477676,444.58348697580794,5.1676279469054975,450.5010816680885,7.084665823817716,2025358992.9951906,4,5,1.0,,"{""B"": 1.9777404310076099, ""C"": 2.0353941843201807e-08, ""L"": -4.728571370531269, ""u1"": 0.04665093292466641, ""u2"": 1.809077320315172}",-789.3489531787848,-786.2347599997802,-789.3479957019738,-786.2338025229692
primary,heavy,NGC7331,36,C_k12_L_Q,logsvt,6,432.58349941358637,14.419449980452878,447.4800511377243,8.064192108821828,454.084613044323,10.668197200052248,7678986863.297133,4,6,1.0,,"{""B"": 1.977759575660242, ""C"": 1.6449754617347608e-08, ""L"": -4.728605844695144, ""Q"": 2.1353547851969505e-07, ""u1"": 0.046658452772065886, ""u2"": 1.809065719361686}",-786.4523890168684,-782.6512286235456,-786.4514315400575,-782.6502711467347
primary,heavy,NGC7331,36,cored_log,cored_log,2,1229.5678463141455,36.16376018571016,1233.9314826777818,794.5156236488793,1236.7348841910577,793.318468346787,425916.0492369814,2,2,0.9999999999827738,logH,"{""H"": 22026.465793645704, ""Rc"": 185.42272829876958}",-0.0009574768109814613,-0.0009574768109814613,0.0,0.0
primary,heavy,NGC7331,36,pISO,piso,2,1229.5688037909565,36.16378834679284,1233.9324401545928,794.5165811256903,1236.7358416678687,793.319425823598,61422.1739862185,2,2,0.9999999991717067,logH,"{""H"": 22026.37606957397, ""Rc"": 107.05285726141062}",0.0,0.0,0.0009574768109814613,0.0009574768109814613
primary,heavy,NGC7331,36,NFW,nfw,2,1628.4788427793892,47.896436552334976,1632.8424791430255,1193.4266201141231,1635.6458806563014,1192.2294648120305,67.34705212448131,2,2,0.9994387558130994,logc,"{""V200"": 1.6142208729283594, ""c"": 1.0000000000000009}",398.9100389884327,398.9100389884327,398.91099646524367,398.91099646524367
primary,heavy,NGC7793,46,baryons,logsvt,0,306.50815353598625,6.6632207290431795,306.50815353598625,275.86769245523755,306.50815353598625,270.95319683719885,,0,0,,,{},266.98636069373106,263.60814766819476,268.50500991594413,265.12679689040783
primary,heavy,NGC7793,46,Q,logsvt,1,306.50815914523764,6.811292425449725,308.5990682361467,277.958607155398,310.33680054172675,274.78184384293934,1.0,1,1,0.0,logQ,"{""Q"": 1.5229979745218536e-08}",269.0772753938915,267.43679467393525,270.5959246161046,268.95544389614827
primary,heavy,NGC7793,46,L,logsvt,1,43.376595444727705,0.9639243432161713,45.4675045356368,14.827043454888088,47.2052368412168,11.65028014242938,1.0,1,1,0.0,,"{""L"": 1.147072373306263}",5.945711693381618,4.305230973425296,7.464360915594682,5.823880195638353
primary,heavy,NGC7793,46,L_Q,logsvt,2,38.15481834895639,0.8671549624762815,42.43388811639825,11.79342703564954,45.812101141934576,10.257144443147155,6.371306777034066,2,2,0.9140125323837391,,"{""L"": 1.5525984555462247, ""Q"": 0.6136315242089492}",2.91209527414307,2.91209527414307,4.430744496356134,4.430744496356127
primary,heavy,NGC7793,46,k1,logsvt,2,39.65195525884832,0.9011808013374618,43.93102502629018,13.290563945541468,47.30923805182651,11.75428135303909,17.271156768976773,2,2,0.9929603222675676,,"{""B"": 1.5783325571460036, ""u1"": 0.4711961773193858}",4.409232184034998,4.409232184035005,5.927881406248062,5.927881406248062
primary,heavy,NGC7793,46,k1_Q,logsvt,3,38.154818379692266,0.887321357667262,44.726246951120835,14.085785870372124,49.64074256915955,14.085785870372128,430407792.3465908,2,3,0.9999999228249566,,"{""B"": 13794.83333629464, ""Q"": 0.6135442330926663, ""u1"": 5.6274638119777386e-05}",5.204454108865654,6.740736701368043,6.723103331078718,8.2593859235811
primary,heavy,NGC7793,46,k1_L,logsvt,3,38.17800054185961,0.8878604777176654,44.74942911328818,14.108968032539469,49.663924731326894,14.108968032539472,56489153.72531978,3,3,0.9999998133151909,L,"{""B"": 8380.793998378731, ""L"": -99.99999999979755, ""u1"": 0.006058595518005515}",5.227636271032999,6.7639188635353875,6.746285493246063,8.282568085748444
primary,heavy,NGC7793,46,k1_L_Q,logsvt,4,38.15481835307856,0.90844805602568,47.13042810917612,16.48996702842741,53.46938393903494,17.91442724024752,250502827.56411555,2,4,0.9999826148423496,,"{""B"": 0.004273345057631133, ""L"": 1.5525620006487117, ""Q"": 0.6136313928249063, ""u1"": 0.00426737908282246}",7.608635266920942,10.569378071243435,9.127284489134006,12.088027293456491
primary,heavy,NGC7793,46,k2,logsvt,2,33.724073852600185,0.7664562239227315,38.003143620042046,7.362682539293335,41.38135664557838,5.826399946790957,4.950620348841538,2,2,0.8394903675846851,,"{""B"": 0.2768235530960564, ""u2"": 7.029346500791896}",-1.518649222213135,-1.5186492222131278,-7.105427357601002e-14,-7.105427357601002e-14
primary,heavy,NGC7793,46,k2_Q,logsvt,3,24.069032509320138,0.5597449420772125,30.64046108074871,0.0,35.55495669878742,0.0,165.65316874175397,3,3,0.9979536343557498,,"{""B"": 2.8177510578152156, ""Q"": 4.697312282557865, ""u2"": 0.8928437713784485}",-8.88133176150647,-7.345049169004085,-7.362682539293406,-5.826399946791028
primary,heavy,NGC7793,46,k2_L,logsvt,3,33.57690469721377,0.7808582487724133,40.14833326864234,9.507872187893629,45.062828886681054,9.507872187893632,12.9125160512639,3,3,0.9570163825485881,,"{""B"": 0.31981069403274265, ""L"": -0.16863752154676126, ""u2"": 6.808309081492816}",0.6265404263871588,2.162823018889547,2.1451896486002227,3.681472241102604
primary,heavy,NGC7793,46,k2_L_Q,logsvt,4,22.50227331135747,0.5357684121751779,31.477883067455032,0.8374219867063211,37.81683889731385,2.261882198526429,1078.613131716865,4,4,0.9993739763012804,,"{""B"": 10.166235758343232, ""L"": 0.4873165206568939, ""Q"": 9.911472324120389, ""u2"": 0.3276383337283685}",-8.043909774800149,-5.083166970477656,-6.525260552587085,-3.564517748264599
primary,heavy,NGC7793,46,k12,logsvt,3,33.345897683544095,0.7754859926405604,39.917326254972664,9.276865174223953,44.83182187301138,9.276865174223957,27.317495424127696,3,3,0.9423209459018571,,"{""B"": 0.29336824902608843, ""u1"": 0.48844682610991147, ""u2"": 5.931601964591477}",0.39553341271748366,1.931816005219872,1.9141826349305475,3.450465227432929
primary,heavy,NGC7793,46,k12_Q,logsvt,4,22.568413529953304,0.5373431792846025,31.544023286050866,0.9035622053021548,37.882979115909684,2.3280224171222628,1889.1498444490185,4,4,0.9992407469884218,,"{""B"": 16.069581471939667, ""Q"": 12.295958260616448, ""u1"": 0.015040700254831363, ""u2"": 0.24551217762119942}",-7.977769556204315,-5.017026751881822,-6.459120333991251,-3.4983775296687654
primary,heavy,NGC7793,46,k12_L,logsvt,4,23.926893909080526,0.569687950216203,32.90250366517809,2.262042584429377,39.241459495036906,3.686502796249485,1036628.2537838598,4,4,0.9998998525716144,L,"{""B"": 167.1925720604512, ""L"": -99.99999999999994, ""u1"": 0.2998542192355942, ""u2"": 0.05384713581252909}",-6.619289177077093,-3.6585463727546,-5.100639954864029,-2.139897150541543
primary,heavy,NGC7793,46,k12_L_Q,logsvt,5,22.502273364668568,0.5488359357236237,34.00227336466857,3.361812283919857,41.645480347114045,6.090523648326624,5138329500.62907,4,5,0.9993739855029344,logu1,"{""B"": 10.166389170421352, ""L"": 0.4873171426017326, ""Q"": 9.911554525376788, ""u1"": 1.522997974476441e-08, ""u2"": 0.32763528901967404}",-5.519519477586613,-1.2545255206774613,-4.000870255373549,0.2641237015355955
primary,heavy,NGC7793,46,C,logsvt,1,204.766408540496,4.550364634233245,206.8573176314051,176.2168565506564,208.5950499369851,173.0400932381977,1.0,1,1,0.0,,"{""C"": 0.2006394611827248}",167.33552478914993,165.6950440691936,168.85417401136297,167.21369329140666
primary,heavy,NGC7793,46,C_Q,logsvt,2,204.7664120565248,4.653782092193746,209.04548182396667,178.40502074321796,212.423694849503,176.86873815071556,56107976.201555364,2,2,1.0,logQ,"{""C"": 0.2006394555716023, ""Q"": 1.5229979744712682e-08}",169.52368898171147,169.52368898171147,171.04233820392454,171.04233820392454
primary,heavy,NGC7793,46,C_L,logsvt,2,43.376596544932916,0.9858317396575663,47.65566631237478,17.015205231626066,51.0338793379111,15.478922639123681,18191029.398130134,2,2,1.0,logC,"{""C"": 1.522997974486451e-08, ""L"": 1.1470723410504413}",8.133873470119596,8.133873470119596,9.65252269233266,9.652522692332653
primary,heavy,NGC7793,46,C_L_Q,logsvt,3,38.15482125471297,0.8873214245282086,44.72624982614154,14.08578874539283,49.640745444180254,14.085788745392833,25983243.68794396,3,3,0.9957336875423825,logC,"{""C"": 1.5229979744728805e-08, ""L"": 1.552598365329529, ""Q"": 0.6136314422722615}",5.2044569838863595,6.740739576388748,6.723106206099423,8.259388798601805
primary,heavy,NGC7793,46,C_k1,logsvt,3,39.65195777287073,0.9221385528574588,46.2233863442993,15.582925263550589,51.137881962338014,15.582925263550592,37734188.54899222,3,3,0.9991501824761088,logC,"{""B"": 1.5783311736034538, ""C"": 1.5229979744715766e-08, ""u1"": 0.4711966856337828}",6.701593502044119,8.237876094546507,8.220242724257183,9.756525316759564
primary,heavy,NGC7793,46,C_k1_Q,logsvt,4,38.15482128043832,0.9084481257247219,47.13043103653588,16.48996995578717,53.4693868663947,17.91443016760728,431052461.75661767,3,4,0.9999999354408096,logC,"{""B"": 15078.570348411005, ""C"": 1.5229979744712682e-08, ""Q"": 0.6135515209309269, ""u1"": 5.1483606713319065e-05}",7.608638194280701,10.569380998603194,9.127287416493765,12.08803022081625
primary,heavy,NGC7793,46,C_k1_L,logsvt,4,38.17800344191471,0.9090000819503503,47.15361319801227,16.513152117263562,53.49256902787109,17.93761232908367,4128035914.726483,3,4,1.0,logC;L,"{""B"": 8380.797722649877, ""C"": 1.5229979744712682e-08, ""L"": -99.99999995767445, ""u1"": 0.00605859280984625}",7.6318203557570925,10.592563160079585,9.150469577970156,12.111212382292642
primary,heavy,NGC7793,46,C_k1_L_Q,logsvt,5,38.154821254713006,0.9306053964564148,49.654821254713006,19.014360173964295,57.29802823715848,21.743071538371062,389534047.3434957,3,5,0.9999547352575326,logC,"{""B"": 0.0005842999130749287, ""C"": 1.5229979760027666e-08, ""L"": 1.5525981937214859, ""Q"": 0.6136314529190041, ""u1"": 0.00015247572370544286}",10.133028412457826,14.398022369366977,11.65167763467089,15.916671591580034
primary,heavy,NGC7793,46,C_k2,logsvt,3,33.68302023377274,0.7833260519482032,40.25444880520131,9.613987724452596,45.16894442324002,9.613987724452599,72.99762216958331,3,3,0.7864525807845079,,"{""B"": 0.27690000448659097, ""C"": 0.004680841548684218, ""u2"": 6.848338335319315}",0.7326559629461258,2.268938555448514,2.2513051851591896,3.787587777661571
primary,heavy,NGC7793,46,C_k2_Q,logsvt,4,23.619964025418422,0.5623800958432957,32.59557378151598,1.9551127007672697,38.9345296113748,3.3795729125873777,234.14507869030413,4,4,0.9983316212601352,,"{""B"": 3.5647950434158506, ""C"": 0.014527346804319089, ""Q"": 5.4591910252677, ""u2"": 0.7387974112237192}",-6.9262190607392,-3.965476256416707,-5.407569838526136,-2.4468270342036504
primary,heavy,NGC7793,46,C_k2_L,logsvt,4,32.98555363076588,0.7853703245420447,41.96116338686344,11.320702306114729,48.30011921672226,12.745162517934837,38.583953447649755,4,4,0.98228122366539,,"{""B"": 0.435428208515291, ""C"": 0.02875360703331704, ""L"": -0.6029958748102663, ""u2"": 5.674436893556478}",2.439370544608259,5.400113348930752,3.958019766821323,6.918762571143809
primary,heavy,NGC7793,46,C_k2_L_Q,logsvt,5,22.50227385464096,0.5488359476741698,34.00227385464096,3.3618127738922503,41.64548083708644,6.090524138299017,408470480.30129695,4,5,0.9999026001883421,logC,"{""B"": 10.166225326335972, ""C"": 1.522997974886383e-08, ""L"": 0.487316314512285, ""Q"": 9.911466708206218, ""u2"": 0.32763854530228903}",-5.519518987614219,-1.254525030705068,-4.000869765401156,0.2641241915079888
primary,heavy,NGC7793,46,C_k12,logsvt,4,33.34589816102117,0.7939499562147897,42.32150791711873,11.681046836370019,48.66046374697755,13.105507048190127,42977074.29563781,4,4,0.9993484011903684,logC,"{""B"": 0.2933677949091846, ""C"": 1.522997974489059e-08, ""u1"": 0.4884418031890278, ""u2"": 5.931628684398008}",2.799715074863549,5.760457879186042,4.318364297076613,7.279107101399099
primary,heavy,NGC7793,46,C_k12_Q,logsvt,5,22.56841406191599,0.5504491234613657,34.06841406191599,3.4279529811672766,41.711621044361465,6.156664345574043,523782139.40189785,4,5,0.9997320421649106,logC,"{""B"": 16.06959982657063, ""C"": 1.5229979744712682e-08, ""Q"": 12.295967436889885, ""u1"": 0.015040673019867562, ""u2"": 0.2455120488835518}",-5.453378780339193,-1.1883848234300416,-3.9347295581261292,0.33026439878301517
primary,heavy,NGC7793,46,C_k12_L,logsvt,5,23.92689427133784,0.583582787105801,35.426894271337844,4.786433190589133,43.07010125378332,7.515144554995899,3869391417.1193223,4,5,0.9999986350828267,logC;L,"{""B"": 167.19256760522785, ""C"": 1.5229979744712682e-08, ""L"": -99.99999999999629, ""u1"": 0.2998542266167029, ""u2"": 0.05384713912616881}",-4.094898570917337,0.1700953859918144,-2.5762493487042732,1.6887446082048712
primary,heavy,NGC7793,46,C_k12_L_Q,logsvt,6,22.502273907941298,0.5625568476985324,36.656120061787455,6.015658981038744,45.47412228687587,9.919165588088447,2952721487.653041,4,6,0.9999001491261783,logC;logu1,"{""B"": 10.166200296183899, ""C"": 1.5229979747114527e-08, ""L"": 0.4873159112954695, ""Q"": 9.911452764082092, ""u1"": 1.5229991272186456e-08, ""u2"": 0.3276390266889427}",-2.865672780467726,2.574116419084362,-1.3470235582546621,4.092765641297419
primary,heavy,NGC7793,46,cored_log,cored_log,2,33.724073852600256,0.766456223922733,38.00314362004212,7.362682539293406,41.38135664557845,5.826399946791028,3.4462391377068933,2,2,0.8394903598805339,,"{""H"": 1.1072942204277034, ""Rc"": 0.3771746809298842}",-1.5186492222130639,-1.5186492222130568,0.0,0.0
primary,heavy,NGC7793,46,pISO,piso,2,35.24272307481332,0.80097097897303,39.52179284225518,8.88133176150647,42.900005867791506,7.345049169004085,4.24412792399334,2,2,0.8906739872389849,,"{""H"": 1.4254553659689222, ""Rc"": 0.22912237114524206}",0.0,0.0,1.5186492222130639,1.5186492222130568
primary,heavy,NGC7793,46,NFW,nfw,2,39.46525858645266,0.8969376951466514,43.744328353894524,13.103867273145813,47.12254137943086,11.567584680643435,10.981252564216925,2,2,0.9833372105043954,,"{""V200"": 1.2605991395406375, ""c"": 5.784230869674868}",4.222535511639343,4.22253551163935,5.741184733852407,5.741184733852407
expanded,primary,DDO154,12,baryons,logsvt,0,70395.93204834746,5866.327670695621,70395.93204834746,70381.28348598561,70395.93204834746,70382.82876603625,,0,0,,,{},70365.81666154602,70366.18018157977,70377.90138639939,70378.26490643313
expanded,primary,DDO154,12,Q,logsvt,1,70395.9320523677,6399.630186578882,70398.3320523677,70383.68349000585,70398.41695901749,70385.31367670628,1.0,1,1,0.0,logQ,"{""Q"": 3.7751345455257274e-11}",70368.21666556626,70368.6650922498,70380.30139041963,70380.74981710316
expanded,primary,DDO154,12,L,logsvt,1,218.79941246440944,19.890855678582678,221.19941246440945,206.55085010256334,221.28431911419744,208.18103680298734,1.0,1,1,0.0,,"{""L"": 1.4433592205717014}",191.08402566296618,191.53245234651152,203.16875051633355,203.61717719987885
expanded,primary,DDO154,12,L_Q,logsvt,2,102.11527717651266,10.211527717651267,107.44861050984599,92.80004814799987,107.08509047608867,93.98180816487856,13.630950290897527,2,2,0.9781768555762919,,"{""L"": 1.841403687192972, ""Q"": 0.6383470078284915}",77.33322370840274,77.33322370840274,89.41794856177007,89.41794856177009
expanded,primary,DDO154,12,k1,logsvt,2,120.50423797121785,12.050423797121784,125.83757130455118,111.18900894270506,125.47405127079385,112.37076895958374,41.352669578287426,2,2,0.9987537945088395,,"{""B"": 1.9513673731326928, ""u1"": 0.47919238466831776}",95.72218450310793,95.72218450310793,107.80690935647526,107.80690935647527
expanded,primary,DDO154,12,k1_Q,logsvt,3,102.11527744250981,11.346141938056645,111.11527744250981,96.46671508066369,109.56999739187381,96.4667150806637,965916033.0754983,2,3,0.9999999701117653,,"{""B"": 20241.48784093588, ""Q"": 0.6382632984023864, ""u1"": 4.5485878582946395e-05}",80.99989064106656,79.81813062418789,93.08461549443389,91.90285547755522
expanded,primary,DDO154,12,k1_L,logsvt,3,102.25648015807683,11.361831128675203,111.25648015807683,96.60791779623071,109.71120010744083,96.60791779623072,639007669.2453221,2,3,0.9999999907908171,L,"{""B"": 31825.689959198127, ""L"": -199.99999925628862, ""u1"": 0.0031710488996623556}",81.14109335663358,79.9593333397549,93.22581821000091,92.04405819312225
expanded,primary,DDO154,12,k1_L_Q,logsvt,4,102.11527724119912,12.76440965514989,115.82956295548483,101.18100059363871,112.05490384035113,98.95162152914102,686880516.3369764,2,4,0.9999950423736504,,"{""B"": 0.006601288174444499, ""L"": 1.8413491114406093, ""Q"": 0.6383467995083325, ""u1"": 0.004134567872492131}",85.71417615404158,82.3030370726652,97.79890100740892,94.38776192603254
expanded,primary,DDO154,12,k2,logsvt,2,12.697328614742556,1.2697328614742556,18.03066194807589,3.382099586229776,17.667141914318556,4.563859603108442,11.282852193294673,2,2,0.9611354043322129,,"{""B"": 0.33730813664734516, ""u2"": 5.381667969690989}",-12.084724853367366,-12.084724853367366,-2.842170943040401e-14,-2.842170943040401e-14
expanded,primary,DDO154,12,k2_Q,logsvt,3,5.648562361846112,0.6276180402051236,14.648562361846112,0.0,13.103282311210114,0.0,102.22366640297454,3,3,0.9819832193740232,,"{""B"": 0.4353540182772324, ""Q"": 0.33288601995534717, ""u2"": 3.90803636698839}",-15.466824439597142,-16.64858445647581,-3.3820995862298044,-4.563859603108471
expanded,primary,DDO154,12,k2_L,logsvt,3,9.142126954460908,1.0157918838289897,18.142126954460906,3.493564592614794,16.59684690382491,3.4935645926147973,43.94781534473843,3,3,0.9826337976877844,,"{""B"": 0.405171600816233, ""L"": -0.25297368341672144, ""u2"": 5.054133563276436}",-11.973259846982348,-13.15501986386101,0.11146500638498935,-1.0702950104936733
expanded,primary,DDO154,12,k2_L_Q,logsvt,4,4.690745767128578,0.5863432208910723,18.405031481414294,3.756469119568182,14.630372366280579,1.527090055070465,155.0431594937312,4,4,0.9805100167934653,,"{""B"": 0.44153999260177446, ""L"": 0.2662170302083759, ""Q"": 0.5751385345548756, ""u2"": 3.2046032458730713}",-11.71035532002896,-15.121494401405343,0.37436953333837764,-3.0367695480380057
expanded,primary,DDO154,12,k12,logsvt,3,12.697328615119762,1.4108142905688625,21.697328615119762,7.04876625327365,20.152048564483763,7.04876625327365,,2,2,0.9611354088301497,logu1,"{""B"": 0.33730813495342593, ""u1"": 3.775151830633649e-11, ""u2"": 5.381668046492374}",-8.418058186323492,-9.599818203202158,3.6666666670438453,2.484906650165179
expanded,primary,DDO154,12,k12_Q,logsvt,4,4.580003587577548,0.5725004484471935,18.294289301863262,3.64572694001715,14.51963018672955,1.4163478755194365,232.4416990604882,4,4,0.9925441257245128,,"{""B"": 0.5364839866123222, ""Q"": 0.5288990926192695, ""u1"": 0.2178285759249186, ""u2"": 2.8686006886634403}",-11.821097499579992,-15.232236580956371,0.2636273537873457,-3.147511727589034
expanded,primary,DDO154,12,k12_L,logsvt,4,4.3428387752359825,0.5428548469044978,18.057124489521698,3.4085621276755855,14.282465374387984,1.1791830631778701,993.8136587761063,4,4,0.9983009139019351,,"{""B"": 1.3921810111356243, ""L"": -2.3118270749031025, ""u1"": 0.8631157804242368, ""u2"": 1.715862208888533}",-12.058262311921556,-15.469401393297938,0.026462541445781085,-3.3846765399306005
expanded,primary,DDO154,12,k12_L_Q,logsvt,5,4.342838775453753,0.6204055393505362,24.342838775453753,9.694276413607641,16.767372024393755,3.6640897131836407,5800335496.550225,4,5,0.9996923726887784,,"{""B"": 1.392180840307874, ""L"": -2.3118267624509956, ""Q"": 2.4555792285838217e-09, ""u1"": 0.8631157668753948, ""u2"": 1.7158623809952673}",-5.772548025989501,-12.984494743292167,6.3121768273778365,-0.8997698899248299
expanded,primary,DDO154,12,C,logsvt,1,2152.3772398423107,195.6706581674828,2154.777239842311,2140.128677480465,2154.862146492099,2141.758864180889,1.0,1,1,0.0,,"{""C"": 0.8287538982799508}",2124.6618530408678,2125.110279724413,2136.746577894235,2137.1950045777803
expanded,primary,DDO154,12,C_Q,logsvt,2,2152.377239946578,215.23772399465778,2157.7105732799114,2143.0620109180654,2157.347053246154,2144.2437709349438,,1,1,0.0,logQ,"{""C"": 0.8287538987298988, ""Q"": 3.7751346287305185e-11}",2127.5951864784683,2127.595186478468,2139.6799113318357,2139.6799113318352
expanded,primary,DDO154,12,C_L,logsvt,2,204.72787267169522,20.472787267169522,210.06120600502857,195.41264364318246,209.69768597127123,196.59440366006112,33.51456874047636,2,2,0.9569246845478752,,"{""C"": 0.058620327737160326, ""L"": 1.3436100594396065}",179.9458192035853,179.9458192035853,192.03054405695264,192.03054405695264
expanded,primary,DDO154,12,C_L_Q,logsvt,3,102.11527720258528,11.346141911398364,111.11527720258528,96.46671484073916,109.56999715194928,96.46671484073917,,2,2,0.9781768579158325,logC,"{""C"": 3.7751383646112026e-11, ""L"": 1.8414036899695743, ""Q"": 0.6383470108101521}",80.99989040114203,79.81813038426336,93.08461525450936,91.90285523763069
expanded,primary,DDO154,12,C_k1,logsvt,3,120.5042379923224,13.389359776924712,129.5042379923224,114.85567563047628,127.9589579416864,114.8556756304763,,2,2,0.9987537941052216,logC,"{""B"": 1.9513674598894055, ""C"": 3.7751346074629256e-11, ""u1"": 0.47919235731942605}",99.38885119087915,98.20709117400048,111.47357604424649,110.29181602736782
expanded,primary,DDO154,12,C_k1_Q,logsvt,4,102.11527779212766,12.764409724015957,115.82956350641336,101.18100114456725,112.05490439127966,98.95162208006955,9130586779.485966,2,4,0.9999999558019955,,"{""B"": 16647.56068600842, ""C"": 3.219895372787911e-10, ""Q"": 0.6382451374470934, ""u1"": 5.53055099309928e-05}",85.71417670497011,82.30303762359374,97.79890155833745,94.38776247696109
expanded,primary,DDO154,12,C_k1_L,logsvt,4,102.25648200110254,12.782060250137818,115.97076771538825,101.32220535354213,112.19610860025455,99.09282628904444,,2,3,0.9999999902084029,L,"{""B"": 31825.742751022266, ""C"": 2.588406715176903e-09, ""L"": -199.99999999896662, ""u1"": 0.0031710436408058634}",85.855380913945,82.44424183256862,97.94010576731233,94.52896668593596
expanded,primary,DDO154,12,C_k1_L_Q,logsvt,5,102.1152777232948,14.587896817613542,122.1152777232948,107.46671536144868,114.53981097223479,101.43652866102468,8632007348.66978,2,5,0.9999966272094255,,"{""B"": 0.09204639708419314, ""C"": 4.8762233538672944e-11, ""L"": 1.8407732694858046, ""Q"": 0.6383448456729044, ""u1"": 0.003424431156208761}",91.99989092185155,84.78794420454886,104.08461577521888,96.8726690579162
expanded,primary,DDO154,12,C_k2,logsvt,3,12.697328616928555,1.4108142907698396,21.697328616928555,7.048766255082443,20.152048566292557,7.048766255082443,63808650087.91695,2,3,0.9998597996473269,logC,"{""B"": 0.3373081370822267, ""C"": 3.775145215607478e-11, ""u2"": 5.381667948859114}",-8.418058184514699,-9.599818201393365,3.6666666688526384,2.484906651973972
expanded,primary,DDO154,12,C_k2_Q,logsvt,4,5.029102979294073,0.6286378724117592,18.74338869357979,4.094826331733676,14.968729578446075,1.865447267235961,302.24106893441035,4,4,0.9873861125871516,,"{""B"": 0.46001774239949084, ""C"": 0.016582787289945042, ""Q"": 0.4045770197181993, ""u2"": 3.51421402430475}",-11.371998107863465,-14.783137189239847,0.7127267455038719,-2.6984123358725096
expanded,primary,DDO154,12,C_k2_L,logsvt,4,6.460384953743381,0.8075481192179226,20.174670668029094,5.526108306182982,16.400011552895382,3.2967292416852683,208.26644565801155,4,4,0.9942568997064485,,"{""B"": 0.5013456754457568, ""C"": 0.056556805053759825, ""L"": -0.6049540352850062, ""u2"": 4.1714687064515195}",-9.94071613341416,-13.35185521479054,2.1440087199531774,-1.2671303614232023
expanded,primary,DDO154,12,C_k2_L_Q,logsvt,5,4.690745767686545,0.670106538240935,24.690745767686543,10.042183405840431,17.115279016626545,4.011996705416431,,4,4,0.9805100290583396,logC,"{""B"": 0.4415400015173569, ""C"": 3.775134544344253e-11, ""L"": 0.26621712976517836, ""Q"": 0.5751386402690816, ""u2"": 3.2046029509565908}",-5.424641033756711,-12.636587751059377,6.660083819610627,-0.5518628976920397
expanded,primary,DDO154,12,C_k12,logsvt,4,12.697328617310111,1.587166077163764,26.41161433159583,11.763051969749716,22.636955216462113,9.533672905251999,,2,2,0.9611354100620209,logC;logu1,"{""B"": 0.3373081355218083, ""C"": 3.781804920283352e-11, ""u1"": 3.780331450740381e-11, ""u2"": 5.3816680202650105}",-3.7037724698474257,-7.114911551223809,8.380952383519912,4.969813302143528
expanded,primary,DDO154,12,C_k12_Q,logsvt,5,4.580003588232651,0.6542862268903786,24.58000358823265,9.931441226386537,17.00453683717265,3.9012545259625373,21167570758.784588,4,5,0.994603348939716,logC,"{""B"": 0.5364840700199072, ""C"": 3.775388487151997e-11, ""Q"": 0.5288992636087751, ""u1"": 0.21782862879130752, ""u2"": 2.8686000860456073}",-5.535383213210604,-12.74732993051327,6.549341640156733,-0.6626050771459333
expanded,primary,DDO154,12,C_k12_L,logsvt,5,4.342838775772057,0.6204055393960081,24.34283877577206,9.694276413925946,16.76737202471206,3.664089713501946,7800303424.430536,4,5,0.9998493535221236,,"{""B"": 1.392184742498254, ""C"": 5.243884200186078e-11, ""L"": -2.3118335323104455, ""u1"": 0.86311606671152, ""u2"": 1.7158580771407412}",-5.772548025671195,-12.984494742973862,6.312176827696142,-0.8997698896065245
expanded,primary,DDO154,12,C_k12_L_Q,logsvt,6,4.342838780657613,0.7238064634429354,33.14283878065761,18.494276418811502,19.252278679385615,6.148996368175501,59402556323.16619,4,6,0.9996192273777035,,"{""B"": 1.3921817652031954, ""C"": 3.170789068339864e-10, ""L"": -2.311828357397938, ""Q"": 2.5625994899477395e-08, ""u1"": 0.8631158233203382, ""u2"": 1.715861370215558}",3.0274519792143586,-10.499588088300307,15.112176832581696,1.5851367650670305
expanded,primary,DDO154,12,cored_log,cored_log,2,12.697328614742585,1.2697328614742585,18.030661948075917,3.3820995862298044,17.667141914318584,4.563859603108471,7.507190157471365,2,2,0.9611354077540208,,"{""H"": 1.3492325446105295, ""Rc"": 0.43106379619864904}",-12.084724853367337,-12.084724853367337,0.0,0.0
expanded,primary,DDO154,12,pISO,piso,2,24.782053468109922,2.4782053468109924,30.115386801443254,15.466824439597142,29.75186676768592,16.64858445647581,9.896762466113968,2,2,0.9778366390363179,,"{""H"": 1.8137565317894604, ""Rc"": 0.26665752205525406}",0.0,0.0,12.084724853367337,12.084724853367337
expanded,primary,DDO154,12,NFW,nfw,2,117.71208076221063,11.771208076221063,123.04541409554396,108.39685173369784,122.68189406178664,109.57861175057653,26.515529278482088,2,2,0.9970758607395643,,"{""V200"": 1.4495657375769448, ""c"": 4.9582046152995805}",92.93002729410071,92.93002729410071,105.01475214746804,105.01475214746804
expanded,primary,NGC2403,73,baryons,logsvt,0,319317.33624339564,4374.210085525968,319317.33624339564,318699.37105565396,319317.33624339564,318688.9120372655,,0,0,,,{},318293.46230856486,318289.052818254,317923.09951886506,317918.6900285542
expanded,primary,NGC2403,73,Q,logsvt,1,319317.33625178476,4434.9630034970105,319319.3925898129,318701.42740207125,319321.6267112259,318693.20250509575,1.0,1,1,0.0,logQ,"{""Q"": 3.775134545303437e-11}",318295.51865498215,318293.34328608424,317925.15586528234,317922.98049638444
expanded,primary,NGC2403,73,L,logsvt,1,10530.781808071646,146.26085844543954,10532.838146099815,9914.872958358168,10535.072267512794,9906.648061382632,1.0,1,1,0.0,,"{""L"": 2.059843367816727}",9508.964211269056,9506.788842371168,9138.601421569236,9136.426052671346
expanded,primary,NGC2403,73,L_Q,logsvt,2,1479.1998711827714,20.833801002574244,1483.3712997542,865.4061120125526,1487.7807900650682,859.3565839349045,6.497198842633975,2,2,0.9469225219300005,,"{""L"": 3.369544772628076, ""Q"": 2.6844352141637637}",459.49736492344164,459.49736492344164,89.13457522361978,89.13457522361978
expanded,primary,NGC2403,73,k1,logsvt,2,792.8939983196265,11.16752110309333,797.065426891055,179.10023914940768,801.4749172019233,173.05071107175957,11.35562595422182,2,2,0.9707823524959736,,"{""B"": 0.7590253273391483, ""u1"": 3.501446699151345}",-226.8085079397033,-226.8085079397033,-597.1712976395252,-597.1712976395252
expanded,primary,NGC2403,73,k1_Q,logsvt,3,744.4651300166084,10.635216143094405,750.8129561035649,132.8477683619176,757.3365083400536,128.91230220988984,88.1462120008231,3,3,0.9895356981019057,,"{""B"": 0.8927390062071896, ""Q"": 0.24114267135007986, ""u1"": 2.7379911575740423}",-273.0609787271934,-270.946916801573,-643.4237684270153,-641.3097065013949
expanded,primary,NGC2403,73,k1_L,logsvt,3,723.6370438316906,10.337672054738437,729.9848699186471,112.01968217699971,736.5084221551357,108.08421602497197,92.94256694238977,3,3,0.9911216323671334,,"{""B"": 1.193137284204972, ""L"": -0.5810239174278155, ""u1"": 2.242893849342431}",-293.8890649121113,-291.7750029864909,-664.2518546119331,-662.1377926863128
expanded,primary,NGC2403,73,k1_L_Q,logsvt,4,723.6370438345086,10.487493388905921,732.2252791286263,114.26009138697896,740.7988815991022,112.37467546893845,,3,3,0.9911216398235961,,"{""B"": 1.1931379643848115, ""L"": -0.5810246447149646, ""Q"": 3.821881442323088e-11, ""u1"": 2.2428925527756043}",-291.64865570213203,-287.4845435425244,-662.0114454019539,-657.8473332423463
expanded,primary,NGC2403,73,k2,logsvt,2,1390.0652959591478,19.57838445012884,1394.2367245305763,776.271536788929,1398.6462148414446,770.2220087112809,9.342676730533313,2,2,0.8014948915450106,,"{""B"": 0.25893673615597157, ""u2"": 44.301459451958664}",370.362789699818,370.362789699818,-3.865352482534945e-12,-3.865352482534945e-12
expanded,primary,NGC2403,73,k2_Q,logsvt,3,1390.065296019125,19.858075657416073,1396.4131221060816,778.4479343644342,1402.9366743425703,774.5124682124066,,2,2,0.8014948689388347,logQ,"{""B"": 0.25893673032557213, ""Q"": 3.775134564042913e-11, ""u2"": 44.3014662992675}",372.53918727532323,374.6532492009437,2.176397575501369,4.290459501121859
expanded,primary,NGC2403,73,k2_L,logsvt,3,957.8577575042984,13.683682250061405,964.2055835912549,346.2403958496076,970.7291358277436,342.30492969757984,16.265095712395187,3,3,0.9620476383805983,,"{""B"": 0.18500149331642302, ""L"": 0.49522631258610517, ""u2"": 79.03403223637046}",-59.66835123950341,-57.55428931388303,-430.03114093932527,-427.9170790137049
expanded,primary,NGC2403,73,k2_L_Q,logsvt,4,894.0115358541002,12.956688925421743,902.5997711482179,284.6345834065705,911.1733736186937,282.74916748853,54.01627349167358,4,4,0.9813345360435459,,"{""B"": 0.12851606362189794, ""L"": 1.3350108607145827, ""Q"": 0.7778759666565108, ""u2"": 95.11672803618266}",-121.27416368254046,-117.11005152293285,-491.6369533823623,-487.4728412227547
expanded,primary,NGC2403,73,k12,logsvt,3,647.4115536220023,9.248736480314319,653.7593797089588,35.79419196731146,660.2829319454474,31.85872581528372,23.838020370054355,3,3,0.9643071862258802,,"{""B"": 0.3154929548568469, ""u1"": 5.468504464746501, ""u2"": 25.215487344748627}",-370.1145551217995,-368.00049319617915,-740.4773448216214,-738.363282896001
expanded,primary,NGC2403,73,k12_Q,logsvt,4,647.4115536325904,9.38277613960276,655.9997889267081,38.03460118506075,664.573391397184,36.14918526702024,,3,3,0.9643071987290766,,"{""B"": 0.315492967676974, ""Q"": 9.242296225514301e-11, ""u1"": 5.468504698402421, ""u2"": 25.21548315699939}",-367.87414590405024,-363.7100337444426,-738.2369356038721,-734.0728234442645
expanded,primary,NGC2403,73,k12_L,logsvt,4,647.2620424787077,9.38060931128562,655.8502777728254,37.88509003117804,664.4238802433013,35.99967411313753,93.14017509903972,4,4,0.9897851823292031,,"{""B"": 0.3095441677321455, ""L"": 0.02147015940889498, ""u1"": 5.48301176106479, ""u2"": 26.253127249574984}",-368.02365705793295,-363.85954489832534,-738.3864467577548,-734.2223345981472
expanded,primary,NGC2403,73,k12_L_Q,logsvt,5,647.2620458863728,9.518559498329012,658.1575682744325,40.19238053278514,668.7143430921147,40.29013696195102,1245016815.3508117,4,5,0.998605730288284,,"{""B"": 0.30954418198181166, ""L"": 0.021470069399150422, ""Q"": 3.61629216548862e-08, ""u1"": 5.483010840409896, ""u2"": 26.25312660967491}",-365.71636655632585,-359.56908204951185,-736.0791562561477,-729.9318717493337
expanded,primary,NGC2403,73,C,logsvt,1,24817.50599058046,344.6875832025064,24819.562328608627,24201.59714086698,24821.796450021608,24193.372243891445,1.0,1,1,0.0,,"{""C"": 0.7732241734249693}",23795.68839377787,23793.51302487998,23425.325604078047,23423.15023518016
expanded,primary,NGC2403,73,C_Q,logsvt,2,24817.505991229675,349.5423379046433,24821.677419801104,24203.712232059457,24826.08691011197,24197.66270398181,,1,1,0.0,logQ,"{""C"": 0.7732241724033742, ""Q"": 3.775134568244079e-11}",23797.803484970347,23797.803484970344,23427.440695270525,23427.440695270525
expanded,primary,NGC2403,73,C_L,logsvt,2,5149.363629388106,72.52624830124094,5153.535057959535,4535.569870217888,5157.944548270403,4529.520342140239,4.010513217748471,2,2,0.8630258198309391,,"{""C"": 0.25054221078653904, ""L"": 1.449941282285546}",4129.661123128777,4129.661123128777,3759.2983334289547,3759.2983334289547
expanded,primary,NGC2403,73,C_L_Q,logsvt,3,1247.0322600914221,17.814746572734602,1253.3800861783786,635.4148984367313,1259.9036384148674,631.4794322847036,23.735700224620825,3,3,0.941136703270123,,"{""C"": 0.05967472868805235, ""L"": 3.0629857958473825, ""Q"": 2.3525468820733364}",229.5061513476203,231.62021327324078,-140.85663835220157,-138.74257642658108
expanded,primary,NGC2403,73,C_k1,logsvt,3,792.8939984120221,11.327057120171744,799.2418244989786,181.2766367573313,805.7653767354673,177.34117060530355,28484934669.134594,2,3,0.9994297178132544,logC,"{""B"": 0.7590253429496501, ""C"": 3.775134544279111e-11, ""u1"": 3.5014465261192256}",-224.6321103317797,-222.51804840615932,-594.9949000316016,-592.8808381059812
expanded,primary,NGC2403,73,C_k1_Q,logsvt,4,744.4651300724519,10.789349711194955,753.0533653665696,135.0881776249222,761.6269678370454,133.2027617068817,51188679552.14479,3,4,0.9986491531648498,logC,"{""B"": 0.8927390923579698, ""C"": 3.775135533593033e-11, ""Q"": 0.24114277287783326, ""u1"": 2.7379907288908774}",-270.8205694641888,-266.6564573045812,-641.1833591640107,-637.019247004403
expanded,primary,NGC2403,73,C_k1_L,logsvt,4,723.6370438796827,10.487493389560619,732.2252791738003,114.26009143215299,740.7988816442762,112.37467551411248,191619419944.63092,3,4,1.0,logC,"{""B"": 1.1931364572072256, ""C"": 3.775134544279111e-11, ""L"": -0.5810229817173643, ""u1"": 2.242895338252891}",-291.648655656958,-287.4845434973504,-662.0114453567799,-657.8473331971722
expanded,primary,NGC2403,73,C_k1_L_Q,logsvt,5,723.6370438848566,10.641721233600832,734.5325662729163,116.5673785312689,745.0893410905985,116.66513496043478,,3,4,0.9998485639422628,logC,"{""B"": 1.1931333727297508, ""C"": 3.782622336680692e-11, ""L"": -0.581019524582164, ""Q"": 3.8664965844941055e-11, ""u1"": 2.2429009489137273}",-289.3413685578421,-283.1940840510281,-659.704158257664,-653.55687375085
expanded,primary,NGC2403,73,C_k2,logsvt,3,678.4861798174743,9.692659711678203,684.8340059044308,66.86881816278344,691.3575581409194,62.9333520107557,16.46853674136282,3,3,0.5406779219116542,,"{""B"": 0.24510597632844638, ""C"": 0.10631152380726665, ""u2"": 27.90736846599871}",-339.03992892632755,-336.92586700070717,-709.4027186261494,-707.288656700529
expanded,primary,NGC2403,73,C_k2_Q,logsvt,4,678.4861798426634,9.833133041198021,687.0744151367811,69.10922739513376,695.648017607257,67.22381147709325,31271567798.968082,3,4,0.9358447711155466,logQ,"{""B"": 0.24510597679634288, ""C"": 0.10631152344038487, ""Q"": 3.7751390251897674e-11, ""u2"": 27.907368274819977}",-336.79951969397723,-332.6354075343696,-707.1623093937991,-702.9981972341915
expanded,primary,NGC2403,73,C_k2_L,logsvt,4,611.2623683655702,8.858874903848843,619.8506036596879,1.8854159180405077,628.4242061301637,0.0,29.59285874096563,4,4,0.9621302193953751,,"{""B"": 0.20389283226952953, ""C"": 0.08830926772129942, ""L"": 0.2662529680978981, ""u2"": 38.23120560130096}",-404.0233311710705,-399.85921901146287,-774.3861208708923,-770.2220087112847
expanded,primary,NGC2403,73,C_k2_L_Q,logsvt,5,611.2623683688653,8.989152476012725,622.157890756925,4.19270301527763,632.7146655746072,4.290459444443513,,4,4,0.9621302004305589,logQ,"{""B"": 0.20389278640726408, ""C"": 0.08830921436631052, ""L"": 0.26625328436029017, ""Q"": 3.7758311053551106e-11, ""u2"": 38.23123189714437}",-401.71604407383336,-395.56875956701936,-772.0788337736552,-765.9315492668412
expanded,primary,NGC2403,73,C_k12,logsvt,4,619.4463566166047,8.977483429226154,628.0345919107224,10.069404169075028,636.6081943811982,8.18398825103452,81.28008638110373,4,4,0.9072468013137762,,"{""B"": 0.2856592417231592, ""C"": 0.04808762017083473, ""u1"": 3.1970340112989213, ""u2"": 26.04165738834354}",-395.83934292003596,-391.67523076042835,-766.2021326198578,-762.0380204602502
expanded,primary,NGC2403,73,C_k12_Q,logsvt,5,619.4463566264526,9.109505244506655,630.3418790145123,12.376691272864946,640.8986538321946,12.47444770203083,,4,4,0.9072467320125251,logQ,"{""B"": 0.2856592765082983, ""C"": 0.04808756282936529, ""Q"": 3.775135383788765e-11, ""u1"": 3.1970365214640553, ""u2"": 26.04165646585295}",-393.53205581624604,-387.38477130943204,-763.8948455160679,-757.7475610092539
expanded,primary,NGC2403,73,C_k12_L,logsvt,5,607.0696653535877,8.92749507872923,617.9651877416474,0.0,628.5219625593296,0.09775642916588367,199.62428379069948,5,5,0.9663121323834747,,"{""B"": 0.229293287367902, ""C"": 0.06873228115634557, ""L"": 0.19431616101449842, ""u1"": 1.5644930205928074, ""u2"": 34.85273611686144}",-405.908747089111,-399.761462582297,-776.2715367889328,-770.1242522821188
expanded,primary,NGC2403,73,C_k12_L_Q,logsvt,6,607.0696666659671,9.060741293521897,620.3423939386944,2.3772061970470304,632.8124233128575,4.388217182693779,1737566884.8698165,5,6,0.9981050241272434,,"{""B"": 0.22929364909869268, ""C"": 0.06873200807141827, ""L"": 0.19431519242565543, ""Q"": 1.335454519599903e-08, ""u1"": 1.5645135439590896, ""u2"": 34.85268710717336}",-403.53154089206396,-395.4710018287691,-773.8943305918858,-765.833791528591
expanded,primary,NGC2403,73,cored_log,cored_log,2,1390.0652959591516,19.578384450128897,1394.2367245305802,776.2715367889328,1398.6462148414485,770.2220087112847,4.982897849995718,2,2,0.8014948827352356,,"{""H"": 1.0357469451482169, ""Rc"": 0.15024187135562045}",370.36278969982186,370.36278969982186,0.0,0.0
expanded,primary,NGC2403,73,pISO,piso,2,1019.7025062593298,14.362007130413096,1023.8739348307583,405.908747089111,1028.2834251416266,399.85921901146287,6.3945328180543575,2,2,0.8879367304803594,,"{""H"": 1.2171828894529915, ""Rc"": 0.07594392033670361}",0.0,0.0,-370.36278969982186,-370.36278969982186
expanded,primary,NGC2403,73,NFW,nfw,2,710.8908681816197,10.012547439177743,715.0622967530483,97.0971090114009,719.4717870639165,91.04758093375278,9.476529833037093,2,2,0.9687665619259299,,"{""V200"": 0.8383254560423752, ""c"": 11.84222562764011}",-308.8116380777101,-308.8116380777101,-679.174427777532,-679.174427777532
expanded,primary,NGC2841,50,baryons,logsvt,0,37314.68849884974,746.2937699769948,37314.68849884974,37241.18429458797,37314.68849884974,37235.96996470212,,0,0,,,{},37233.78696276638,37230.21823590446,37238.955614148406,37235.38688728649
expanded,primary,NGC2841,50,Q,logsvt,1,37314.688501525576,761.524255133175,37316.77183485891,37243.26763059714,37318.600524531,37239.88199038338,,0,0,0.0,logQ,"{""Q"": 3.7751345443137275e-11}",37235.87029877555,37234.13026158572,37241.03895015758,37239.29891296775
expanded,primary,NGC2841,50,L,logsvt,1,3313.3723605930345,67.6198440937354,3315.455693926368,3241.951489664595,3317.2843835984627,3238.5658494508402,1.0,1,1,0.0,,"{""L"": 1.1235314017368567}",3234.5541578430084,3232.814120653183,3239.7228092250366,3237.982772035211
expanded,primary,NGC2841,50,L_Q,logsvt,2,1326.701143427578,27.63960715474121,1330.9564625765142,1257.4522583147416,1334.5251894384344,1255.8066552908122,9.062100675338243,2,2,0.9716732569782811,,"{""L"": 2.5277656624222415, ""Q"": 2.0190207716820177}",1250.0549264931549,1250.0549264931549,1255.2235778751829,1255.2235778751829
expanded,primary,NGC2841,50,k1,logsvt,2,79.32104526746075,1.6525217764054323,83.57636441639691,10.072160154624228,87.14509127831704,8.426557130694704,17.938337440549212,2,2,0.7696546191535176,,"{""B"": 0.36857252629813947, ""u1"": 34.15367153367128}",2.6748283330374676,2.6748283330374676,7.843479715065456,7.843479715065456
expanded,primary,NGC2841,50,k1_Q,logsvt,3,79.3210452726249,1.687681814311168,85.84278440305968,12.338580141286997,91.05711428890933,12.338580141286997,2238538531.4661036,2,3,0.9999320701920149,logQ,"{""B"": 0.36857252661251727, ""Q"": 3.775134722463844e-11, ""u1"": 34.15367093269009}",4.941248319700236,6.58685134362976,10.109899701728224,11.755502725657749
expanded,primary,NGC2841,50,k1_L,logsvt,3,78.9757533678858,1.6803351780401234,85.49749249832058,11.993288236547897,90.71182238417023,11.993288236547897,44.88694530009601,3,3,0.9694046605040926,,"{""B"": 0.3598951431355304, ""L"": 0.021278064266481066, ""u1"": 37.75014915708238}",4.595956414961137,6.241559438890661,9.764607796989125,11.41021082091865
expanded,primary,NGC2841,50,k1_L_Q,logsvt,4,78.97575337145838,1.716864203727356,87.86464226034727,14.360437998574582,94.62384539317097,15.905311245548631,,3,3,0.9694046682426717,logQ,"{""B"": 0.3598952351939987, ""L"": 0.021277859430067894, ""Q"": 3.779251350184087e-11, ""u1"": 37.7500958616124}",6.9631061769878215,10.153582447891395,12.13175755901581,15.322233829919384
expanded,primary,NGC2841,50,k2,logsvt,2,71.47756555239528,1.4891159490082349,75.73288470133144,2.228680439558758,79.30161156325157,0.5830774156292335,17.667932123608246,2,2,0.40673782345040993,,"{""B"": 0.17637818168617703, ""u2"": 446.9141379653193}",-5.168651382028003,-5.168651382028003,-1.4210854715202004e-14,-1.4210854715202004e-14
expanded,primary,NGC2841,50,k2_Q,logsvt,3,71.47756556306528,1.5207992672992614,77.99930469350006,4.49510043172738,83.21363457934972,4.49510043172738,,2,2,0.4067378370760413,logQ,"{""B"": 0.17637818167444863, ""Q"": 3.7751633471220533e-11, ""u2"": 446.9141368262903}",-2.902231389859381,-1.2566283659298563,2.2664199921686077,3.912023016098132
expanded,primary,NGC2841,50,k2_L,logsvt,3,66.9824651313379,1.4251588325816575,73.50420426177268,0.0,78.71853414762234,0.0,35.1825580554245,3,3,0.9550145933250095,,"{""B"": 0.16729127074844927, ""L"": 0.05756735870576686, ""u2"": 562.6813963237083}",-7.397331821586761,-5.751728797657236,-2.2286804395587723,-0.5830774156292478
expanded,primary,NGC2841,50,k2_L_Q,logsvt,4,66.98246513508678,1.4561405464149302,75.87135402397567,2.3671497622029847,82.63055715679937,3.912023009177034,,3,3,0.9550145918336778,logQ,"{""B"": 0.1672912712988315, ""L"": 0.057567355646132815, ""Q"": 3.775252347517609e-11, ""u2"": 562.6813795767376}",-5.030182059383776,-1.8397057884802024,0.1384693226442124,3.328945593547786
expanded,primary,NGC2841,50,k12,logsvt,3,71.4775655523976,1.5207992670722894,77.99930468283239,4.495100421059703,83.21363456868204,4.495100421059703,,2,2,0.4067378145245221,,"{""B"": 0.1763781819876292, ""u1"": 5.2312176058575826e-11, ""u2"": 446.91410990863136}",-2.9022314005270573,-1.2566283765975328,2.266419981500931,3.9120230054304557
expanded,primary,NGC2841,50,k12_Q,logsvt,4,71.4775655630775,1.5538601209364675,80.36645445196639,6.862250190193706,87.12565758479009,8.407123437167755,6.490305959874759e+20,2,3,0.999955139541317,logQ,"{""B"": 0.1763781791505242, ""Q"": 3.775433979120748e-11, ""u1"": 9.643259077179855e-11, ""u2"": 446.9142623656592}",-0.5350816313930551,2.6553946395105186,4.633569750634933,7.824046021538507
expanded,primary,NGC2841,50,k12_L,logsvt,4,66.98246515063454,1.4561405467529247,75.87135403952342,2.3671497777507398,82.63055717234712,3.912023024724789,5445658661.548182,3,4,0.9902392579299106,,"{""B"": 0.16729127088852488, ""L"": 0.05756735786895142, ""u1"": 4.867229880416969e-08, ""u2"": 562.6813892298946}",-5.030182043836021,-1.8397057729324473,0.1384693381919675,3.328945609095541
expanded,primary,NGC2841,50,k12_L_Q,logsvt,5,78.97575346898641,1.7550167437552535,90.33938983262277,16.835185570850086,98.53586849612714,19.8173343485048,,3,4,0.987283421602349,,"{""B"": 0.3598951688795281, ""L"": 0.021250712535558172, ""Q"": 4.0006434411119966e-11, ""u1"": 37.75017344085672, ""u2"": 0.0014314196241699158}",9.437853749263326,14.065605550847565,14.606505131291314,19.234256932875553
expanded,primary,NGC2841,50,C,logsvt,1,184.56652469665153,3.7666637693194187,186.64985802998487,113.14565376821218,188.47854770207968,109.76001355445734,1.0,1,1,0.0,,"{""C"": 0.6824209821604803}",105.74832194662542,104.00828475680011,110.91697332865341,109.1769361388281
expanded,primary,NGC2841,50,C_Q,logsvt,2,184.56652472974318,3.8451359318696494,188.82184387867935,115.31763961690666,192.39057074059946,113.67203659297712,,1,1,0.0,logQ,"{""C"": 0.682420982804991, ""Q"": 3.775134745310255e-11}",107.9203077953199,107.92030779531989,113.08895917734789,113.08895917734787
expanded,primary,NGC2841,50,C_L,logsvt,2,109.35390551357003,2.278206364866042,113.6092246625062,40.10502040073351,117.17795152442632,38.459417376803984,4.556870942959738,2,2,0.9081096026944266,,"{""C"": 0.5908369270555722, ""L"": 0.16816596985861443}",32.70768857914675,32.70768857914675,37.876339961174736,37.876339961174736
expanded,primary,NGC2841,50,C_L_Q,logsvt,3,108.8780575536563,2.3165544160352405,115.39979668409109,41.8955924223184,120.61412656994074,41.8955924223184,245.51427391270732,3,3,0.9682277310829397,,"{""C"": 0.5812475380933553, ""L"": 0.21999843092119675, ""Q"": 0.052156667242078}",34.49826060073164,36.143863624661165,39.66691198275963,41.31251500668915
expanded,primary,NGC2841,50,C_k1,logsvt,3,79.32104526823261,1.687681814217715,85.84278439866739,12.338580136894706,91.05711428451704,12.338580136894706,,2,2,0.769654634922281,,"{""B"": 0.36857252687690745, ""C"": 9.55718269036896e-11, ""u1"": 34.15367050067313}",4.941248315307945,6.5868513392374695,10.109899697335933,11.755502721265458
expanded,primary,NGC2841,50,C_k1_Q,logsvt,4,79.32104527300551,1.7243705494131631,88.2099341618944,14.70572990012171,94.9691372947181,16.25060314709576,,2,2,0.7696546097649744,,"{""B"": 0.3685725276599413, ""C"": 3.8538737099461106e-11, ""Q"": 3.825553620561221e-11, ""u1"": 34.15366945358112}",7.30839807853495,10.498874349438523,12.477049460562938,15.667525731466512
expanded,primary,NGC2841,50,C_k1_L,logsvt,4,78.9757533681843,1.7168642036561805,87.86464225707319,14.3604379953005,94.62384538989689,15.90531124227455,,3,3,0.9694046677297117,logC,"{""B"": 0.35989518049938163, ""C"": 3.77882150015124e-11, ""L"": 0.02127798193889638, ""u1"": 37.75012753765452}",6.96310617371374,10.153582444617314,12.131757555741729,15.322233826645302
expanded,primary,NGC2841,50,C_k1_L_Q,logsvt,5,78.97575337179056,1.7550167415953457,90.33938973542692,16.835185473654235,98.53586839893129,19.81733425130895,,3,3,0.9694046644259027,logC,"{""B"": 0.3598951711469677, ""C"": 3.775620716677663e-11, ""L"": 0.02127800085023064, ""Q"": 3.834720136784121e-11, ""u1"": 37.7501337656705}",9.437853652067474,14.065605453651713,14.606505034095463,19.2342568356797
expanded,primary,NGC2841,50,C_k2,logsvt,3,71.47756555266567,1.5207992670779928,77.99930468310045,4.495100421327763,83.2136345689501,4.495100421327763,12172657119.14386,2,3,1.0,,"{""B"": 0.17637818194698446, ""C"": 7.662991751272239e-11, ""u2"": 446.9141182741224}",-2.902231400258998,-1.2566283763294734,2.2664199817689905,3.912023005698515
expanded,primary,NGC2841,50,C_k2_Q,logsvt,4,71.47756563057573,1.5538601224038202,80.36645451946461,6.862250257691926,87.12565765228831,8.407123504665975,,2,3,0.9976224029446856,,"{""B"": 0.1763781806073515, ""C"": 4.956175065415661e-09, ""Q"": 2.1476793905737462e-10, ""u2"": 446.9141211178556}",-0.5350815638948347,2.655394707008739,4.633569818133154,7.824046089036727
expanded,primary,NGC2841,50,C_k2_L,logsvt,4,66.98246513201248,1.4561405463480974,75.87135402090136,2.3671497591286794,82.63055715372506,3.9120230061027286,,3,3,0.9550145943619749,,"{""B"": 0.16729127058428495, ""C"": 1.2048034681858348e-10, ""L"": 0.05756735950862717, ""u2"": 562.6813934316102}",-5.030182062458081,-1.8397057915545076,0.13846931956990716,3.328945590473481
expanded,primary,NGC2841,50,C_k2_L_Q,logsvt,5,66.98246516097043,1.488499225799343,78.3461015246068,4.8418972628341095,86.54258018811116,7.824046040488824,2987482627.0615478,3,5,0.9986082431524521,,"{""B"": 0.16729127072743408, ""C"": 5.754932007136953e-10, ""L"": 0.057567358194634835, ""Q"": 2.659524538100484e-10, ""u2"": 562.6813847633131}",-2.5554345587526512,2.0723172428315877,2.613216823275337,7.240968624859576
expanded,primary,NGC2841,50,C_k12,logsvt,4,71.47756556965837,1.5538601210795298,80.36645445854725,6.862250196774568,87.12565759137095,8.407123443748617,2340389360.68682,2,4,0.999932302780127,,"{""B"": 0.1763781806035273, ""C"": 4.609569468463018e-09, ""u1"": 2.407275609021278e-08, ""u2"": 446.91412637623074}",-0.535081624812193,2.6553946460913807,4.6335697572157954,7.824046028119369
expanded,primary,NGC2841,50,C_k12_Q,logsvt,5,71.47756587204773,1.5883903527121719,82.8412022356841,9.336997973911409,91.03768089918846,12.319146751566123,1634643925.7140918,2,5,0.9999891550174236,,"{""B"": 0.17637817626361044, ""C"": 2.311492811133292e-08, ""Q"": 7.860039712944921e-10, ""u1"": 3.822004885530786e-07, ""u2"": 446.9141107437226}",1.939666152324648,6.567417953908887,7.108317534352636,11.736069335936875
expanded,primary,NGC2841,50,C_k12_L,logsvt,5,66.98246517822759,1.4884992261828351,78.34610154186394,4.84189728009126,86.54258020536831,7.824046057745974,2451825790.088661,3,5,0.9997603829620425,,"{""B"": 0.16729127004363617, ""C"": 3.555032690500109e-09, ""L"": 0.05756735756628336, ""u1"": 6.80609747068699e-08, ""u2"": 562.6813870017746}",-2.555434541495501,2.072317260088738,2.6132168405324876,7.2409686421167265
expanded,primary,NGC2841,50,C_k12_L_Q,logsvt,6,66.9824655021118,1.5223287614116316,80.93595387420481,7.431749612432128,90.45460353468067,11.736069387058336,2653371386.8832765,3,6,0.9998474139226997,,"{""B"": 0.1672912670269215, ""C"": 1.5125624027918625e-08, ""L"": 0.05756736066650993, ""Q"": 2.291528235425427e-09, ""u1"": 1.4760544733707235e-07, ""u2"": 562.6813667223133}",0.034417790845367335,5.9843405894011,5.203069172873356,11.152991971429088
expanded,primary,NGC2841,50,cored_log,cored_log,2,71.47756555239529,1.4891159490082353,75.73288470133146,2.2286804395587723,79.30161156325158,0.5830774156292478,8.851079338003677,2,2,0.40673781455155045,,"{""H"": 0.7055127273643594, ""Rc"": 0.04730292100520631}",-5.1686513820279885,-5.1686513820279885,0.0,0.0
expanded,primary,NGC2841,50,pISO,piso,2,76.64621693442328,1.5967961861338182,80.90153608335945,7.397331821586761,84.47026294527957,5.751728797657236,14.806763752006052,2,2,0.6984663257962408,,"{""H"": 0.7327382147215857, ""Rc"": 0.01578017355907197}",0.0,0.0,5.1686513820279885,5.1686513820279885
expanded,primary,NGC2841,50,NFW,nfw,2,160.33037749443855,3.340216197800803,164.58569664337472,91.08149238160203,168.15442350529483,89.4358893576725,8.485540593838925,2,2,0.8790270627274427,,"{""V200"": 0.5885090828646744, ""c"": 21.15566500050434}",83.68416056001527,83.68416056001526,88.85281194204326,88.85281194204325
expanded,primary,NGC2903,34,baryons,logsvt,0,25037.446570100597,736.3954873559,25037.446570100597,24748.229540778255,25037.446570100597,24744.450459204407,,0,0,,,{},24667.51800464275,24664.85238036771,24711.17846605178,24708.51284177674
expanded,primary,NGC2903,34,Q,logsvt,1,25037.446571331482,758.71050216156,25039.571571331482,24750.35454200914,25040.972931856097,24747.976820959906,1.0,1,1,0.0,logQ,"{""Q"": 3.7751345448451503e-11}",24669.643005873633,24668.37874212321,24713.303467282665,24712.03920353224
expanded,primary,NGC2903,34,L,logsvt,1,1331.1025369354297,40.33644051319484,1333.2275369354297,1044.0105076130874,1334.628897460046,1041.632786563855,1.0,1,1,0.0,,"{""L"": 1.1279286295491633}",963.2989714775811,962.0347077271584,1006.9594328866133,1005.6951691361908
expanded,primary,NGC2903,34,L_Q,logsvt,2,386.111340173341,12.065979380416906,390.4984369475345,101.28140762519223,393.1640612225733,100.16795032638254,5.6440582563499815,2,2,0.9348942920809297,,"{""L"": 1.8157933558696782, ""Q"": 1.211092487525075}",20.569871489685852,20.569871489685852,64.23033289871813,64.23033289871813
expanded,primary,NGC2903,34,k1,logsvt,2,483.7043314930404,15.115760359157512,488.09142826723394,198.87439894489165,490.75705254227273,197.76094164608196,13.444750884105037,2,2,0.9826765915871808,,"{""B"": 0.5466283232429919, ""u1"": 2.248337976410199}",118.16286280938527,118.16286280938527,161.82332421841755,161.82332421841755
expanded,primary,NGC2903,34,k1_Q,logsvt,3,386.11134061779126,12.455204536057783,392.91134061779127,103.69431129544898,396.69042219163975,103.69431129544898,486138019.98514193,2,3,0.9999999661136951,,"{""B"": 8696.819651658107, ""Q"": 1.2109029597630598, ""u1"": 0.00010439410258357239}",22.982775159942605,24.096232458752297,66.64323656897488,67.75669386778458
expanded,primary,NGC2903,34,k1_L,logsvt,3,386.2770300369423,12.460549356030397,393.0770300369423,103.8600007146,396.8561116107908,103.8600007146,160754680.81721115,2,3,0.9999998956850354,L,"{""B"": 16691.517135725797, ""L"": -199.99999998122914, ""u1"": 0.0060455311718554}",23.148464579093627,24.26192187790332,66.8089259881259,67.9223832869356
expanded,primary,NGC2903,34,k1_L_Q,logsvt,4,386.11134035536185,12.870378011845395,395.4906507001894,106.27362137784712,400.2167824538265,107.22067155763574,507583844.98446405,2,4,0.9999896266073877,,"{""B"": 0.0019170295327315047, ""L"": 1.8157439403705684, ""Q"": 1.2110918629750687, ""u1"": 0.012889710335802365}",25.562085242340743,27.622592720939053,69.22254665137302,71.28305412997133
expanded,primary,NGC2903,34,k2,logsvt,2,321.8810072746276,10.058781477332113,326.26810404882116,37.05107472647887,328.93372832385995,35.93761742766918,8.983855905001315,2,2,0.9044695233165173,,"{""B"": 0.1875872767758391, ""u2"": 15.500033719055061}",-43.660461409027505,-43.660461409027505,4.774847184307873e-12,4.774847184307873e-12
expanded,primary,NGC2903,34,k2_Q,logsvt,3,295.1690461291961,9.521582133199875,301.9690461291961,12.752016806853817,305.7481277030446,12.752016806853817,40.86444286337207,3,3,0.9753478508200575,,"{""B"": 0.23844265778686902, ""Q"": 0.25261600115742616, ""u2"": 9.939017001487787}",-67.95951932865256,-66.84606202984287,-24.29905791962028,-23.18560062081059
expanded,primary,NGC2903,34,k2_L,logsvt,3,282.4170293223423,9.110226752333622,289.2170293223423,0.0,292.99611089619077,0.0,30.585721806204646,3,3,0.9846346641258007,,"{""B"": 0.3058328593319122, ""L"": -0.5008456036549389, ""u2"": 9.881393123014616}",-80.71153613550638,-79.59807883669669,-37.0510747264741,-35.93761742766441
expanded,primary,NGC2903,34,k2_L_Q,logsvt,4,282.41702932557416,9.41390097751914,291.7963396704017,2.579310348059437,296.5224714240388,3.5263605278480554,,3,3,0.9846346634565926,,"{""B"": 0.3058328684128755, ""L"": -0.5008456410648471, ""Q"": 8.38293987411276e-11, ""u2"": 9.8813928967224}",-78.13222578744694,-76.07171830884863,-34.47176437841466,-32.41125689981635
expanded,primary,NGC2903,34,k12,logsvt,3,321.8810072756099,10.383258299213221,328.6810072756099,39.4639779532676,332.4600888494584,39.4639779532676,,2,2,0.9044695264697888,,"{""B"": 0.18758728652706683, ""u1"": 3.918646973120436e-11, ""u2"": 15.500030682526475}",-41.24755818223878,-40.134100883429085,2.412903226793503,3.526360525603195
expanded,primary,NGC2903,34,k12_Q,logsvt,4,295.1690461298754,9.83896820432918,304.548356474703,15.3313271523607,309.2744882283401,16.27837733214932,1.6530656112731792e+17,3,3,1.0,logu1,"{""B"": 0.23844265043569218, ""Q"": 0.25261598178420874, ""u1"": 3.7753678981019206e-11, ""u2"": 9.939017713521633}",-65.38020898314568,-63.31970150454737,-21.7197475741134,-19.659240095515088
expanded,primary,NGC2903,34,k12_L,logsvt,4,282.41702932280594,9.413900977426865,291.7963396676335,2.579310345291219,296.5224714212706,3.5263605250798378,1.601287205599775e+17,3,3,0.9846346650656903,logu1,"{""B"": 0.3058328681233615, ""L"": -0.50084563721153, ""u1"": 3.77519842663905e-11, ""u2"": 9.88139286829096}",-78.13222579021516,-76.07171831161685,-34.47176438118288,-32.41125690258457
expanded,primary,NGC2903,34,k12_L_Q,logsvt,5,282.41702935419,9.738518253592758,294.55988649704716,5.342857174704875,300.0488319772708,7.052721081080051,10841308799.319553,3,5,0.9996222116740255,,"{""B"": 0.3058328663306969, ""L"": -0.5008456292445418, ""Q"": 5.682353188396676e-10, ""u1"": 8.093422427757616e-10, ""u2"": 9.881392895239529}",-75.3686789608015,-72.54535775561664,-31.708217551769224,-28.884896346584355
expanded,primary,NGC2903,34,C,logsvt,1,1840.9909779555283,55.787605392591765,1843.1159779555283,1553.898948633186,1844.5173384801444,1551.5212275839535,1.0,1,1,0.0,,"{""C"": 0.5130070873709104}",1473.1874124976796,1471.923148747257,1516.8478739067118,1515.5836101562893
expanded,primary,NGC2903,34,C_Q,logsvt,2,1840.990978045478,57.530968063921186,1845.3780748196716,1556.1610454973293,1848.0436990947103,1555.0475881985194,3309948741.8351245,1,2,1.0,logQ,"{""C"": 0.5130070866432159, ""Q"": 3.7751345473618396e-11}",1475.449509361823,1475.449509361823,1519.1099707708552,1519.1099707708552
expanded,primary,NGC2903,34,C_L,logsvt,2,923.3404031981315,28.85438759994161,927.7274999723251,638.5104706499828,930.3931242473639,637.3970133511731,6.551065226303138,2,2,0.9215264267620776,,"{""C"": 0.21471777884095558, ""L"": 0.6811482566182399}",557.7989345144764,557.7989345144764,601.4593959235087,601.4593959235087
expanded,primary,NGC2903,34,C_L_Q,logsvt,3,386.1113402222624,12.455204523298788,392.9113402222624,103.69431089992014,396.6904217961109,103.69431089992014,,2,2,0.9348942852226373,logC,"{""C"": 3.775136313357344e-11, ""L"": 1.8157933627122824, ""Q"": 1.2110924982212623}",22.98277476441376,24.096232063223454,66.64323617344604,67.75669347225573
expanded,primary,NGC2903,34,C_k1,logsvt,3,483.704331535992,15.603365533419097,490.50433153599204,201.28730221364975,494.2834131098405,201.28730221364975,14699340940.176018,2,3,0.9994267884686923,logC,"{""B"": 0.5466284061582345, ""C"": 3.7751347410990834e-11, ""u1"": 2.24833724887673}",120.57576607814337,121.68922337695307,164.23622748717565,165.34968478598535
expanded,primary,NGC2903,34,C_k1_Q,logsvt,4,386.1113407230454,12.870378024101512,395.49065106787293,106.27362174553065,400.21678282151004,107.22067192531927,23056463180.675076,2,4,0.9999999651758323,,"{""B"": 8579.319118686126, ""C"": 7.176381052455822e-11, ""Q"": 1.2109003518996941, ""u1"": 0.00010582386162765705}",25.56208561002427,27.62259308862258,69.22254701905655,71.28305449765486
expanded,primary,NGC2903,34,C_k1_L,logsvt,4,386.2770300857382,12.87590100285794,395.65634043056576,106.43931110822348,400.38247218420287,107.3863612880121,,2,3,0.99999989571814,logC;L,"{""B"": 16691.517701220342, ""C"": 3.775140653108057e-11, ""L"": -199.99999999955904, ""u1"": 0.006045530966935748}",25.7277749727171,27.78828245131541,69.38823638174938,71.44874386034769
expanded,primary,NGC2903,34,C_k1_L_Q,logsvt,5,386.1113404351336,13.314184152935642,398.2541975779908,109.03716825564851,403.74314305821446,110.74703216202369,,2,4,0.9999789371080884,,"{""B"": 0.000658461487196445, ""C"": 4.873934633396529e-11, ""L"": 1.8157683558151292, ""Q"": 1.211092029053851, ""u1"": 0.018988291759969526}",28.32563212014213,31.148953325327,71.98609352917441,74.80941473435928
expanded,primary,NGC2903,34,C_k2,logsvt,3,321.88100731412663,10.383258300455697,328.68100731412665,39.46397799178436,332.46008888797513,39.46397799178436,,2,2,0.9044695142121281,logC,"{""B"": 0.1875872692458574, ""C"": 3.7751345731999906e-11, ""u2"": 15.500036233706252}",-41.24755814372202,-40.134100844912325,2.4129032653102627,3.5263605641199547
expanded,primary,NGC2903,34,C_k2_Q,logsvt,4,295.1690461650809,9.838968205502697,304.54835650990844,15.33132718756616,309.27448826354555,16.27837736735478,,3,3,0.9753478507080345,logC,"{""B"": 0.23844264239862156, ""C"": 3.7751345516277587e-11, ""Q"": 0.2526159451334407, ""u2"": 9.93901827075593}",-65.38020894794022,-63.31970146934191,-21.71974753890794,-19.659240060309628
expanded,primary,NGC2903,34,C_k2_L,logsvt,4,282.4170293530066,9.413900978433555,291.7963396978342,2.5793103754919002,296.5224714514713,3.526360555280519,16295306762.625635,3,4,0.9986129377881171,logC,"{""B"": 0.3058328645607098, ""C"": 3.775134942345875e-11, ""L"": -0.5008456245191306, ""u2"": 9.881392969333955}",-78.13222576001448,-76.07171828141617,-34.4717643509822,-32.41125687238389
expanded,primary,NGC2903,34,C_k2_L_Q,logsvt,5,282.41702935446824,9.738518253602352,294.5598864973254,5.3428571749831235,300.04883197754907,7.0527210813583,,3,4,0.9979159784520526,logC;logQ,"{""B"": 0.3058328707530155, ""C"": 3.775181698064282e-11, ""L"": -0.5008456501342686, ""Q"": 3.78942146480991e-11, ""u2"": 9.881392808660165}",-75.36867896052325,-72.54535775533839,-31.708217551490975,-28.884896346306107
expanded,primary,NGC2903,34,C_k12,logsvt,4,321.88100735200044,10.729366911733347,331.260317696828,42.04328837448571,335.9864494504651,42.99033855427433,,2,3,0.9997366612347858,,"{""B"": 0.1875872696693049, ""C"": 6.263983635110742e-11, ""u1"": 4.858909770884456e-10, ""u2"": 15.500036106166943}",-38.668247761020666,-36.607740282422355,4.992213648011614,7.052721126609924
expanded,primary,NGC2903,34,C_k12_Q,logsvt,5,295.1690461657613,10.178242971233148,307.31190330861847,18.094873986276184,312.80084878884213,19.80473789265136,,3,3,0.9753478613728107,logC;logu1,"{""B"": 0.23844264755883776, ""C"": 3.7751346813762793e-11, ""Q"": 0.25261596659460694, ""u1"": 3.775228514024183e-11, ""u2"": 9.939017889224594}",-62.616662149230194,-59.793340944045326,-18.956200740197914,-16.132879535013046
expanded,primary,NGC2903,34,C_k12_L,logsvt,5,282.4170293679584,9.73851825406753,294.55988651081555,5.3428571884732605,300.0488319910392,7.052721094848437,8.046117029651473e+18,3,4,1.0,,"{""B"": 0.30583286811826726, ""C"": 5.4671844488525104e-11, ""L"": -0.5008456373427932, ""u1"": 9.832915233130218e-11, ""u2"": 9.881392856164277}",-75.36867894703312,-72.54535774184825,-31.708217538000838,-28.88489633281597
expanded,primary,NGC2903,34,C_k12_L_Q,logsvt,6,282.41702948769006,10.086322481703217,297.52814059880114,8.31111127645886,303.575192635387,10.579081739196226,6496380244.098537,3,6,0.997417959603149,,"{""B"": 0.30583286115805414, ""C"": 1.5251671874233505e-10, ""L"": -0.5008456099049965, ""Q"": 7.79855207238611e-10, ""u1"": 9.278750325422826e-10, ""u2"": 9.881393047999088}",-72.40042485904752,-69.01899709750046,-28.73996345001524,-25.35853568846818
expanded,primary,NGC2903,34,cored_log,cored_log,2,321.88100727462285,10.058781477331964,326.2681040488164,37.0510747264741,328.9337283238552,35.93761742766441,5.336566011254815,2,2,0.9044695121118733,,"{""H"": 0.7503490624609572, ""Rc"": 0.25399994700731265}",-43.66046140903228,-43.66046140903228,0.0,0.0
expanded,primary,NGC2903,34,pISO,piso,2,365.5414686836551,11.423170896364223,369.92856545784866,80.71153613550638,372.59418973288746,79.59807883669669,7.277883088387751,2,2,0.9460456915763493,,"{""H"": 0.9179944992013174, ""Rc"": 0.1375767844788792}",0.0,0.0,43.66046140903228,43.66046140903228
expanded,primary,NGC2903,34,NFW,nfw,2,456.39372114351664,14.262303785734895,460.7808179177102,171.5637885953679,463.446442192749,170.4503312965582,10.125540126141887,2,2,0.9751362901030249,,"{""V200"": 0.7274925922365217, ""c"": 9.877314702449846}",90.85225245986152,90.85225245986152,134.5127138688938,134.5127138688938
expanded,primary,NGC2976,27,baryons,logsvt,0,447.0896519431511,16.558875997894486,447.0896519431511,435.2468831898834,447.0896519431511,433.1552094578748,,0,0,,,{},435.2067154115463,433.1150416795377,435.2468831898834,433.1552094578748
expanded,primary,NGC2976,27,Q,logsvt,1,447.08965196069755,17.195755844642214,449.2496519606976,437.40688320742987,450.3854888267019,436.4510463414255,,0,0,0.0,logQ,"{""Q"": 3.775134544648678e-11}",437.3667154290928,436.41087856308843,437.40688320742987,436.4510463414255
expanded,primary,NGC2976,27,L,logsvt,1,47.155425341275546,1.8136702054336749,49.31542534127554,37.47265658800786,50.451262207279875,36.51681972200353,1.0,1,1,0.0,,"{""L"": 1.0969624820848103}",37.43248880967073,36.47665194366641,37.47265658800786,36.51681972200353
expanded,primary,NGC2976,27,L_Q,logsvt,2,47.15542534284778,1.8862170137139112,51.65542534284778,39.812656589580094,53.747099074856436,39.812656589580094,1650476102.6660948,1,2,1.0,logQ,"{""L"": 1.096962481692908, ""Q"": 3.7751414007430965e-11}",39.772488811242965,39.772488811242965,39.812656589580094,39.812656589580094
expanded,primary,NGC2976,27,k1,logsvt,2,47.155446177047835,1.8862178470819133,51.655446177047835,39.81267742378015,53.747119909056494,39.81267742378015,19872277.780168816,2,2,1.0,logB,"{""B"": 1202604.2841647747, ""u1"": 4.5607797983703565e-07}",39.77250964544302,39.77250964544302,39.81267742378015,39.81267742378015
expanded,primary,NGC2976,27,k1_Q,logsvt,3,47.15544617862006,1.9648102574425026,54.19892443948962,42.35615568622194,57.04295677663305,43.108514291356705,,2,2,1.0,logB;logQ,"{""B"": 1202604.284164764, ""Q"": 3.775138981359109e-11, ""u1"": 4.5607797931230414e-07}",42.31598790788482,43.06834651301958,42.35615568622194,43.108514291356705
expanded,primary,NGC2976,27,k1_L,logsvt,3,47.15542536768937,1.9648093903203903,54.19890362855893,42.35613487529125,57.042935965702355,43.10849348042601,371172937.14914757,1,3,1.0,,"{""B"": 0.005392204990451074, ""L"": 1.096959872054514, ""u1"": 0.00024253853771119769}",42.315967096954125,43.068325702088885,42.35613487529125,43.10849348042601
expanded,primary,NGC2976,27,k1_L_Q,logsvt,4,47.15542534286539,2.0502358844724085,56.97360716104721,45.13083840777953,60.33877280688271,46.404330321606366,,1,1,0.0,,"{""B"": 1.3251423457822222e-07, ""L"": 1.0969623057451219, ""Q"": 3.79788089117616e-11, ""u1"": 2.283819500342482e-08}",45.0906706294424,46.364162543269245,45.13083840777953,46.404330321606366
expanded,primary,NGC2976,27,k2,logsvt,2,7.342768753267688,0.2937107501307075,11.842768753267688,3.552713678800501e-15,13.934442485276346,3.552713678800501e-15,15.538943005329834,2,2,0.9913793294156125,,"{""B"": 1.0460735103910865, ""u2"": 0.6723558276684356}",-0.04016777833712126,-0.04016777833712126,3.552713678800501e-15,3.552713678800501e-15
expanded,primary,NGC2976,27,k2_Q,logsvt,3,7.231790739629292,0.3013246141512205,14.275269000498858,2.4325002472311734,17.11930133764228,3.184858852365938,37880.11861865693,3,3,0.9999877664195129,,"{""B"": 184.9556107999147, ""Q"": 26.419240730158528, ""u2"": 0.03937056864198426}",2.3923324688940486,3.144691074028813,2.4325002472311734,3.184858852365938
expanded,primary,NGC2976,27,k2_L,logsvt,3,6.560331078723764,0.27334712828015684,13.603809339593328,1.7610405863256435,16.44784167673675,2.513399191460408,18.61708065634237,3,3,0.847277301900327,,"{""B"": 0.9269733444170488, ""L"": -0.2553565143918098, ""u2"": 1.0112086654851922}",1.7208728079885187,2.4732314131232833,1.7610405863256435,2.513399191460408
expanded,primary,NGC2976,27,k2_L_Q,logsvt,4,6.560331078729196,0.2852317860317042,16.378512896911012,4.535744143643328,19.743678542746512,5.809236057470169,,3,3,0.8472773394409385,,"{""B"": 0.9269734248762781, ""L"": -0.25535644993019224, ""Q"": 4.390685582827713e-11, ""u2"": 1.0112084882393577}",4.495576365306203,5.7690682791330445,4.535744143643328,5.809236057470169
expanded,primary,NGC2976,27,k12,logsvt,3,7.342768753778532,0.3059486980741055,14.386247014648097,2.5434782613804128,17.23027935179152,3.2958368665151774,,2,2,0.991379328973437,logu1,"{""B"": 1.0460734662045925, ""u1"": 3.775134544279111e-11, ""u2"": 0.6723558621822923}",2.503310483043288,3.2556690881780526,2.5434782613804128,3.2958368665151774
expanded,primary,NGC2976,27,k12_Q,logsvt,4,7.231790808716392,0.3144256873354953,17.04997262689821,5.207203873630526,20.415138272733707,6.480695787457364,5404871768.797234,3,4,1.0,logu1,"{""B"": 184.82011443757762, ""Q"": 26.40878691266992, ""u1"": 3.775134544405747e-11, ""u2"": 0.03938529586858078}",5.167036095293401,6.440528009120239,5.207203873630526,6.480695787457364
expanded,primary,NGC2976,27,k12_L,logsvt,4,6.400632321105854,0.27828836178721106,16.21881413928767,4.376045386019985,19.58397978512317,5.649537299846827,51813.264800403755,4,4,0.9999777428366821,,"{""B"": 9.005037411717367, ""L"": -7.666226174673272, ""u1"": 0.4067754034301699, ""u2"": 0.2144851735645767}",4.3358776076828605,5.609369521509702,4.376045386019985,5.649537299846827
expanded,primary,NGC2976,27,k12_L_Q,logsvt,5,6.400632321111142,0.2909378327777792,19.257775178254,7.415006424986316,22.87981665113279,8.945374165856446,,4,4,0.999977742631403,,"{""B"": 9.005078582352613, ""L"": -7.666257159003783, ""Q"": 1.1477618841616392e-10, ""u1"": 0.4067752631166297, ""u2"": 0.21448452119319605}",7.3748386466491915,8.905206387519321,7.415006424986316,8.945374165856446
expanded,primary,NGC2976,27,C,logsvt,1,246.91566989199822,9.496756534307623,249.07566989199822,237.23290113873054,250.21150675800254,236.2770642727262,1.0,1,1,0.0,,"{""C"": 0.2699729484592957}",237.19273336039342,236.23689649438907,237.23290113873054,236.2770642727262
expanded,primary,NGC2976,27,C_Q,logsvt,2,246.91566990045965,9.876626796018385,251.41566990045965,239.57290114719197,253.5073436324683,239.57290114719194,2133009502.574816,1,2,1.0,logQ,"{""C"": 0.2699729350838686, ""Q"": 3.7751345509202504e-11}",239.53273336885485,239.53273336885482,239.57290114719197,239.57290114719194
expanded,primary,NGC2976,27,C_L,logsvt,2,47.15542535538852,1.886217014215541,51.65542535538852,39.81265660212084,53.74709908739718,39.81265660212084,12961593566.130987,1,2,1.0,logC,"{""C"": 3.775134544279111e-11, ""L"": 1.0969624826309037}",39.77248882378372,39.77248882378372,39.81265660212084,39.81265660212084
expanded,primary,NGC2976,27,C_L_Q,logsvt,3,47.15542535696075,1.9648093898733645,54.19890361783031,42.35613486456263,57.042935954973736,43.10849346969739,,1,2,1.0,logC;logQ,"{""C"": 3.775134544279111e-11, ""L"": 1.0969624843156167, ""Q"": 3.775134544279111e-11}",42.3159670862255,43.06832569136027,42.35613486456263,43.10849346969739
expanded,primary,NGC2976,27,C_k1,logsvt,3,47.15544619116082,1.9648102579650342,54.19892445203038,42.3561556987627,57.04295678917381,43.108514303897465,10158832972.788967,2,3,1.0,logC;logB,"{""B"": 1202604.28414153, ""C"": 3.775134544279111e-11, ""u1"": 4.5607797967910604e-07}",42.31598792042557,43.068346525560344,42.3561556987627,43.108514303897465
expanded,primary,NGC2976,27,C_k1_Q,logsvt,4,47.15544619273542,2.0502367909884964,56.97362801091724,45.130859257649554,60.338793656752735,46.40435117147639,4018405913.777314,2,4,1.0,logC;logB;logQ,"{""B"": 1202604.284019676, ""C"": 3.775700461485388e-11, ""Q"": 3.7757509292859816e-11, ""u1"": 4.560779798250332e-07}",45.090691479312426,46.36418339313927,45.130859257649554,46.40435117147639
expanded,primary,NGC2976,27,C_k1_L,logsvt,4,47.155425355388566,2.0502358850168942,56.973607173570386,45.1308384203027,60.33877281940588,46.40433033412954,,1,2,1.0,logC,"{""B"": 5.150150006615465e-10, ""C"": 3.775134544312346e-11, ""L"": 1.096962487729313, ""u1"": 8.011174553580588e-08}",45.09067064196557,46.36416255579242,45.1308384203027,46.40433033412954
expanded,primary,NGC2976,27,C_k1_L_Q,logsvt,5,47.155425357020896,2.1434284253191316,60.01256821416375,48.169799460896066,63.63460968704254,49.7001672017662,,1,2,1.0,logC,"{""B"": 2.6057442703498944e-10, ""C"": 3.7751345743374065e-11, ""L"": 1.0969624883376174, ""Q"": 3.9195276814281323e-11, ""u1"": 7.679293726954061e-11}",48.12963168255894,49.65999942342907,48.169799460896066,49.7001672017662
expanded,primary,NGC2976,27,C_k2,logsvt,3,7.342768757302333,0.30594869822093057,14.386247018171899,2.5434782649042145,17.23027935531532,3.295836870038979,18985578263.493576,2,3,0.9990768439873371,logC,"{""B"": 1.0460734736974957, ""C"": 3.775135630736631e-11, ""u2"": 0.6723558567016813}",2.5033104865670897,3.2556690917018543,2.5434782649042145,3.295836870038979
expanded,primary,NGC2976,27,C_k2_Q,logsvt,4,7.231790743641032,0.3144256845061318,17.049972561822848,5.207203808555164,20.415138207658348,6.480695722382006,135585878770.75613,3,4,1.0,,"{""B"": 185.01815737632933, ""C"": 4.381733507496886e-11, ""Q"": 26.424064731100316, ""u2"": 0.03936377548909777}",5.167036030218039,6.440527944044881,5.207203808555164,6.480695722382006
expanded,primary,NGC2976,27,C_k2_L,logsvt,4,6.560331079883057,0.28523178608187205,16.378512898064873,4.535744144797189,19.743678543900373,5.80923605862403,10912637378.75125,3,4,0.9685908380582482,logC,"{""B"": 0.926973314017113, ""C"": 3.775134544907167e-11, ""L"": -0.2553565418828094, ""u2"": 1.0112087361091266}",4.495576366460064,5.7690682802869055,4.535744144797189,5.80923605862403
expanded,primary,NGC2976,27,C_k2_L_Q,logsvt,5,6.560331081012939,0.29819686731877,19.417473938155798,7.5747051848881135,23.039515411034586,9.105072925758243,2411769851.3933735,3,5,0.9927076721070472,,"{""B"": 0.926973343049608, ""C"": 7.038431340178726e-11, ""L"": -0.2553565229906747, ""Q"": 1.0603014467305173e-09, ""u2"": 1.011208676337245}",7.534537406550989,9.064905147421118,7.5747051848881135,9.105072925758243
expanded,primary,NGC2976,27,C_k12,logsvt,4,7.342768757813179,0.3192508155570947,17.160950575994995,5.318181822727311,20.526116221830495,6.591673736554153,5246742881.527143,2,4,1.0,logC;logu1,"{""B"": 1.0460734833037977, ""C"": 3.775138903651983e-11, ""u1"": 3.7751345447165696e-11, ""u2"": 0.6723558486145161}",5.278014044390186,6.551505958217028,5.318181822727311,6.591673736554153
expanded,primary,NGC2976,27,C_k12_Q,logsvt,5,7.231790812611123,0.32871776420959653,20.08893366975398,8.246164916486297,23.71097514263277,9.776532657356427,138875299860.7645,3,5,1.0,logC;logu1,"{""B"": 184.7882167800171, ""C"": 3.779286466768466e-11, ""Q"": 26.40632578951639, ""u1"": 3.776626450480216e-11, ""u2"": 0.03938876581524566}",8.205997138149172,9.736364879019302,8.246164916486297,9.776532657356427
expanded,primary,NGC2976,27,C_k12_L,logsvt,5,6.400632525571115,0.2909378420714143,19.257775382713973,7.415006629446289,22.87981685559276,8.945374370316419,886410169.7845974,4,5,1.0,,"{""B"": 9.004880959659365, ""C"": 8.696305051443775e-09, ""L"": -7.6661108710434425, ""u1"": 0.40677605491668317, ""u2"": 0.21448774854696123}",7.374838851109164,8.905206591979294,7.415006629446289,8.945374370316419
expanded,primary,NGC2976,27,C_k12_L_Q,logsvt,6,6.400632333702406,0.30479201589059074,22.600632333702404,10.75786358043472,26.17565352972838,12.241211044452037,6798957828.832954,4,6,1.0,,"{""B"": 9.004896262756038, ""C"": 3.9854369627701453e-10, ""L"": -7.666120378466444, ""Q"": 7.271182141449219e-08, ""u1"": 0.4067759056345042, ""u2"": 0.21448743204956816}",10.717695802097595,12.201043266114912,10.75786358043472,12.241211044452037
expanded,primary,NGC2976,27,cored_log,cored_log,2,7.342768753267684,0.29371075013070735,11.842768753267684,0.0,13.934442485276342,0.0,17.01995006481404,2,2,0.9913793304048913,,"{""H"": 4.184293914209553, ""Rc"": 1.2195522313194822}",-0.040167778337124815,-0.040167778337124815,0.0,0.0
expanded,primary,NGC2976,27,pISO,piso,2,7.38293653160481,0.2953174612641924,11.882936531604809,0.040167778337124815,13.974610263613467,0.040167778337124815,18.559468848558275,2,2,0.9927313284033317,,"{""H"": 6.915742480116737, ""Rc"": 0.9020415132450731}",0.0,0.0,0.040167778337124815,0.040167778337124815
expanded,primary,NGC2976,27,NFW,nfw,2,47.27568715353071,1.8910274861412284,51.77568715353071,39.93291840026303,53.86736088553937,39.93291840026303,8.717554392728536,2,2,0.9682131282195592,,"{""V200"": 14.252870864193007, ""c"": 0.8331360407120082}",39.8927506219259,39.8927506219259,39.93291840026303,39.93291840026303
expanded,primary,NGC3198,43,baryons,logsvt,0,32639.323228439484,759.0540285683601,32639.323228439484,32602.594963437597,32639.323228439484,32599.37256320621,,0,0,,,{},32585.130895737613,32581.908495506224,32602.594963437597,32599.37256320621
expanded,primary,NGC3198,43,Q,logsvt,1,32639.323230026348,777.126743572056,32641.420791001958,32604.69252600007,32643.08443014204,32603.133764908765,1.0,1,1,0.0,logQ,"{""Q"": 3.7751345444955534e-11}",32587.228458300087,32585.66969720878,32604.69252600007,32603.133764908765
expanded,primary,NGC3198,43,L,logsvt,1,3998.0129798064686,95.19078523348735,4000.1105407820783,3963.3822757801913,4001.774179922162,3961.8235146888883,1.0,1,1,0.0,,"{""L"": 1.4306011006589097}",3945.918208080208,3944.3594469889044,3963.3822757801913,3961.8235146888883
expanded,primary,NGC3198,43,L_Q,logsvt,2,463.4819976876572,11.30443896799164,467.7819976876572,431.05373268577034,471.0043979190443,431.05373268577034,7.71171559398627,2,2,0.9494934714203321,,"{""L"": 3.1515841461854874, ""Q"": 2.578279798008181}",413.58966498578684,413.5896649857868,431.05373268577034,431.0537326857703
expanded,primary,NGC3198,43,k1,logsvt,2,101.01649356854982,2.4638169163060932,105.31649356854982,68.58822856666295,108.53889379993694,68.58822856666295,7.038069941936183,2,2,0.8986705417519719,,"{""B"": 0.51295684397061, ""u1"": 6.157674049069167}",51.12416086667941,51.12416086667941,68.58822856666292,68.58822856666292
expanded,primary,NGC3198,43,k1_Q,logsvt,3,64.55261806565741,1.6138154516414354,71.16800268104203,34.43973767915516,75.8362184127381,35.88555317946411,35.22421990079848,3,3,0.9789972870854159,,"{""B"": 0.6592497694981365, ""Q"": 0.2697127391210111, ""u1"": 4.009226043666059}",16.97566997917162,18.421485479480573,34.43973767915513,35.88555317946408
expanded,primary,NGC3198,43,k1_L,logsvt,3,57.10550808418652,1.427637702104663,63.72089269957113,26.992627697684263,68.3891084312672,28.43844319799321,46.63258789242182,3,3,0.9911923149508721,,"{""B"": 0.920207090336052, ""L"": -0.5984255856403519, ""u1"": 3.061662603675995}",9.528559997700725,10.974375498009671,26.992627697684235,28.43844319799318
expanded,primary,NGC3198,43,k1_L_Q,logsvt,4,57.10550808509861,1.4642437970538107,66.15813966404599,29.429874662159122,72.15030854787287,32.19964331459887,,3,3,0.9911923196563434,,"{""B"": 0.920207759491717, ""L"": -0.5984264043267031, ""Q"": 3.811121742767577e-11, ""u1"": 3.0616601733171933}",11.965806962175584,14.735575614615335,29.429874662159094,32.199643314598845
expanded,primary,NGC3198,43,k2,logsvt,2,32.42826500188687,0.7909332927289481,36.72826500188687,0.0,39.950665233273995,0.0,5.762382239005056,2,2,0.6956506236304929,,"{""B"": 0.21138761013823448, ""u2"": 64.28206476615445}",-17.464067699983538,-17.464067699983538,-2.842170943040401e-14,-2.842170943040401e-14
expanded,primary,NGC3198,43,k2_Q,logsvt,3,32.23476477565182,0.8058691193912955,38.85014939103643,2.121884389149564,43.518365122732504,3.5676998894585097,323.51896231571214,3,3,0.8923958466325544,,"{""B"": 0.21323315249297708, ""Q"": 0.013911036599453466, ""u2"": 62.99676921820478}",-15.342183310833974,-13.896367810525028,2.1218843891495354,3.5676998894584813
expanded,primary,NGC3198,43,k2_L,logsvt,3,32.1144103913215,0.8028602597830374,38.72979500670611,2.0015300048192444,43.398010738402185,3.4473455051281903,14.545482922497108,3,3,0.9654564121349456,,"{""B"": 0.21580763513618448, ""L"": -0.024391097366149424, ""u2"": 62.21433010147327}",-15.462537695164293,-14.016722194855348,2.001530004819216,3.447345505128162
expanded,primary,NGC3198,43,k2_L_Q,logsvt,4,32.11441039283393,0.8234464203290752,41.1670419717813,4.438776969894434,47.15921085560818,7.208545622334185,3955831693.179794,3,4,0.9806241654587954,,"{""B"": 0.21580763459741767, ""L"": -0.02439109434006468, ""Q"": 2.1200514273881653e-10, ""u2"": 62.214330310406794}",-13.025290730089104,-10.255522077649353,4.4387769698944055,7.208545622334157
expanded,primary,NGC3198,43,k12,logsvt,3,31.547459855533955,0.7886864963883489,38.16284447091857,1.4345794690317035,42.831060202614644,2.8803949693406494,163.60155589928723,3,3,0.8227519662369261,,"{""B"": 0.2141582109686853, ""u1"": 0.9653135911627562, ""u2"": 63.157774337040934}",-16.029488230951834,-14.583672730642888,1.434579469031675,2.880394969340621
expanded,primary,NGC3198,43,k12_Q,logsvt,4,30.080146548185578,0.7712858089278354,39.13277812713295,2.4045131252460834,45.12494701095983,5.1742817776858345,155.07609135007908,4,4,0.9588333578715326,,"{""B"": 0.22384813436458328, ""Q"": 0.048907899640135255, ""u1"": 1.8368131276852075, ""u2"": 57.273299747680355}",-15.059554574737454,-12.289785922297703,2.404513125246055,5.174281777685806
expanded,primary,NGC3198,43,k12_L,logsvt,4,28.87009785332441,0.7402589193160105,37.92272943227178,1.1944644303849117,43.91489831609866,3.964233082824663,110.48077721885593,4,4,0.9791654885373384,,"{""B"": 0.23961962896473235, ""L"": -0.10575180902460594, ""u1"": 2.3961438858068074, ""u2"": 52.17676641978646}",-16.269603269598626,-13.499834617158875,1.1944644303848833,3.9642330828246344
expanded,primary,NGC3198,43,k12_L_Q,logsvt,5,28.870097863784526,0.7597394174680139,40.49171948540614,3.7634544835192756,47.67609844225234,7.725433208978345,2407639342.5087223,4,5,0.9922204582900478,,"{""B"": 0.23961962431951916, ""L"": -0.10575178457317626, ""Q"": 5.233757206254225e-10, ""u1"": 2.3961441091456424, ""u2"": 52.17676848924615}",-13.700613216464262,-9.738634491005193,3.763454483519247,7.725433208978316
expanded,primary,NGC3198,43,C,logsvt,1,1747.3091124396692,41.60259791523022,1749.4066734152789,1712.678408413392,1751.0703125553628,1711.1196473220887,1.0,1,1,0.0,,"{""C"": 0.6238477484630841}",1695.2143407134085,1693.6555796221053,1712.678408413392,1711.1196473220887
expanded,primary,NGC3198,43,C_Q,logsvt,2,1747.3091125784363,42.617295428742345,1751.6091125784362,1714.8808475765493,1754.8315128098234,1714.8808475765493,3534519733.2484474,1,2,1.0,logQ,"{""C"": 0.6238477464097452, ""Q"": 3.775134596584783e-11}",1697.416779876566,1697.416779876566,1714.8808475765493,1714.8808475765493
expanded,primary,NGC3198,43,C_L,logsvt,2,507.7970211742363,12.385293199371617,512.0970211742363,475.3687561723494,515.3194214056234,475.36875617234944,2.8979847551340407,2,2,0.786664584087112,,"{""C"": 0.4056993409532702, ""L"": 0.5924135204518566}",457.9046884723659,457.9046884723659,475.3687561723494,475.3687561723494
expanded,primary,NGC3198,43,C_L_Q,logsvt,3,181.39512891295084,4.534878222823771,188.01051352833545,151.2822485264486,192.67872926003153,152.72806402675752,15.679847134054725,3,3,0.9769029842391579,,"{""C"": 0.21068867693105311, ""L"": 1.9700064095065617, ""Q"": 1.4630259068422014}",133.81818082646504,135.263996326774,151.28224852644854,152.72806402675752
expanded,primary,NGC3198,43,C_k1,logsvt,3,101.01649357981991,2.5254123394954977,107.63187819520452,70.90361319331765,112.3000939269006,72.3494286936266,57400521400.8392,2,3,0.9993224234972011,logC,"{""B"": 0.5129568446604428, ""C"": 3.775134550012769e-11, ""u1"": 6.157674031053222}",53.439545493334116,54.88536099364307,70.90361319331763,72.34942869362658
expanded,primary,NGC3198,43,C_k1_Q,logsvt,4,64.55261807464247,1.6551953352472428,73.60524965358984,36.87698465170297,79.59741853741671,39.64675330414272,67001185510.00087,3,4,0.9939124200374747,logC,"{""B"": 0.6592497716561211, ""C"": 3.775134544279111e-11, ""Q"": 0.26971274093313696, ""u1"": 4.009226020912198}",19.41291695171943,22.182685604159182,36.87698465170294,39.64675330414269
expanded,primary,NGC3198,43,C_k1_L,logsvt,4,57.10550809311935,1.4642437972594704,66.15813967206671,29.429874670179842,72.1503085558936,32.19964332261961,,3,3,0.9911923149993821,logC,"{""B"": 0.9202071089659668, ""C"": 3.77513519331493e-11, ""L"": -0.5984256066171063, ""u1"": 3.0616625304137464}",11.965806970196304,14.73557562263607,29.429874670179814,32.19964332261958
expanded,primary,NGC3198,43,C_k1_L_Q,logsvt,5,57.10550809474483,1.5027765288090744,68.72712971636646,31.998864714479595,75.91150867321264,35.96084343993864,,3,4,0.9998714913973135,logC,"{""B"": 0.9202071785516864, ""C"": 3.775139932078009e-11, ""L"": -0.5984256931657701, ""Q"": 7.20768408565587e-11, ""u1"": 3.0616622775031996}",14.534797014496057,18.496775739955105,31.998864714479566,35.960843439938614
expanded,primary,NGC3198,43,C_k2,logsvt,3,31.032946169008373,0.7758236542252093,37.64833078439298,0.9200657825061143,42.31654651608906,2.3658812828150673,111.8025765414835,3,3,0.9467902827413075,,"{""B"": 0.2037825637564885, ""C"": 0.03316944121770273, ""u2"": 58.92470457295049}",-16.544001917477424,-15.09818641716847,0.9200657825060858,2.365881282815039
expanded,primary,NGC3198,43,C_k2_Q,logsvt,4,30.3513937100167,0.7782408643594027,39.40402528896407,2.6757602870772033,45.39619417279095,5.445528939516954,167.44785197880157,4,4,0.8220986863613536,,"{""B"": 0.20594713234734568, ""C"": 0.03996899679837728, ""Q"": 0.02762163445300749, ""u2"": 55.58198363472428}",-14.788307412906335,-12.018538760466583,2.675760287077175,5.445528939516926
expanded,primary,NGC3198,43,C_k2_L,logsvt,4,29.785195167308785,0.7637229530079176,38.837826746256155,2.1095617443692873,44.82999563008303,4.8793303968090385,103.3784175141151,4,4,0.8209749366336501,,"{""B"": 0.21079789236355467, ""C"": 0.04584196700438595, ""L"": -0.054018260062537495, ""u2"": 53.113802715352364}",-15.35450595561425,-12.5847373031745,2.109561744369259,4.87933039680901
expanded,primary,NGC3198,43,C_k2_L_Q,logsvt,5,29.785195167960172,0.7838209254726362,41.40681678958179,4.678551787694921,48.591195746427985,8.64053051315399,,4,4,0.8209748550368583,logQ,"{""B"": 0.21079790567308096, ""C"": 0.045841843267375657, ""L"": -0.05401817997298635, ""Q"": 3.7752964887563916e-11, ""u2"": 53.11382567514707}",-12.785515912288616,-8.823537186829547,4.678551787694893,8.640530513153962
expanded,primary,NGC3198,43,C_k12,logsvt,4,31.032946169051147,0.795716568437209,40.085577747998514,3.3573127461116457,46.0777466318254,6.127081398551404,,3,3,0.9467902867937655,,"{""B"": 0.20378256415009835, ""C"": 0.033169439427744196, ""u1"": 1.7045178799772398e-10, ""u2"": 58.92470496243868}",-14.106754953871892,-11.336986301432134,3.3573127461116172,6.1270813985513755
expanded,primary,NGC3198,43,C_k12_Q,logsvt,5,30.079801786896766,0.7915737312341254,41.70142340851839,4.973158406631519,48.88580236536458,8.935137132090588,5988.970745039535,5,5,0.9673549652502124,,"{""B"": 0.22322205260537845, ""C"": 0.0015128019730779655, ""Q"": 0.048292472739221, ""u1"": 1.7742855507943653, ""u2"": 57.17993854017912}",-12.490909293352018,-8.52893056789295,4.973158406631491,8.93513713209056
expanded,primary,NGC3198,43,C_k12_L,logsvt,5,28.870097859457687,0.7597394173541496,40.49171948107931,3.76345447919244,47.6760984379255,7.725433204651509,1524590207.1170774,4,5,0.9985315196602373,,"{""B"": 0.239619614163487, ""C"": 6.594013333947641e-10, ""L"": -0.10575175311229276, ""u1"": 2.396143293861909, ""u2"": 52.17677264646218}",-13.700613220791098,-9.738634495332029,3.7634544791924114,7.72543320465148
expanded,primary,NGC3198,43,C_k12_L_Q,logsvt,6,28.87009785838656,0.7802729150915286,43.20343119171989,6.4751661898330255,51.43729855254794,11.486633319273942,,4,5,0.9976067664688928,,"{""B"": 0.2396196179768664, ""C"": 3.4636974936553576e-10, ""L"": -0.10575176098227519, ""Q"": 9.209586887216951e-11, ""u1"": 2.396143814329128, ""u2"": 52.17677104329751}",-10.988901510150512,-5.977434380709596,6.475166189832997,11.486633319273913
expanded,primary,NGC3198,43,cored_log,cored_log,2,32.4282650018869,0.7909332927289487,36.728265001886896,2.842170943040401e-14,39.95066523327402,2.842170943040401e-14,3.1728155142581156,2,2,0.6956506249621649,,"{""H"": 0.8455504404150559, ""Rc"": 0.1247254532527752}",-17.46406769998351,-17.46406769998351,0.0,0.0
expanded,primary,NGC3198,43,pISO,piso,2,49.89233270187041,1.216886163460254,54.192332701870406,17.464067699983538,57.41473293325753,17.464067699983538,4.495604916306259,2,2,0.8048082601084509,,"{""H"": 0.9509391258884844, ""Rc"": 0.06032754766398941}",0.0,0.0,17.46406769998351,17.46406769998351
expanded,primary,NGC3198,43,NFW,nfw,2,57.08608173044126,1.3923434568400306,61.386081730441255,24.657816728554387,64.60848196182839,24.657816728554394,5.509387496702918,2,2,0.8771062463208295,,"{""V200"": 0.7673387955388262, ""c"": 9.412161073903807}",7.193749028570849,7.193749028570856,24.65781672855436,24.657816728554366
expanded,primary,NGC3521,41,baryons,logsvt,0,621.1721975114989,15.150541402719485,621.1721975114989,610.7883100750855,621.1721975114989,607.676955415361,,0,0,,,{},588.9044521653826,585.7930975056582,584.7577152722364,581.646360612512
expanded,primary,NGC3521,41,Q,logsvt,1,621.1721975681141,15.529304939202854,623.2747616706782,612.8908742342649,624.8857696348184,611.3905275386805,1.0,1,1,0.0,logQ,"{""Q"": 3.7751345462381445e-11}",591.007016324562,589.5066696289778,586.8602794314157,585.3599327358315
expanded,primary,NGC3521,41,L,logsvt,1,25.17275390482406,0.6293188476206015,27.27531800738816,16.891430570974734,28.88632597152837,15.391083875390533,1.0,1,1,0.0,,"{""L"": 0.7772358488738095}",-4.99242733872811,-6.492774034312308,-9.139164231874314,-10.639510927458513
expanded,primary,NGC3521,41,L_Q,logsvt,2,13.594406088801367,0.34857451509747095,17.910195562485576,7.526308126072147,21.02155022220998,7.526308126072147,8.860357233135636,2,2,0.9454306636366159,,"{""L"": 1.146008409677221, ""Q"": 0.5124163123087692}",-14.357549783630695,-14.357549783630695,-18.5042866767769,-18.5042866767769
expanded,primary,NGC3521,41,k1,logsvt,2,12.515412289602516,0.3209080074257055,16.831201763286725,6.447314326873295,19.942556423011133,6.447314326873299,10.623522087151795,2,2,0.9788993136478696,,"{""B"": 0.6460364698841581, ""u1"": 1.0085094576377822}",-15.436543582829547,-15.436543582829543,-19.58328047597575,-19.583280475975748
expanded,primary,NGC3521,41,k1_Q,logsvt,3,12.515412289788454,0.329352954994433,19.164060938437103,8.780173502023674,23.656128489901377,10.160886393763542,,2,2,0.9788993189977094,logQ,"{""B"": 0.6460365041040953, ""Q"": 3.775141201588312e-11, ""u1"": 1.0085093772551}",-13.103684407679168,-11.7229715159393,-17.250421300825373,-15.869708409085504
expanded,primary,NGC3521,41,k1_L,logsvt,3,6.0681136753417695,0.15968720198267813,12.71676232399042,2.33287488757699,17.208829875454693,3.7135877793168586,1199789.0978124992,3,3,0.9998387457234469,logu1,"{""B"": 0.04276099692316242, ""L"": 0.6103070327242446, ""u1"": 1202604.2841647041}",-19.550983022125852,-18.170270130385983,-23.697719915272057,-22.317007023532188
expanded,primary,NGC3521,41,k1_L_Q,logsvt,4,6.068113675387822,0.164003072307779,15.179224786498933,4.795337350085504,20.922401942205056,7.427159846067221,2957455888.166212,3,4,0.9999924373667746,logu1;logQ,"{""B"": 0.04276099717666094, ""L"": 0.6103070314881216, ""Q"": 3.77526679182512e-11, ""u1"": 1202604.2841104688}",-17.088520559617336,-14.45669806363562,-21.23525745276354,-18.603434956781825
expanded,primary,NGC3521,41,k2,logsvt,2,32.098692765577034,0.823043404245565,36.41448223926125,26.030594802847816,39.52583689898565,26.030594802847816,4.693849672347918,2,2,0.7501893506191035,,"{""B"": 0.16185009984058152, ""u2"": 11.81761634118437}",4.1467368931449755,4.1467368931449755,-1.2292389328649733e-12,-1.2292389328649733e-12
expanded,primary,NGC3521,41,k2_Q,logsvt,3,32.098692766327716,0.8447024412191504,38.74734141497636,28.36345397856293,43.239408966440635,29.7441668703028,,2,2,0.7501893791089419,logQ,"{""B"": 0.1618501182526242, ""Q"": 3.7751396692931316e-11, ""u2"": 11.817610971084456}",6.47959606886009,7.8603089605999585,2.3328591757138852,3.713572067453754
expanded,primary,NGC3521,41,k2_L,logsvt,3,6.068148423087641,0.1596881163970432,12.716797071736291,2.3329096353228618,17.208864623200565,3.7136225270627303,40503.54408952415,3,3,0.7814735683732292,logu2,"{""B"": 0.021383364915661906, ""L"": 0.610288892080914, ""u2"": 1202604.2841647747}",-19.55094827437998,-18.17023538264011,-23.697685167526185,-22.316972275786316
expanded,primary,NGC3521,41,k2_L_Q,logsvt,4,6.068148423486842,0.16400401144559032,15.179259534597954,4.795372098184524,20.922436690304075,7.42719459416624,1831468541.5545692,3,4,1.0,logu2,"{""B"": 0.021383364943081903, ""L"": 0.6102888921176672, ""Q"": 3.2643014861976113e-10, ""u2"": 1202604.2841647747}",-17.088485811518318,-14.456663315536602,-21.235222704664523,-18.603400208682807
expanded,primary,NGC3521,41,k12,logsvt,3,12.30827954009842,0.32390209316048474,18.956928188747067,8.573040752333638,23.448995740211345,9.95375364407351,2444.9011666951033,3,3,0.9999921144639249,,"{""B"": 0.41002484240892323, ""u1"": 1.6368073925616222, ""u2"": 0.37368101081527527}",-13.310817157369204,-11.930104265629332,-17.45755405051541,-16.076841158775537
expanded,primary,NGC3521,41,k12_Q,logsvt,4,12.308279559904866,0.33265620432175314,21.41939067101598,11.03550323460255,27.162567826722096,13.667325730584261,1251593650.0119708,3,4,0.9999998204498605,,"{""B"": 0.41002533634046, ""Q"": 3.2499644286933155e-09, ""u1"": 1.6368049641209506, ""u2"": 0.37367924810787884}",-10.848354675100293,-8.21653217911858,-14.995091568246497,-12.363269072264785
expanded,primary,NGC3521,41,k12_L,logsvt,4,6.068113675341776,0.1640030723065345,15.179224786452886,4.795337350039457,20.922401942159006,7.427159846021171,,3,3,0.9998387803998174,logu1,"{""B"": 0.04276099745096427, ""L"": 0.610307030118887, ""u1"": 1202604.2841640804, ""u2"": 0.0002525698976951166}",-17.088520559663387,-14.45669806368167,-21.23525745280959,-18.603434956827876
expanded,primary,NGC3521,41,k12_L_Q,logsvt,5,6.068113675387851,0.1685587132052181,17.782399389673564,7.398511953260135,24.635974008909393,11.140731912771558,,3,3,0.9998387774855486,logu1;logQ,"{""B"": 0.04276099706753633, ""L"": 0.6103070315377132, ""Q"": 3.775135655799175e-11, ""u1"": 1202604.2841646976, ""u2"": 4.155854586611596e-10}",-14.485345956442707,-10.743125996931283,-18.63208284958891,-14.889862890077488
expanded,primary,NGC3521,41,C,logsvt,1,155.29637638092166,3.8824094095230413,157.39894048348577,147.01505304707234,159.00994844762596,145.51470635148812,1.0,1,1,0.0,,"{""C"": 0.27282170109821946}",125.1311951373695,123.63084844178528,120.9844582442233,119.48411154863908
expanded,primary,NGC3521,41,C_Q,logsvt,2,155.2963763997702,3.981958369224877,159.61216587345442,149.22827843704098,162.7235205331788,149.22827843704096,6266471712.473519,1,2,1.0,logQ,"{""C"": 0.27282170128966665, ""Q"": 3.775134552767159e-11}",127.34442052733814,127.34442052733812,123.19768363419195,123.19768363419192
expanded,primary,NGC3521,41,C_L,logsvt,2,6.068097962729219,0.15559225545459535,10.38388743641343,0.0,13.495242096137835,0.0,6.312402944914382,2,2,0.7066513295745557,,"{""C"": 0.08552115208205194, ""L"": 0.6103081174581907}",-21.88385790970284,-21.88385790970284,-26.030594802849045,-26.030594802849045
expanded,primary,NGC3521,41,C_L_Q,logsvt,3,6.068097962775282,0.15968678849408635,12.71674661142393,2.332859175010501,17.208814162888203,3.713572066750368,,2,2,0.7066513326455182,logQ,"{""C"": 0.0855211517376774, ""L"": 0.6103081187876492, ""Q"": 3.775294822686258e-11}",-19.550998734692342,-18.170285842952474,-23.697735627838547,-22.31702273609868
expanded,primary,NGC3521,41,C_k1,logsvt,3,6.068098151652875,0.15968679346454934,12.716746800301525,2.3328593638880957,17.2088143517658,3.7135722556279642,69164988.48769352,3,3,0.9999999999998831,logB,"{""B"": 1202603.581657967, ""C"": 0.08552113615327084, ""u1"": 2.537445709173584e-07}",-19.550998545814746,-18.170285654074878,-23.69773543896095,-22.317022547221082
expanded,primary,NGC3521,41,C_k1_Q,logsvt,4,6.068098151732593,0.16400265274952952,15.179209262843703,4.795321826430273,20.922386418549824,7.427144322411989,2459365304.181883,3,4,0.9999999999998552,logB,"{""B"": 1202524.194793928, ""C"": 0.08552113876306779, ""Q"": 5.5100857293095074e-11, ""u1"": 2.5376132024834915e-07}",-17.08853608327257,-14.456713587290853,-21.235272976418774,-18.603450480437058
expanded,primary,NGC3521,41,C_k1_L,logsvt,4,6.0680979667829975,0.16400264775089182,15.179209077894107,4.795321641480678,20.92238623360023,7.427144137462394,403565883.5984383,2,4,0.9999993840424699,,"{""B"": 0.0009675874445126905, ""C"": 0.0855211512923556, ""L"": 0.6103055875416552, ""u1"": 0.0013094438077805534}",-17.088536268222164,-14.456713772240448,-21.23527316136837,-18.603450665386653
expanded,primary,NGC3521,41,C_k1_L_Q,logsvt,5,6.068097982523378,0.16855827729231607,17.78238369680909,7.398496260395662,24.63595831604492,11.140716219907086,666057535.6149267,2,5,0.9998997949143253,,"{""B"": 0.00012643645797313184, ""C"": 0.08552114989768098, ""L"": 0.6103077504230806, ""Q"": 1.5643918225591563e-08, ""u1"": 0.0015152478052041086}",-14.48536164930718,-10.743141689795756,-18.632098542453384,-14.88987858294196
expanded,primary,NGC3521,41,C_k2,logsvt,3,4.301881185946759,0.11320739963017787,10.950529834595407,0.5666423981819779,15.442597386059681,1.9473552899218465,11.571803741088685,3,3,0.939333217928419,,"{""B"": 0.19341226706833745, ""C"": 0.12895750117134103, ""u2"": 2.273372816887968}",-21.317215511520864,-19.936502619780995,-25.46395240466707,-24.0832395129272
expanded,primary,NGC3521,41,C_k2_Q,logsvt,4,4.078069884338043,0.11021810498210927,13.189180995449153,2.8052935590357233,18.932358151155274,5.437116055017439,139.55573355334985,4,4,0.9939648977527449,,"{""B"": 0.4243110152712784, ""C"": 0.13146561477293534, ""Q"": 0.4095234553047445, ""u2"": 1.170299290408174}",-19.07856435066712,-16.446741854685403,-23.225301243813323,-20.593478747831607
expanded,primary,NGC3521,41,C_k2_L,logsvt,4,4.0440955166657275,0.10929987882880345,13.155206627776838,2.7713191913634088,18.89838378348296,5.403141687345125,37.13367903329324,4,4,0.9743786762570493,,"{""B"": 0.2979479568339603, ""C"": 0.15311088369576323, ""L"": -0.3434143675878839, ""u2"": 2.341745112031754}",-19.112538718339433,-16.480716222357717,-23.259275611485638,-20.627453115503922
expanded,primary,NGC3521,41,C_k2_L_Q,logsvt,5,4.012950380280198,0.11147084389667215,15.727236094565912,5.3433486581524825,22.58081071380174,9.085568617663904,363.79531236527873,5,5,0.9843147906422928,,"{""B"": 0.3491822396279005, ""C"": 0.14607977440586578, ""L"": -0.21770770706693807, ""Q"": 0.1829498630787407, ""u2"": 1.7660800132555532}",-16.54050925155036,-12.798289292038938,-20.687246144696566,-16.945026185185142
expanded,primary,NGC3521,41,C_k12,logsvt,4,4.301881185974919,0.11626705908040322,13.41299229708603,3.0291048606726,19.15616945279215,5.660927356654314,,3,3,0.9393332156409961,logu1,"{""B"": 0.19341225774164475, ""C"": 0.12895749850695493, ""u1"": 3.7754606362504687e-11, ""u2"": 2.2733731005857045}",-18.854753049030244,-16.222930553048528,-23.00148994217645,-20.369667446194732
expanded,primary,NGC3521,41,C_k12_Q,logsvt,5,4.078069884707983,0.11327971901966619,15.792355598993696,5.408468162580267,22.645930218229523,9.150688122091688,1839988382.501639,4,5,0.999838116818338,,"{""B"": 0.42431150109370797, ""C"": 0.13146562134626436, ""Q"": 0.40952411004139816, ""u1"": 4.505751021655843e-10, ""u2"": 1.170298134556533}",-16.475389747122577,-12.733169787611153,-20.62212664026878,-16.879906680757358
expanded,primary,NGC3521,41,C_k12_L,logsvt,5,4.044095516756663,0.11233598657657397,15.758381231042376,5.374493794628947,22.611955850278203,9.116713754140369,2152212792.2729497,4,5,0.9994501876947498,,"{""B"": 0.2979480010165903, ""C"": 0.15311089376567893, ""L"": -0.34341452004716244, ""u1"": 7.523231872602122e-10, ""u2"": 2.3417451777673537}",-16.509364115073893,-12.767144155562473,-20.656101008220098,-16.913881048708678
expanded,primary,NGC3521,41,C_k12_L_Q,logsvt,6,4.012950383503012,0.1146557252429432,18.483538618797127,8.099651182383697,26.294382783728857,12.799140687591022,1473028709.224167,5,6,0.9843147548617934,,"{""B"": 0.3491818644295897, ""C"": 0.14607979967802026, ""L"": -0.21770820149102404, ""Q"": 0.18294888200689433, ""u1"": 1.7962434830425356e-08, ""u2"": 1.766082669225018}",-13.784206727319145,-9.08471722211182,-17.93094362046535,-13.231454115258025
expanded,primary,NGC3521,41,cored_log,cored_log,2,32.098692765578264,0.8230434042455965,36.414482239262476,26.030594802849045,39.52583689898688,26.030594802849045,2.889727740754975,2,2,0.750189345709949,,"{""H"": 0.6474003842970485, ""Rc"": 0.29089418390671135}",4.146736893146205,4.146736893146205,0.0,0.0
expanded,primary,NGC3521,41,pISO,piso,2,27.95195587243206,0.7167168172418477,32.26774534611627,21.88385790970284,35.37910000584068,21.88385790970284,3.656173503508791,2,2,0.832438979433411,,"{""H"": 0.7704021689326708, ""Rc"": 0.15631054490589816}",0.0,0.0,-4.146736893146205,-4.146736893146205
expanded,primary,NGC3521,41,NFW,nfw,2,12.74592599834885,0.32681861534227824,17.06171547203306,6.677828035619632,20.173070131757466,6.677828035619632,8.244936497859362,2,2,0.9685750620337223,,"{""V200"": 0.80001962788604, ""c"": 8.349542939587565}",-15.20602987408321,-15.20602987408321,-19.352766767229415,-19.352766767229415
expanded,primary,NGC5055,28,baryons,logsvt,0,56105.813392387376,2003.7790497281205,56105.813392387376,55916.677693841266,56105.813392387376,55913.681080310744,,0,0,,,{},55339.533059215166,55337.34865019482,55560.326982395054,55558.1425733747
expanded,primary,NGC5055,28,Q,logsvt,1,56105.81339699964,2077.9930887777646,56107.967243153485,55918.831544607376,56109.145601509816,55917.013289433184,,0,0,0.0,logQ,"{""Q"": 3.77513454437675e-11}",55341.686909981276,55340.68085931726,55562.480833161164,55561.47478249714
expanded,primary,NGC5055,28,L,logsvt,1,2745.914564124606,101.70053941202244,2748.068410278452,2558.9327117323423,2749.2467686347813,2557.114456558146,1.0,1,1,0.0,,"{""L"": 0.8855577094480002}",1981.7880771062446,1980.7820264422235,2202.582000286129,2201.575949622108
expanded,primary,NGC5055,28,L_Q,logsvt,2,1451.6888940392873,55.83418823228028,1456.1688940392874,1267.0331954931776,1458.3533030596377,1266.2209909830024,8.281944268320968,2,2,0.9650720675156357,,"{""L"": 1.4945102021001866, ""Q"": 0.8647425555495643}",689.88856086708,689.88856086708,910.6824840469644,910.6824840469644
expanded,primary,NGC5055,28,k1,logsvt,2,1678.828786933525,64.57033795898172,1683.308786933525,1494.1730883874152,1685.4931959538753,1493.36088387724,11.86940891760702,2,2,0.9824038370485303,,"{""B"": 0.7112404657827262, ""u1"": 1.0735186038584368}",917.0284537613176,917.0284537613176,1137.822376941202,1137.822376941202
expanded,primary,NGC5055,28,k1_Q,logsvt,3,1451.6888961315053,58.067555845260216,1458.6888961315053,1269.5531975853955,1461.6855096620309,1269.5531975853955,673591296.7374684,2,3,0.9999999880973156,,"{""B"": 10213.080705579754, ""Q"": 0.8646332700810209, ""u1"": 7.316647577455807e-05}",692.4085629592979,693.2207674694731,913.2024861391824,914.0146906493576
expanded,primary,NGC5055,28,k1_L,logsvt,3,1452.6632464449551,58.10652985779821,1459.6632464449551,1270.5275478988453,1462.6598599754807,1270.5275478988453,385834907.0001417,2,3,0.9999999610957208,L,"{""B"": 23386.736602863224, ""L"": -199.9999999991521, ""u1"": 0.004307886362987425}",693.3829132727477,694.1951177829229,914.1768364526322,914.9890409628074
expanded,primary,NGC5055,28,k1_L_Q,logsvt,4,1451.6888948075734,60.487037283648895,1461.428025242356,1272.2923266962462,1465.0177128482742,1272.8854007716388,447042300.6556954,2,4,0.9999930249542798,,"{""B"": 0.002228627738969137, ""L"": 1.4944712715262032, ""Q"": 0.8647422110998263, ""u1"": 0.008733718085432322}",695.1476920701485,696.5529706557164,915.941615250033,917.3468938356009
expanded,primary,NGC5055,28,k2,logsvt,2,541.0064099923233,20.807938845858587,545.4864099923233,356.3507114462135,547.6708190126736,355.5385069360383,5.285663351827673,2,2,0.7332370933939923,,"{""B"": 0.17918466310169928, ""u2"": 14.783338254356503}",-220.79392317988413,-220.79392317988413,3.410605131648481e-13,3.410605131648481e-13
expanded,primary,NGC5055,28,k2_Q,logsvt,3,387.44396225269764,15.497758490107906,394.44396225269764,205.3082637065879,397.44057578322327,205.3082637065879,36.907164339090016,3,3,0.9892714300687008,,"{""B"": 0.2716992048254929, ""Q"": 0.4530351840983632, ""u2"": 8.735735374013249}",-371.83637091950976,-371.0241664093345,-151.0424477396253,-150.23024322945002
expanded,primary,NGC5055,28,k2_L,logsvt,3,182.13569854610975,7.28542794184439,189.13569854610975,0.0,192.13231207663537,0.0,25.942190792938586,3,3,0.9905395806379218,,"{""B"": 0.38159182820037724, ""L"": -0.8688497932533958, ""u2"": 10.047834833939493}",-577.1446346260976,-576.3324301159224,-356.35071144621315,-355.53850693603795
expanded,primary,NGC5055,28,k2_L_Q,logsvt,4,182.1356985785345,7.588987440772271,191.87482901331708,2.7391304672073318,195.4645166192353,3.332204542599925,26589967382.926582,3,4,0.9974086638230081,,"{""B"": 0.38159181555940586, ""L"": -0.8688497466989981, ""Q"": 1.464896131085522e-10, ""u2"": 10.047835053988793}",-574.4055041588904,-573.0002255733225,-353.61158097900585,-352.206302393438
expanded,primary,NGC5055,28,k12,logsvt,3,541.0064100015211,21.640256400060842,548.0064100015211,358.8707114554113,551.0030235320467,358.8707114554113,,2,2,0.7332370966197421,,"{""B"": 0.17918466768125804, ""u1"": 4.1220230857635275e-11, ""u2"": 14.783336658646537}",-218.27392317068632,-217.4617186605111,2.5200000091981565,3.332204519373363
expanded,primary,NGC5055,28,k12_Q,logsvt,4,387.44396226677094,16.143498427782124,397.18309270155356,208.0473941554438,400.77278030747175,208.64046823083638,3.2948670632711264e+17,3,3,0.9892714492674307,,"{""B"": 0.27169945241904675, ""Q"": 0.4530362054018267, ""u1"": 5.476858911757677e-11, ""u2"": 8.735723867519424}",-369.09724047065384,-367.691961885086,-148.30331729076937,-146.89803870520154
expanded,primary,NGC5055,28,k12_L,logsvt,4,182.13569855524727,7.588987439801969,191.87482899002987,2.739130443920118,195.46451659594808,3.332204519312711,5634944468.42948,3,4,0.9977374717712121,,"{""B"": 0.3815918279249399, ""L"": -0.8688497933407314, ""u1"": 9.245101790647437e-11, ""u2"": 10.047834851182229}",-574.4055041821775,-573.0002255966097,-353.61158100229306,-352.2063024167252
expanded,primary,NGC5055,28,k12_L_Q,logsvt,5,182.13569856061267,7.918943415678812,194.8629712878854,5.727272741775636,198.7967211114887,6.664409034853321,,3,3,0.99053958142581,,"{""B"": 0.38159183093611626, ""L"": -0.8688498050842173, ""Q"": 4.856516445557207e-11, ""u1"": 3.7969454660468746e-11, ""u2"": 10.0478348025708}",-571.417361884322,-569.6680210810691,-350.62343870443755,-348.8740979011846
expanded,primary,NGC5055,28,C,logsvt,1,14764.250751526535,546.8241019083902,14766.40459768038,14577.268899134271,14767.582956036711,14575.450643960075,1.0,1,1,0.0,,"{""C"": 0.357782023104792}",14000.124264508173,13999.118213844153,14220.918187688058,14219.912137024037
expanded,primary,NGC5055,28,C_Q,logsvt,2,14764.250752576283,567.8557981760109,14768.730752576283,14579.595054030173,14770.915161596633,14578.782849519997,,1,1,0.0,logQ,"{""C"": 0.3577820191066115, ""Q"": 3.77513456446079e-11}",14002.450419404075,14002.450419404075,14223.24434258396,14223.24434258396
expanded,primary,NGC5055,28,C_L,logsvt,2,2554.24976237513,98.24037547596654,2558.72976237513,2369.5940638290203,2560.9141713954805,2368.781859318845,15.136273262273392,2,2,0.7728027580662065,,"{""C"": 0.04571503899326432, ""L"": 0.8028544904042131}",1792.4494292029226,1792.4494292029226,2013.2433523828072,2013.2433523828072
expanded,primary,NGC5055,28,C_L_Q,logsvt,3,1451.6888944319076,58.067555777276304,1458.6888944319076,1269.5531958857978,1461.6855079624331,1269.5531958857978,,2,2,0.9650720751541889,logC,"{""C"": 3.7751350122115416e-11, ""L"": 1.4945101725904104, ""Q"": 0.8647425104564612}",692.4085612597002,693.2207657698754,913.2024844395846,914.0146889497598
expanded,primary,NGC5055,28,C_k1,logsvt,3,1678.8287872406224,67.1531514896249,1685.8287872406224,1496.6930886945127,1688.825400771148,1496.6930886945127,50583295991.16807,2,3,1.0,logC,"{""B"": 0.7112404126423673, ""C"": 3.7751359538290674e-11, ""u1"": 1.0735187479227253}",919.548454068415,920.3606585785902,1140.3423772482995,1141.1545817584747
expanded,primary,NGC5055,28,C_k1_Q,logsvt,4,1451.6888974100239,60.487037392084325,1461.4280278448064,1272.2923292986966,1465.0177154507246,1272.8854033740893,6870843459.362457,2,4,0.9999999841407761,,"{""B"": 8849.613119875326, ""C"": 5.617252378035408e-11, ""Q"": 0.8646163974012028, ""u1"": 8.44392970318357e-05}",695.147694672599,696.5529732581668,915.9416178524834,917.3468964380513
expanded,primary,NGC5055,28,C_k1_L,logsvt,4,1452.6632470644333,60.52763529435139,1462.4023774992158,1273.266678953106,1465.992065105134,1273.8597530284987,,2,3,0.9999999610430876,logC;L,"{""B"": 23386.7598778303, ""C"": 3.7753219868945727e-11, ""L"": -199.9999868329941, ""u1"": 0.0043078817793126035}",696.1220443270084,697.5273229125763,916.9159675068929,918.3212460924608
expanded,primary,NGC5055,28,C_k1_L_Q,logsvt,5,1451.6889021583995,63.11690878949563,1464.4161748856723,1275.2804763395625,1468.3499247092755,1276.21761263264,1849246005.358122,2,5,0.9999762958927214,,"{""B"": 0.0010343809722793895, ""C"": 5.480297514084882e-10, ""L"": 1.494475882464802, ""Q"": 0.8647419821606703, ""u1"": 0.016587296530651992}",698.1358417134649,699.8851825167177,918.9297648933493,920.6791056966022
expanded,primary,NGC5055,28,C_k2,logsvt,3,541.0064102443018,21.640256409772075,548.0064102443018,358.87071169819205,551.0030237748274,358.87071169819205,,2,2,0.7332370950857963,logC,"{""B"": 0.1791846602512653, ""C"": 3.775134545189623e-11, ""u2"": 14.783339555282916}",-218.27392292790557,-217.46171841773037,2.5200002519788995,3.332204762154106
expanded,primary,NGC5055,28,C_k2_Q,logsvt,4,387.4439624787655,16.14349843661523,397.18309291354814,208.0473943674384,400.7727805194663,208.64046844283095,,3,3,0.9892714328154042,logC,"{""B"": 0.2716992135124914, ""C"": 3.775148318901339e-11, ""Q"": 0.45303521387975676, ""u2"": 8.735734852044702}",-369.09724025865927,-367.69196167309144,-148.3033170787748,-146.89803849320697
expanded,primary,NGC5055,28,C_k2_L,logsvt,4,182.13569862896247,7.588987442873436,191.87482906374507,2.739130517635317,195.46451666966328,3.3322045930279103,29209761232.936794,3,4,0.9979975607039885,logC,"{""B"": 0.3815918272854741, ""C"": 3.775134584297593e-11, ""L"": -0.8688497914870602, ""u2"": 10.04783487853939}",-574.4055041084623,-573.0002255228944,-353.61158092857784,-352.20630234301
expanded,primary,NGC5055,28,C_k2_L_Q,logsvt,5,182.13569864238582,7.918943419234166,194.86297136965854,5.7272728235487875,198.79672119326185,6.664409116626473,,3,3,0.9905395801011861,logC,"{""B"": 0.3815918109882036, ""C"": 3.776833700341673e-11, ""L"": -0.8688497273394981, ""Q"": 6.04687695735238e-11, ""u2"": 10.047835094856984}",-571.4173618025488,-569.6680209992959,-350.62343862266437,-348.8740978194114
expanded,primary,NGC5055,28,C_k12,logsvt,4,541.006410268459,22.541933761185792,550.7455407032417,361.6098421571319,554.3352283091599,362.20291623252456,,2,3,0.9999906652163577,,"{""B"": 0.1791846640153836, ""C"": 3.999959685809748e-11, ""u1"": 4.114206916973315e-11, ""u2"": 14.783337939877388}",-215.53479246896575,-214.12951388339786,5.2591307109187255,6.66440929648661
expanded,primary,NGC5055,28,C_k12_Q,logsvt,5,387.4439626056442,16.84538967850627,400.1712353329169,211.03553678680717,404.1049851565202,211.9726730798848,,3,4,0.9972183926496706,logC,"{""B"": 0.271699369569032, ""C"": 3.7751345442795003e-11, ""Q"": 0.4530358643288939, ""u1"": 5.071368757886604e-10, ""u2"": 8.735727737646338}",-366.1090978392905,-364.3597570360376,-145.315174659406,-143.56583385615312
expanded,primary,NGC5055,28,C_k12_L,logsvt,5,182.13569863289646,7.918943418821585,194.86297136016918,5.7272728140594324,198.7967211837725,6.664409107137118,6.566461477701679e+17,3,4,1.0,logC,"{""B"": 0.3815918253983041, ""C"": 3.778161673355404e-11, ""L"": -0.8688497823534631, ""u1"": 3.913308942982968e-11, ""u2"": 10.047834871770277}",-571.4173618120383,-569.6680210087852,-350.62343863215375,-348.8740978289008
expanded,primary,NGC5055,28,C_k12_L_Q,logsvt,6,182.13569864915223,8.278895393143284,198.13569864915223,9.000000103042481,202.12892571020345,9.996613633568074,,3,3,0.9905395800643223,,"{""B"": 0.3815918247570335, ""C"": 4.041776177415181e-11, ""L"": -0.8688497812593443, ""Q"": 4.342446734111813e-11, ""u1"": 4.7824947119679324e-11, ""u2"": 10.047834905742622}",-568.1446345230552,-566.3358164823543,-347.3507113431707,-345.5418933024698
expanded,primary,NGC5055,28,cored_log,cored_log,2,541.0064099923229,20.807938845858573,545.4864099923229,356.35071144621315,547.6708190126733,355.53850693603795,3.0527456222701983,2,2,0.7332370978526251,,"{""H"": 0.7167386522901601, ""Rc"": 0.2600840639825747}",-220.79392317988447,-220.79392317988447,0.0,0.0
expanded,primary,NGC5055,28,pISO,piso,2,761.8003331722074,29.300012814315668,766.2803331722074,577.1446346260976,768.4647421925578,576.3324301159224,4.017614806853191,2,2,0.8446947952456514,,"{""H"": 0.8996504755468016, ""Rc"": 0.15690687040559684}",0.0,0.0,220.79392317988447,220.79392317988447
expanded,primary,NGC5055,28,NFW,nfw,2,1637.3002602324655,62.9730869320179,1641.7802602324655,1452.6445616863557,1643.9646692528158,1451.8323571761805,8.605047767463892,2,2,0.9592311014990388,,"{""V200"": 0.9376401089759325, ""c"": 3.2444872415748733}",875.4999270602581,875.4999270602581,1096.2938502401425,1096.2938502401425
expanded,primary,NGC6946,58,baryons,logsvt,0,9334.659618124842,160.942407209049,9334.659618124842,9232.391420854668,9334.659618124842,9228.488716651756,,0,0,,,{},9228.049299366156,9224.146595163244,9232.391420854668,9228.488716651756
expanded,primary,NGC6946,58,Q,logsvt,1,9334.659618562773,163.76595822039954,9336.731047134203,9234.462849864029,9338.72006157332,9232.549160100234,1.0,1,1,0.0,logQ,"{""Q"": 3.775134544563566e-11}",9230.120728375516,9228.207038611721,9234.462849864029,9232.549160100234
expanded,primary,NGC6946,58,L,logsvt,1,203.60121338911551,3.571951112089746,205.6726419605441,103.40444469036996,207.66165639966192,101.49075492657676,1.0,1,1,0.0,,"{""L"": 0.9113225246035561}",99.06232320185717,97.14863343806397,103.40444469036991,101.49075492657671
expanded,primary,NGC6946,58,L_Q,logsvt,2,137.06751753794194,2.4476342417489634,141.28569935612376,39.017502085949616,145.18840355903478,39.017502085949616,12.079894698204788,2,2,0.9550671356330975,,"{""L"": 1.1969598360058193, ""Q"": 0.5833228652500274}",34.67538059743683,34.67538059743683,39.01750208594957,39.01750208594957
expanded,primary,NGC6946,58,k1,logsvt,2,148.289736968485,2.648031017294375,152.5079187866668,50.239721516492665,156.41062298957783,50.239721516492665,25.96208129798186,2,2,0.9967918973914836,,"{""B"": 0.8461809240754457, ""u1"": 0.7252904708642033}",45.89760002797988,45.89760002797988,50.23972151649262,50.23972151649262
expanded,primary,NGC6946,58,k1_Q,logsvt,3,137.06751766641258,2.492136684843865,143.51196211085704,41.2437648406829,149.24884669805184,43.07794522496667,460323921.3988701,2,3,0.999999957643796,,"{""B"": 9871.56409153154, ""Q"": 0.5832503471449862, ""u1"": 6.062665691742015e-05}",36.90164335217011,38.73582373645388,41.24376484068286,43.077945224966626
expanded,primary,NGC6946,58,k1_L,logsvt,3,137.11701414067093,2.4930366207394714,143.5614585851154,41.29326131494125,149.29834317231018,43.12744169922502,378147941.2908318,2,3,0.999999989000185,L,"{""B"": 34625.39662053341, ""L"": -199.99999005101208, ""u1"": 0.002905340011842514}",36.95113982642846,38.78532021071223,41.293261314941205,43.127441699224974
expanded,primary,NGC6946,58,k1_L_Q,logsvt,4,137.06751769567012,2.538287364734632,145.8222346768022,43.554037406628055,153.3092897378558,47.13838826477064,272506310.19509584,2,4,0.9999253175749192,,"{""B"": 0.00442424032319148, ""L"": 1.1968845074193537, ""Q"": 0.5833222993985094, ""u1"": 0.008517224649326235}",39.21191591811527,42.79626677625785,43.55403740662801,47.1383882647706
expanded,primary,NGC6946,58,k2,logsvt,2,98.05001545199232,1.7508931330712916,102.26819727017414,0.0,106.17090147308517,0.0,8.033956380708595,2,2,0.917888008989223,,"{""B"": 0.1555468928827196, ""u2"": 11.39399310646097}",-4.342121488512788,-4.342121488512788,-4.263256414560601e-14,-4.263256414560601e-14
expanded,primary,NGC6946,58,k2_Q,logsvt,3,97.97227226423078,1.7813140411678323,104.41671670867522,2.148519438501083,110.15360129587003,3.9826998227848662,333.57911060820317,3,3,0.9446172210468424,,"{""B"": 0.1591399487296563, ""Q"": 0.024451407604631593, ""u2"": 11.039881259399603}",-2.1936020500117053,-0.3594216657279219,2.14851943850104,3.9826998227848236
expanded,primary,NGC6946,58,k2_L,logsvt,3,97.21722614534785,1.7675859299154155,103.6616705897923,1.3934733196181526,109.39855517698712,3.22765370390195,25.445674433890737,3,3,0.9788812590275738,,"{""B"": 0.1762239140483961, ""L"": -0.105202661050389, ""u2"": 10.826384176888066}",-2.9486481688946355,-1.114467784610838,1.39347331961811,3.2276537039019075
expanded,primary,NGC6946,58,k2_L_Q,logsvt,4,97.21722614584536,1.80031900270084,105.97194312697744,3.7037458568032946,113.45899818803103,7.2880967149458655,3590949147.14981,3,4,0.9995770209941736,logQ,"{""B"": 0.17622392490047087, ""L"": -0.10520272578569641, ""Q"": 3.775557247879776e-11, ""u2"": 10.826384195530757}",-0.6383756317094935,2.9459752264330774,3.703745856803252,7.288096714945823
expanded,primary,NGC6946,58,k12,logsvt,3,98.0500154522039,1.7827275536764344,104.49445989664834,2.2262626264741954,110.23134448384315,4.060443010757979,,2,2,0.9178879896414917,,"{""B"": 0.15554688424081803, ""u1"": 3.8130119525751673e-11, ""u2"": 11.39399508937511}",-2.1158588620385927,-0.28167847775480936,2.2262626264741527,4.060443010757936
expanded,primary,NGC6946,58,k12_Q,logsvt,4,97.97227226962747,1.8143013383264346,106.72698925075954,4.458791980585403,114.21404431181314,8.043142838727974,1425363322.9715064,3,4,0.9999984615630841,,"{""B"": 0.15913995439774675, ""Q"": 0.024451440974072737, ""u1"": 1.1009575254421511e-09, ""u2"": 11.039880627216949}",0.1166704920726147,3.7010213502151856,4.45879198058536,8.043142838727931
expanded,primary,NGC6946,58,k12_L,logsvt,4,97.21722614559269,1.8003190026961609,105.97194312672477,3.7037458565506256,113.45899818777836,7.2880967146931965,11664866131.750866,3,4,0.995244388822695,,"{""B"": 0.17622392133549145, ""L"": -0.10520270323981527, ""u1"": 7.774425682327245e-11, ""u2"": 10.826384139975477}",-0.6383756319621625,2.9459752261804084,3.703745856550583,7.288096714693154
expanded,primary,NGC6946,58,k12_L_Q,logsvt,5,97.21722616377515,1.8342872861089652,108.37107231762131,6.102875047447171,117.51944121650725,11.34853974342208,1746342880.589764,3,5,0.9788812617223928,,"{""B"": 0.17622391889603148, ""L"": -0.10520268758277421, ""Q"": 9.277143461933754e-10, ""u1"": 1.9738642244257122e-09, ""u2"": 10.826384117952024}",1.7607535589343826,7.006418254909292,6.102875047447128,11.348539743422037
expanded,primary,NGC6946,58,C,logsvt,1,1295.9541480081382,22.736037684353303,1298.0255765795669,1195.7573793093927,1300.0145910186845,1193.8436895455993,1.0,1,1,0.0,,"{""C"": 0.3458493998902061}",1191.41525782088,1189.5015680570866,1195.7573793093927,1193.8436895455993
expanded,primary,NGC6946,58,C_Q,logsvt,2,1295.9541480764508,23.14203835850805,1300.1723298946326,1197.9041326244585,1304.0750340975437,1197.9041326244585,10052822918.550167,1,2,1.0,logQ,"{""C"": 0.3458493996298696, ""Q"": 3.775134548161367e-11}",1193.5620111359458,1193.5620111359458,1197.9041326244585,1197.9041326244585
expanded,primary,NGC6946,58,C_L,logsvt,2,198.84939854010335,3.5508821167875597,203.06758035828517,100.79938308811103,206.9702845611962,100.79938308811103,42.251671654471984,2,2,0.9067829020729381,,"{""C"": 0.022186441762924752, ""L"": 0.859959874032815}",96.45726159959824,96.45726159959824,100.79938308811099,100.79938308811099
expanded,primary,NGC6946,58,C_L_Q,logsvt,3,137.06751756939042,2.492136683079826,143.51196201383488,41.24376474366073,149.24884660102967,43.0779451279445,,2,2,0.9550671357184073,logC,"{""C"": 3.7751345579641644e-11, ""L"": 1.1969598441638554, ""Q"": 0.5833228836811761}",36.901643255147945,38.735823639431715,41.24376474366069,43.07794512794446
expanded,primary,NGC6946,58,C_k1,logsvt,3,148.2897369954094,2.6961770362801714,154.73418143985387,52.46598416967973,160.47106602704866,54.3001645539635,10706437894.971418,2,3,1.0,logC,"{""B"": 0.846181164366437, ""C"": 3.775134857914512e-11, ""u1"": 0.7252901956668935}",48.12386268116694,49.95804306545071,52.465984169679686,54.300164553963455
expanded,primary,NGC6946,58,C_k1_Q,logsvt,4,137.0675177079488,2.538287364962015,145.8222346890809,43.554037418906745,153.3092897501345,47.13838827704933,8122047934.037477,2,4,0.999999954296208,logC,"{""B"": 9505.406758040728, ""C"": 3.775134544279111e-11, ""Q"": 0.5832475237303968, ""u1"": 6.296205282576275e-05}",39.21191593039396,42.79626678853654,43.5540374189067,47.13838827704929
expanded,primary,NGC6946,58,C_k1_L,logsvt,4,137.1170142684786,2.5392039679347893,145.8717312496107,43.60353397943655,153.3587863106643,47.18788483757913,,2,3,0.9999999893757624,L,"{""B"": 34625.37247589956, ""C"": 1.717097467649537e-10, ""L"": -199.99997173094064, ""u1"": 0.002905341775357328}",39.26141249092376,42.845763349066345,43.603533979436506,47.18788483757909
expanded,primary,NGC6946,58,C_k1_L_Q,logsvt,5,137.06751776327704,2.5861795804391896,148.2213639171232,45.95316664694906,157.36973281600913,51.19883134292397,1406671104.832398,2,5,0.9999061615981297,,"{""B"": 0.0022230894670553043, ""C"": 1.2867300505765837e-10, ""L"": 1.1969165660177976, ""Q"": 0.5833224755773526, ""u1"": 0.009735206739073165}",41.61104515843627,46.85670985441118,45.953166646949015,51.198831342923924
expanded,primary,NGC6946,58,C_k2,logsvt,3,98.05001546444504,1.7827275538990006,104.49445990888948,2.2262626387153404,110.23134449608429,4.060443022999124,,2,2,0.9178880153973044,logC,"{""B"": 0.1555468940752466, ""C"": 3.775134545011016e-11, ""u2"": 11.393992841230743}",-2.1158588497974478,-0.2816784655136644,2.2262626387152977,4.060443022999081
expanded,primary,NGC6946,58,C_k2_Q,logsvt,4,97.97227227628399,1.8143013384497035,106.72698925741607,4.4587919872419235,114.21404431846966,8.043142845384494,5884956803.892703,3,4,1.0,logC,"{""B"": 0.15913994536239529, ""C"": 3.7751540598606746e-11, ""Q"": 0.02445138196764038, ""u2"": 11.039881526729815}",0.11667049872913537,3.7010213568717063,4.458791987241881,8.043142845384452
expanded,primary,NGC6946,58,C_k2_L,logsvt,4,97.21722615535813,1.8003190028770024,105.97194313649021,3.703745866316069,113.4589981975438,7.28809672445864,,3,3,0.9788812585124398,logC,"{""B"": 0.17622391815236382, ""C"": 3.775137083358403e-11, ""L"": -0.10520269174681107, ""u2"": 10.82638435708904}",-0.638375622196719,2.945975235945852,3.7037458663160265,7.2880967244585975
expanded,primary,NGC6946,58,C_k2_L_Q,logsvt,5,97.2172261720199,1.8342872862645265,108.37107232586607,6.102875055691925,117.519441224752,11.348539751666834,8223028925.958685,3,5,0.999327891506756,,"{""B"": 0.17622390790134987, ""C"": 9.23717906452742e-11, ""L"": -0.1052026378557258, ""Q"": 1.65431376374279e-10, ""u2"": 10.826384554222335}",1.7607535671791368,7.006418263154046,6.102875055691882,11.348539751666792
expanded,primary,NGC6946,58,C_k12,logsvt,4,98.05001546469535,1.815741027123988,106.80473244582743,4.536535175653285,114.29178750688102,8.120886033795855,,2,2,0.9178880075553247,logC,"{""B"": 0.1555468922255224, ""C"": 3.7863818170081885e-11, ""u1"": 3.932882291067435e-11, ""u2"": 11.393993265280406}",0.19441368714049645,3.7787645452830674,4.536535175653242,8.120886033795813
expanded,primary,NGC6946,58,C_k12_Q,logsvt,5,97.97227229614981,1.8485334395499964,109.12611844999597,6.85792117982183,118.2744873488819,12.103585875796739,4950076067.02673,3,5,1.0,,"{""B"": 0.15914000323647864, ""C"": 9.182122781790198e-11, ""Q"": 0.024451769664582446, ""u1"": 5.270839614134334e-10, ""u2"": 11.039875952259866}",2.5157996913090415,7.761464387283951,6.857921179821787,12.103585875796696
expanded,primary,NGC6946,58,C_k12_L,logsvt,5,97.21722617179665,1.8342872862603141,108.37107232564281,6.102875055468672,117.51944122452875,11.348539751443582,5145693924.649525,3,5,0.9973154923203246,,"{""B"": 0.17622391520445976, ""C"": 8.39617426548179e-11, ""L"": -0.10520267419955016, ""u1"": 1.3301542479573328e-09, ""u2"": 10.826384346165145}",1.7607535669558843,7.006418262930794,6.10287505546863,11.348539751443539
expanded,primary,NGC6946,58,C_k12_L_Q,logsvt,6,97.21722620976334,1.8695620424954489,110.86428503329275,8.596087763118604,121.57988427304186,15.40898279995669,3360354487.6097307,3,6,0.9992010942860166,,"{""B"": 0.17622390954049086, ""C"": 1.7496740349985625e-10, ""L"": -0.10520264655884386, ""Q"": 1.1870346867698785e-09, ""u1"": 7.593326606834746e-10, ""u2"": 10.826384529198956}",4.253966274605816,11.066861311443901,8.596087763118561,15.408982799956647
expanded,primary,NGC6946,58,cored_log,cored_log,2,98.05001545199237,1.7508931330712922,102.26819727017418,4.263256414560601e-14,106.17090147308521,4.263256414560601e-14,5.193783596525699,2,2,0.9178880124118537,,"{""H"": 0.622187573671614, ""Rc"": 0.2962525013920091}",-4.3421214885127455,-4.3421214885127455,0.0,0.0
expanded,primary,NGC6946,58,pISO,piso,2,102.39213694050511,1.8284310167947342,106.61031875868693,4.342121488512788,110.51302296159795,4.342121488512788,6.7838982847970435,2,2,0.9524032790229854,,"{""H"": 0.8301555581964534, ""Rc"": 0.18365608078681173}",0.0,0.0,4.3421214885127455,4.3421214885127455
expanded,primary,NGC6946,58,NFW,nfw,2,146.52186030817478,2.616461791217407,150.7400421263566,48.47184485618246,154.64274632926762,48.47184485618246,17.020122675220914,2,2,0.9928642749849921,,"{""V200"": 0.9462741367600322, ""c"": 5.432839102894146}",44.12972336766967,44.12972336766967,48.471844856182415,48.471844856182415
expanded,primary,NGC7331,36,baryons,logsvt,0,8697.656375372997,241.60156598258325,8697.656375372997,8587.895969459654,8697.656375372997,8583.895412644286,,0,0,,,{},8556.898860807452,8554.095459294176,8558.452205311174,8555.648803797898
expanded,primary,NGC7331,36,Q,logsvt,1,8697.656376184357,248.50446789098163,8699.77402324318,8590.013617329838,8701.239895122813,8587.478932394102,1.0,1,1,0.0,logQ,"{""Q"": 3.775134544687479e-11}",8559.016508677636,8557.678979043993,8560.569853181358,8559.232323547714
expanded,primary,NGC7331,36,L,logsvt,1,200.35728941333144,5.724493983238041,202.47493647215498,92.71453055881197,203.94080835178755,90.17984562307622,1.0,1,1,0.0,,"{""L"": 0.709092455892379}",61.71742190660993,60.37989227296666,63.27076641033122,61.93323677668795
expanded,primary,NGC7331,36,L_Q,logsvt,2,200.35728941669865,5.892861453432313,204.72092578033502,94.96051986699202,207.52432729361087,93.76336456489953,,1,1,0.0,logQ,"{""L"": 0.7090924554624831, ""Q"": 3.775146047213915e-11}",63.96341121478997,63.96341121478997,65.51675571851126,65.51675571851126
expanded,primary,NGC7331,36,k1,logsvt,2,200.35730805895417,5.892862001733946,204.72094442259055,94.96053850924754,207.5243459358664,93.76338320715506,42343891.28880945,2,2,1.0,logB,"{""B"": 1202604.2834043365, ""u1"": 2.9481543122661566e-07}",63.9634298570455,63.9634298570455,65.51677436076679,65.51677436076679
expanded,primary,NGC7331,36,k1_Q,logsvt,3,200.35730806234258,6.0714335776467445,207.10730806234258,97.34690214899958,211.1078648777109,97.34690214899958,3458889500.6479063,2,3,1.0,logB,"{""B"": 1202604.2841287318, ""Q"": 3.799016306585146e-11, ""u1"": 2.9481543069437467e-07}",66.34979349679753,67.54694879889001,67.90313800051882,69.1002933026113
expanded,primary,NGC7331,36,k1_L,logsvt,3,200.35728943507078,6.071433013183963,207.10728943507078,97.34688352172778,211.1078462504391,97.34688352172778,680570269.4179685,1,3,1.0,,"{""B"": 0.00419040626120209, ""L"": 0.7090910265615769, ""u1"": 0.00017054703521711149}",66.34977486952573,67.54693017161821,67.90311937324702,69.1002746753395
expanded,primary,NGC7331,36,k1_L_Q,logsvt,4,200.35728961701483,6.261165300531713,209.64761219765998,99.88720628431697,214.69136537083926,100.93040264212793,1568119421.9022973,1,4,1.0,,"{""B"": 3.139098811175469e-05, ""L"": 0.709092428426988, ""Q"": 2.2704167331547136e-09, ""u1"": 0.00045940307619317194}",68.89009763211493,71.13044929201837,70.44344213583622,72.68379379573966
expanded,primary,NGC7331,36,k2,logsvt,2,134.84053369818741,3.9658980499466887,139.2041700618238,29.44376414848078,142.00757157509963,28.2466088463883,10.977424533279814,2,2,0.9734325064870462,,"{""B"": 0.2410943172705687, ""u2"": 2.325242974893621}",-1.553344503721263,-1.553344503721263,2.842170943040401e-14,2.842170943040401e-14
expanded,primary,NGC7331,36,k2_Q,logsvt,3,134.68933454981646,4.0814949863580745,141.43933454981646,31.678928636473458,145.4398913651848,31.678928636473458,311.8853797634845,3,3,0.9925733772064634,,"{""B"": 0.27828238826710533, ""Q"": 0.080073316411379, ""u2"": 2.0271877898991626}",0.6818199842714137,1.8789752863638967,2.235164487992705,3.432319790085188
expanded,primary,NGC7331,36,k2_L,logsvt,3,103.010405913343,3.121527451919485,109.760405913343,0.0,113.76096272871133,0.0,44.15849993287416,3,3,0.9738265722887919,,"{""B"": 0.5408742170291164, ""L"": -0.9521552108021555, ""u2"": 2.5336406492584254}",-30.997108652202044,-29.79995335010956,-29.443764148480753,-28.24660884638827
expanded,primary,NGC7331,36,k2_L_Q,logsvt,4,103.01040591482311,3.219075184838222,112.30072849546828,2.5403225821252704,117.34448166864755,3.583518939936212,8110910969.925556,3,4,0.9738265764344854,logQ,"{""B"": 0.54087423816453, ""L"": -0.9521552745555821, ""Q"": 3.775136552715552e-11, ""u2"": 2.533640643498137}",-28.456786070076774,-26.21643441017335,-26.903441566355482,-24.663089906452058
expanded,primary,NGC7331,36,k12,logsvt,3,134.8405336995851,4.086076778775307,141.5905336995851,31.8301277862421,145.59109051495344,31.8301277862421,,2,2,0.9734325126063159,,"{""B"": 0.24109433665597974, ""u1"": 3.8054033841595613e-11, ""u2"": 2.325242580016914}",0.8330191340400575,2.0301744361325404,2.386363637761349,3.583518939853832
expanded,primary,NGC7331,36,k12_Q,logsvt,4,134.6893345513336,4.209041704729175,143.97965713197874,34.21925121863573,149.02341030515802,35.26244757644669,3.3091429141409063e+19,3,3,1.0,logu1,"{""B"": 0.2782822079700601, ""Q"": 0.08007293486774311, ""u1"": 3.775705486560528e-11, ""u2"": 2.027188985675546}",3.222142566433689,5.462494226337128,4.7754870701549805,7.0158387300584195
expanded,primary,NGC7331,36,k12_L,logsvt,4,103.01040591352364,3.219075184797614,112.30072849416881,2.5403225808258014,117.34448166734808,3.583518938636743,4458838069.4528265,3,4,0.9998438066092845,logu1,"{""B"": 0.5408742009811774, ""L"": -0.9521551662631683, ""u1"": 3.7751345442815256e-11, ""u2"": 2.5336406644650706}",-28.456786071376243,-26.216434411472818,-26.90344156765495,-24.663089907751527
expanded,primary,NGC7331,36,k12_L_Q,logsvt,5,103.01040594189983,3.322916320706446,115.01040594189983,5.250000028556826,120.92800063418038,7.167037905469044,5301185278.968638,3,5,0.9985391924318684,,"{""B"": 0.5408742386748436, ""L"": -0.9521552730626108, ""Q"": 5.544275963198411e-10, ""u1"": 1.4277535124673552e-09, ""u2"": 2.5336406350114586}",-25.747108623645218,-22.632915444640517,-24.193764119923927,-21.079570940919226
expanded,primary,NGC7331,36,C,logsvt,1,1333.6053367236511,38.10300962067575,1335.7229837824746,1225.9625778691316,1337.1888556621072,1223.427892933396,1.0,1,1,0.0,,"{""C"": 0.408375336639805}",1194.9654692169295,1193.6279395832864,1196.5188137206508,1195.1812840870077
expanded,primary,NGC7331,36,C_Q,logsvt,2,1333.6053368253877,39.223686377217284,1337.968973189024,1228.208567275681,1340.7723747022999,1227.0114119735886,,1,1,0.0,logQ,"{""C"": 0.4083753376899851, ""Q"": 3.775134557462154e-11}",1197.2114586234788,1197.211458623479,1198.7648031272001,1198.7648031272004
expanded,primary,NGC7331,36,C_L,logsvt,2,200.35728945368987,5.892861454520291,204.72092581732625,94.96051990398324,207.5243273306021,93.76336460189076,,1,1,0.0,logC,"{""C"": 3.775134992580583e-11, ""L"": 0.7090924556469027}",63.963411251781196,63.963411251781196,65.51675575550249,65.51675575550249
expanded,primary,NGC7331,36,C_L_Q,logsvt,3,200.3572894573494,6.071433013859073,207.1072894573494,97.34688354400639,211.10784627271772,97.34688354400639,,1,2,1.0,logC,"{""C"": 3.7811328779410946e-11, ""L"": 0.7090924563252035, ""Q"": 4.030989850490534e-11}",66.34977489180434,67.54693019389683,67.90311939552564,69.10027469761812
expanded,primary,NGC7331,36,C_k1,logsvt,3,200.35730809931255,6.071433578767047,207.10730809931255,97.34690218596954,211.10786491468087,97.34690218596954,8355559967.632311,2,3,1.0,logC;logB,"{""B"": 1202604.2823032148, ""C"": 3.775135797912194e-11, ""u1"": 2.948154314088844e-07}",66.3497935337675,67.54694883585998,67.90313803748879,69.10029333958127
expanded,primary,NGC7331,36,C_k1_Q,logsvt,4,200.3573081045144,6.261165878266075,209.64763068515956,99.88722477181655,214.69138385833884,100.9304211296275,,2,3,1.0,logB,"{""B"": 1202549.1014175564, ""C"": 3.8002285166623933e-11, ""Q"": 4.5721101299823633e-11, ""u1"": 2.9482895940419685e-07}",68.8901161196145,71.13046777951794,70.4434606233358,72.68381228323923
expanded,primary,NGC7331,36,C_k1_L,logsvt,4,200.35728995873916,6.261165311210599,209.6476125393843,99.8872066260413,214.6913657125636,100.93040298385226,2594668148.700899,1,4,1.0,,"{""B"": 0.006056636091366634, ""C"": 5.087404994399042e-10, ""L"": 0.709091998489724, ""u1"": 3.769107394015222e-05}",68.89009797383926,71.1304496337427,70.44344247756055,72.68379413746399
expanded,primary,NGC7331,36,C_k1_L_Q,logsvt,5,200.35728959759064,6.463138374115827,212.35728959759064,102.59688368424763,218.27488428987118,104.51392156115985,3560961674.960007,2,5,1.0,,"{""B"": 1.8654825028778097, ""C"": 6.112608166496331e-11, ""L"": 0.7090752316843142, ""Q"": 1.253695657583504e-09, ""u1"": 4.616785489421779e-06}",71.59977503204559,74.71396821105029,73.15311953576688,76.26731271477158
expanded,primary,NGC7331,36,C_k2,logsvt,3,134.84053372802472,4.0860767796371125,141.59053372802472,31.830127814681717,145.59109054339305,31.830127814681717,4366444927.043087,2,3,0.9991547096011474,logC,"{""B"": 0.24109431784871316, ""C"": 3.775134618504131e-11, ""u2"": 2.3252429663110528}",0.8330191624796726,2.0301744645721556,2.386363666200964,3.583518968293447
expanded,primary,NGC7331,36,C_k2_Q,logsvt,4,134.6893345792213,4.209041705600666,143.97965715986646,34.219251246523456,149.02341033304575,35.26244760433441,21834564264.864666,3,4,1.0,logC,"{""B"": 0.27828233429594795, ""C"": 3.775134544279111e-11, ""Q"": 0.08007319891949118, ""u2"": 2.0271881369307305}",3.2221425943214115,5.4624942542248505,4.775487098042703,7.015838757946142
expanded,primary,NGC7331,36,C_k2_L,logsvt,4,103.01040592569973,3.2190751851781165,112.3007285063449,2.540322593001889,117.34448167952416,3.583518950812831,,3,3,0.9738265742397954,logC,"{""B"": 0.5408742201683928, ""C"": 3.7751345442845965e-11, ""L"": -0.9521552170919227, ""u2"": 2.5336406363743156}",-28.456786059200155,-26.21643439929673,-26.903441555478864,-24.66308989557544
expanded,primary,NGC7331,36,C_k2_L_Q,logsvt,5,103.0104059392145,3.3229163206198225,115.0104059392145,5.250000025871486,120.92800063149504,7.167037902783704,8854736512.613127,3,5,0.9994818579779183,,"{""B"": 0.5408742337425536, ""C"": 4.899337556877654e-11, ""L"": -0.9521552572662778, ""Q"": 2.50842394374003e-10, ""u2"": 2.5336406321843272}",-25.747108626330558,-22.632915447325857,-24.193764122609267,-21.079570943604566
expanded,primary,NGC7331,36,C_k12,logsvt,4,134.84053374027283,4.213766679383526,144.13085632091799,34.37045040757498,149.17460949409727,35.413646765385934,,2,3,0.9993845497248174,,"{""B"": 0.2410943190227574, ""C"": 4.9683066935067714e-11, ""u1"": 7.683018600617104e-11, ""u2"": 2.3252429403255284}",3.373341755372934,5.613693415276373,4.926686259094225,7.167037918997664
expanded,primary,NGC7331,36,C_k12_Q,logsvt,5,134.68933458472722,4.34481724466862,146.68933458472722,36.92892867138421,152.60692927700777,38.84596654829643,2961294295.563008,3,5,1.0,logC,"{""B"": 0.2782830483545661, ""C"": 3.775134787063779e-11, ""Q"": 0.08007465490326635, ""u1"": 1.366094618717482e-10, ""u2"": 2.0271831964900056}",5.931820019182169,9.04601319818687,7.48516452290346,10.599357701908161
expanded,primary,NGC7331,36,C_k12_L,logsvt,5,103.0104059472939,3.3229163208804486,115.0104059472939,5.250000033950897,120.92800063957445,7.167037910863115,5348702470.817764,3,5,0.9738265746479308,,"{""B"": 0.5408742522271462, ""C"": 9.383702379874034e-11, ""L"": -0.952155324816916, ""u1"": 6.775294855061937e-10, ""u2"": 2.53364066700165}",-25.747108618251147,-22.632915439246446,-24.193764114529856,-21.079570935525155
expanded,primary,NGC7331,36,C_k12_L_Q,logsvt,6,103.01040601116694,3.433680200372231,117.90695773530487,8.146551821961864,124.51151964190359,10.750556913192256,7624366588.640972,3,6,1.0,,"{""B"": 0.5408742215975038, ""C"": 1.3956594169039414e-10, ""L"": -0.9521552241313913, ""Q"": 1.2029328440989071e-09, ""u1"": 1.0420146912470906e-09, ""u2"": 2.53364064628425}",-22.85055683024018,-19.049396436917306,-21.29721232651889,-17.496051933196014
expanded,primary,NGC7331,36,cored_log,cored_log,2,134.8405336981874,3.965898049946688,139.20417006182376,29.443764148480753,142.0075715750996,28.24660884638827,8.620825945782727,2,2,0.9734325046510071,,"{""H"": 0.9643772645503506, ""Rc"": 0.6557915659590144}",-1.5533445037212914,-1.5533445037212914,0.0,0.0
expanded,primary,NGC7331,36,pISO,piso,2,136.39387820190868,4.011584652997314,140.75751456554505,30.997108652202044,143.5609160788209,29.79995335010956,10.831333199478365,2,2,0.9830963186369824,,"{""H"": 1.402845053105208, ""Rc"": 0.44141622872257424}",0.0,0.0,1.5533445037212914,1.5533445037212914
expanded,primary,NGC7331,36,NFW,nfw,2,201.6706472891084,5.931489626150246,206.03428365274476,96.27387773940175,208.8376851660206,95.07672243730927,266.42009217388033,2,2,0.9999481425564002,logc,"{""V200"": 3.7407326742255314, ""c"": 0.5000000000179922}",65.27676908719971,65.27676908719971,66.830113590921,66.830113590921
expanded,primary,NGC7793,46,baryons,logsvt,0,682.2270238716352,14.831022258079026,682.2270238716352,650.9301222347946,682.2270238716352,644.5911664049357,,0,0,,,{},635.3983780498198,632.0201650242834,632.0759416489475,628.6977286234112
expanded,primary,NGC7793,46,Q,logsvt,1,682.2270238928932,15.16060053095318,684.3179329838023,653.0210313469616,686.0556652893822,648.4198078226827,,0,0,0.0,logQ,"{""Q"": 3.775134545712596e-11}",637.4892871619869,635.8488064420304,634.1668507611146,632.5263700411582
expanded,primary,NGC7793,46,L,logsvt,1,81.41650457729618,1.8092556572732486,83.50741366820527,52.21051203136467,85.24514597378527,47.60928850708585,1.0,1,1,0.0,,"{""L"": 1.6984692998229856}",36.67876784638987,35.03828712643353,33.35633144551757,31.71585072556124
expanded,primary,NGC7793,46,L_Q,logsvt,2,30.976939692180558,0.7040213566404673,35.25600945962242,3.9591078227818137,38.634222485158745,0.9983650184593245,5.019853123513431,2,2,0.9136021640208922,,"{""L"": 2.900786589195718, ""Q"": 1.896524017952409}",-11.572636362192988,-11.572636362192995,-14.895072763065286,-14.895072763065286
expanded,primary,NGC7793,46,k1,logsvt,2,40.80871906173798,0.9274708877667723,45.08778882917984,13.790887192339238,48.46600185471617,10.830144388016748,8.32699064201984,2,2,0.9649879355445717,,"{""B"": 1.0150121285280218, ""u1"": 1.5580920460642431}",-1.740856992635564,-1.740856992635571,-5.063293393507863,-5.063293393507863
expanded,primary,NGC7793,46,k1_Q,logsvt,3,30.97693974106805,0.7203939474666988,37.54836831249662,6.251466675656015,42.462863930535335,4.8270064638359145,267994926.85747355,2,3,0.9999999881980016,,"{""B"": 24013.495865484085, ""Q"": 1.8963488067372856, ""u1"": 6.0399089660273986e-05}",-9.280277509318786,-7.743994916816405,-12.602713910191085,-11.066431317688696
expanded,primary,NGC7793,46,k1_L,logsvt,3,31.059435000268007,0.7223124418666979,37.63086357169658,6.333961934855974,42.545359189735294,4.9095017230358735,45835499.46459327,3,3,0.9999995399533319,L,"{""B"": 10750.974616155972, ""L"": -199.9999999999249, ""u1"": 0.009436504853163446}",-9.197782250118827,-7.661499657616446,-12.520218650991126,-10.983936058488737
expanded,primary,NGC7793,46,k1_L_Q,logsvt,4,30.97693969218221,0.7375461831471954,39.952549448279775,8.65564781143917,46.29150527813859,8.655647811439167,545430992.4946972,2,4,0.999999999061308,,"{""B"": 0.049539303808619574, ""L"": 2.900771339697141, ""Q"": 1.8965239866252876, ""u1"": 0.00015371410705373762}",-6.876096373535631,-3.9153535692131527,-10.19853277440793,-7.237789970085444
expanded,primary,NGC7793,46,k2,logsvt,2,45.87201245524508,1.0425457376192062,50.15108222268694,18.854180585846333,53.529295248223264,15.893437781523843,4.906738620856776,2,2,0.7876326527696689,,"{""B"": 0.2884267928863427, ""u2"": 20.630155230935845}",3.3224364008715312,3.322436400871524,-7.673861546209082e-13,-7.673861546209082e-13
expanded,primary,NGC7793,46,k2_Q,logsvt,3,43.39624652425084,1.009215035447694,49.96767509567941,18.670773458838806,54.882170713718125,17.246313247018705,19.8396472820195,3,3,0.9671132322197569,,"{""B"": 0.5118846018855013, ""Q"": 0.9086596271145349, ""u2"": 7.995034393373669}",3.139029273864004,4.6753118663663855,-0.18340712700829442,1.352875465494094
expanded,primary,NGC7793,46,k2_L,logsvt,3,44.602319334706976,1.0372632403420228,51.173747906135546,19.87684626929494,56.08824352417426,18.45238605747484,10.162681439708562,3,3,0.9355561708225909,,"{""B"": 0.19555418456150378, ""L"": 0.42677374760694103, ""u2"": 32.31811000185531}",4.345102084320139,5.88138467682252,1.0226656834478405,2.558948275950229
expanded,primary,NGC7793,46,k2_L_Q,logsvt,4,22.321291880743043,0.5314593304938819,31.296901636840605,0.0,37.63585746669942,0.0,913.8182331025888,4,4,0.9992824819532021,,"{""B"": 6.206567513233194, ""L"": 2.10426991575476, ""Q"": 8.043312128488592, ""u2"": 0.37018044264461114}",-15.531744184974801,-12.57100138065232,-18.8541805858471,-15.89343778152461
expanded,primary,NGC7793,46,k12,logsvt,3,36.71389464324379,0.8538115033312509,43.28532321467236,11.988421577831755,48.199818832711074,10.563961366011654,13.548489060362211,3,3,0.9569076531737863,,"{""B"": 0.35543207242368396, ""u1"": 2.6361987522386103, ""u2"": 10.301829772872411}",-3.543322607143047,-2.0070400146406655,-6.865759008015345,-5.329476415512957
expanded,primary,NGC7793,46,k12_Q,logsvt,4,22.476965175710596,0.5351658375169189,31.452574931808158,0.15567329496755278,37.791530761666976,0.15567329496755633,6821.3838875594665,4,4,0.9999215294625504,,"{""B"": 59.60013881667513, ""Q"": 21.557778912698716, ""u1"": 0.01785662712820789, ""u2"": 0.0952555933974718}",-15.376070890007249,-12.415328085684763,-18.698507290879547,-15.737764486557055
expanded,primary,NGC7793,46,k12_L,logsvt,4,23.124794686141783,0.5505903496700425,32.100404442239345,0.8035028053987396,38.43936027209816,0.8035028053987432,7841054.983577516,4,4,0.9999797590592384,L,"{""B"": 515.598359840972, ""L"": -199.99999999997382, ""u1"": 0.19586596445926413, ""u2"": 0.020496571809873153}",-14.728241379576062,-11.767498575253576,-18.05067778044836,-15.089934976125868
expanded,primary,NGC7793,46,k12_L_Q,logsvt,5,22.321291884736375,0.5444217532862531,33.821291884736375,2.52439024789577,41.46449886718185,3.8286414004824323,4536383441.903499,4,5,0.9995931344861996,,"{""B"": 6.20654757602492, ""L"": 2.104269889601741, ""Q"": 8.04329985988508, ""u1"": 1.6704853714340046e-09, ""u2"": 0.3701811506111217}",-13.007353937079031,-8.742359980169887,-16.32979033795133,-12.064796381042179
expanded,primary,NGC7793,46,C,logsvt,1,306.03341220339234,6.800742493408719,308.1243212943014,276.8274196574608,309.86205359988145,272.22619613318204,1.0,1,1,0.0,,"{""C"": 0.37280827821847495}",261.295675472486,259.6551947525297,257.9732390716137,256.3327583516574
expanded,primary,NGC7793,46,C_Q,logsvt,2,306.03341221278464,6.9553048230178325,310.3124819802265,279.01558034338586,313.69069500576285,276.05483753906344,,1,1,0.0,logQ,"{""C"": 0.3728082691821558, ""Q"": 3.7751345511940427e-11}",263.48383615841107,263.4838361584111,260.1613997575388,260.1613997575388
expanded,primary,NGC7793,46,C_L,logsvt,2,73.89588957674553,1.6794520358351257,78.17495934418739,46.878057707346784,81.55317236972373,43.917314903024305,4.456903424649825,2,2,0.6003915353712718,,"{""C"": 0.06607391948332302, ""L"": 1.5124266250055691}",31.34631352237198,31.346313522371986,28.02387712149968,28.023877121499694
expanded,primary,NGC7793,46,C_L_Q,logsvt,3,30.976939697786534,0.720393946460152,37.5483682692151,6.251466632374498,42.46286388725382,4.827006420554397,3388926484.493703,2,3,0.9842578841719895,logC,"{""C"": 3.775134544279138e-11, ""L"": 2.9007865755615, ""Q"": 1.8965239976566786}",-9.280277552600303,-7.743994960097922,-12.602713953472602,-11.066431360970213
expanded,primary,NGC7793,46,C_k1,logsvt,3,40.80871906688967,0.9490399782997598,47.38014763831824,16.083246001477637,52.294643256356956,14.658785789657536,8268345208.356544,2,3,0.9978280613993774,logC,"{""B"": 1.015012282285294, ""C"": 3.7751345915119734e-11, ""u1"": 1.5580916557229934}",0.5515018165028351,2.0877844090052164,-2.7709345843694635,-1.234651991867075
expanded,primary,NGC7793,46,C_k1_Q,logsvt,4,30.97693974238894,0.7375461843425938,39.9525494984865,8.655647861645893,46.29150532834532,8.655647861645903,12384099474.192812,2,4,0.9999999892420302,logC,"{""B"": 25146.58581254689, ""C"": 3.789361028352009e-11, ""Q"": 1.8963566990803875, ""u1"": 5.767754319474061e-05}",-6.876096323328909,-3.915353519006416,-10.198532724201208,-7.237789919878708
expanded,primary,NGC7793,46,C_k1_L,logsvt,4,31.059435027612558,0.7395103578002991,40.03504478371012,8.738143146869515,46.37400061356894,8.738143146869518,,3,3,0.9999995399544882,L,"{""B"": 10750.99586297665, ""C"": 1.0973226729834381e-10, ""L"": -199.99999998443118, ""u1"": 0.009436486084469333}",-6.793601038105287,-3.832858233782801,-10.116037438977585,-7.1552946346550925
expanded,primary,NGC7793,46,C_k1_L_Q,logsvt,5,30.976939697786964,0.7555351145801699,42.47693969778696,11.180038060946355,50.12014668023244,12.484289213533017,1.3369582616955507e+19,2,3,1.0,logC,"{""B"": 2.7958929061605156e-08, ""C"": 3.7754159324944374e-11, ""L"": 2.900786576229558, ""Q"": 1.8965239970786507, ""u1"": 1.1587647847816389e-07}",-4.351706124028446,-0.08671216711930185,-7.674142524900745,-3.4091485679915934
expanded,primary,NGC7793,46,C_k2,logsvt,3,41.54793389530444,0.9662310208210335,48.11936246673301,16.822460829892403,53.03385808477172,15.398000618072302,9.648043985290885,3,3,0.7036064684001705,,"{""B"": 0.2949801609840555, ""C"": 0.055335001078231145, ""u2"": 14.13991180582044}",1.2907166449176017,2.826999237419983,-2.031719755954697,-0.4954371634523085
expanded,primary,NGC7793,46,C_k2_Q,logsvt,4,31.210174056036564,0.7430993822865849,40.185783812134126,8.88888217529352,46.524739641992944,8.888882175293524,43.43237259333962,4,4,0.9926452058761296,,"{""B"": 1.0634773345497621, ""C"": 0.08447372348505455, ""Q"": 2.399725081404916, ""u2"": 2.7359993448724427}",-6.642862009681281,-3.682119205358795,-9.96529841055358,-7.0045556062310865
expanded,primary,NGC7793,46,C_k2_L,logsvt,4,40.5145215731914,0.9646314660283667,49.490131329288964,18.19322969244836,55.82908715914778,18.193229692448362,24.000928707971184,4,4,0.9802317416410415,,"{""B"": 0.43820156891292866, ""C"": 0.08442622007995744, ""L"": -0.6067819885950257, ""u2"": 10.013252843893733}",2.6614855074735573,5.622228311796043,-0.6609508933987414,2.2997919109237515
expanded,primary,NGC7793,46,C_k2_L_Q,logsvt,5,22.32129188200451,0.5444217532196222,33.82129188200451,2.5243902451639038,41.464498864449986,3.828641397750566,29453836653.8994,4,5,1.0,,"{""B"": 6.206486502336801, ""C"": 4.180629656585333e-11, ""L"": 2.1042694398555004, ""Q"": 8.04326339472307, ""u2"": 0.3701834300848161}",-13.007353939810898,-8.742359982901753,-16.329790340683196,-12.064796383774045
expanded,primary,NGC7793,46,C_k12,logsvt,4,36.71389464548551,0.8741403487020359,45.68950440158307,14.392602764742467,52.02846023144189,14.39260276474247,9895698239.589092,3,4,0.9569078294530576,,"{""B"": 0.3554324090058923, ""C"": 4.48929200857602e-11, ""u1"": 2.6362016892536055, ""u2"": 10.301794032274108}",-1.1391414202323347,1.821601384090151,-4.461577821104633,-1.5008350167821405
expanded,primary,NGC7793,46,C_k12_Q,logsvt,5,22.47696517696992,0.5482186628529249,33.97696517696992,2.6800635401293142,41.6201721594154,3.9843146927159765,21006039211.052063,4,5,1.0,logC,"{""B"": 59.60045115177771, ""C"": 3.775134544279111e-11, ""Q"": 21.557837921047764, ""u1"": 0.017856534820203305, ""u2"": 0.09525533622287309}",-12.851680644845487,-8.586686687936343,-16.174117045717786,-11.909123088808634
expanded,primary,NGC7793,46,C_k12_L,logsvt,5,23.124794687066654,0.5640193826113818,34.624794687066654,3.3278930502260486,42.26800166951213,4.632144202812711,,4,4,0.999979759068157,logC;L,"{""B"": 515.5985645967498, ""C"": 3.776776263918585e-11, ""L"": -199.99999999993585, ""u1"": 0.1958658874429387, ""u2"": 0.020496554179761307}",-12.203851134748753,-7.938857177839608,-15.526287535621051,-11.2612935787119
expanded,primary,NGC7793,46,C_k12_L_Q,logsvt,6,22.32129188763051,0.5580322971907627,36.47513804147666,5.178236404636056,45.29314026656508,7.657282799865662,8200563425.849093,4,6,1.0,,"{""B"": 6.20662369838821, ""C"": 1.3363937999489957e-10, ""L"": 2.1042701200283047, ""Q"": 8.04334611535126, ""u1"": 1.199200642359323e-09, ""u2"": 0.3701783934879177}",-10.353507780338745,-4.913718580786657,-13.675944181211044,-8.236154981658949
expanded,primary,NGC7793,46,cored_log,cored_log,2,45.872012455245844,1.0425457376192238,50.151082222687705,18.8541805858471,53.52929524822403,15.89343778152461,3.105712475335108,2,2,0.7876325828906964,,"{""H"": 1.153706788401125, ""Rc"": 0.220165106987738}",3.3224364008722986,3.3224364008722915,0.0,0.0
expanded,primary,NGC7793,46,pISO,piso,2,42.549576054373546,0.9670358194175805,46.82864582181541,15.531744184974801,50.20685884735174,12.57100138065232,3.684954498140887,2,2,0.8357070479839042,,"{""H"": 1.3260854030701714, ""Rc"": 0.11179321679052699}",0.0,0.0,-3.3224364008722986,-3.3224364008722915
expanded,primary,NGC7793,46,NFW,nfw,2,39.239993649649335,0.8918180374920304,43.519063417091196,12.222161780250591,46.89727644262753,9.261418975928109,6.258097845708984,2,2,0.9462670439030768,,"{""V200"": 0.9196518882274665, ""c"": 12.202563841990896}",-3.3095824047242104,-3.3095824047242104,-6.632018805596509,-6.632018805596502
expanded,light,DDO154,12,baryons,logsvt,0,72680.25605150506,6056.688004292088,72680.25605150506,72662.93780849293,72680.25605150506,72666.32592185897,,0,0,,,{},72653.691928018,72654.05544805176,72662.71164056938,72663.07516060314
expanded,light,DDO154,12,Q,logsvt,1,72680.25605566653,6607.296005060593,72682.65605566652,72665.3378126544,72682.74096231631,72668.81083267022,1.0,1,1,0.0,logQ,"{""Q"": 3.7751345445164094e-11}",72656.09193217946,72656.54035886301,72665.11164473085,72665.5600714144
expanded,light,DDO154,12,L,logsvt,1,223.7139428132864,20.33763116484422,226.1139428132864,208.79569980116835,226.1988494630744,212.26871981698102,1.0,1,1,0.0,,"{""L"": 1.457222346844286}",199.54981932622883,199.99824600977414,208.5695318776105,209.01795856115584
expanded,light,DDO154,12,L_Q,logsvt,2,83.51056273099084,8.351056273099084,88.84389606432417,71.52565305220612,88.48037603056684,74.55024638447347,12.784192440783613,2,2,0.9780609532979362,,"{""L"": 1.8915942000113402, ""Q"": 0.6970823211859855}",62.279772577266584,62.2797725772666,71.29948512864827,71.29948512864829
expanded,light,DDO154,12,k1,logsvt,2,104.07867665239938,10.407867665239937,109.41200998573271,92.09376697361466,109.04848995197538,95.118360305882,37.80943720712845,2,2,0.9984885903115215,,"{""B"": 1.8013128178218778, ""u1"": 0.5387165305447503}",82.84788649867512,82.84788649867514,91.86759905005681,91.86759905005681
expanded,light,DDO154,12,k1_Q,logsvt,3,83.51056296693513,9.27895144077057,92.51056296693513,75.19231995481708,90.96528291629913,77.03515327020575,849683887.5799946,2,3,0.99999997793138,,"{""B"": 21462.909867220827, ""Q"": 0.6969989604356077, ""u1"": 4.406658294354974e-05}",65.94643947987754,64.76467946299888,74.96615203125923,73.78439201438056
expanded,light,DDO154,12,k1_L,logsvt,3,83.66550378411951,9.29616708712439,92.66550378411951,75.34726077200146,91.12022373348351,77.19009408739014,529707841.6532069,2,3,0.9999999882293278,L,"{""B"": 29145.031480369493, ""L"": -199.9999999998508, ""u1"": 0.00346357442652198}",66.10138029706192,64.91962028018327,75.12109284844361,73.93933283156494
expanded,light,DDO154,12,k1_L_Q,logsvt,4,83.51056282523422,10.438820353154277,97.22484853951993,79.90660552740188,93.45018942438622,79.52005977829285,694169478.4000475,2,4,0.9999945142081652,,"{""B"": 0.004585799639426584, ""L"": 1.8915442610282, ""Q"": 0.6970820605830138, ""u1"": 0.005445696678864313}",70.66072505246234,67.24958597108598,79.68043760384403,76.26929852246766
expanded,light,DDO154,12,k2,logsvt,2,12.211077602342566,1.2211077602342566,17.5444109356759,0.22616792355785265,17.180890901918566,3.250761255825184,11.198721593782688,2,2,0.958332661478854,,"{""B"": 0.3330960115824813, ""u2"": 5.742945456478698}",-9.019712551381684,-9.019712551381684,0.0,0.0
expanded,light,DDO154,12,k2_Q,logsvt,3,8.318243012118044,0.9242492235686716,17.318243012118046,0.0,15.772962961482046,1.8428333153886634,120.81599316039045,3,3,0.9788312069341351,,"{""B"": 0.3974038863136003, ""Q"": 0.2300408066236657, ""u2"": 4.549102635070098}",-9.245880474939536,-10.427640491818204,-0.22616792355785265,-1.4079279404365206
expanded,light,DDO154,12,k2_L,logsvt,3,11.435303738377531,1.27058930426417,20.43530373837753,3.117060726259485,18.890023687741532,4.95989404164815,41.741780628402275,3,3,0.9835727813506471,,"{""B"": 0.36312833009582635, ""L"": -0.11372469424416994, ""u2"": 5.552825925965561}",-6.128819748680051,-7.3105797655587175,2.8908928027016323,1.7091327858229661
expanded,light,DDO154,12,k2_L_Q,logsvt,4,4.330825304432776,0.541353163054097,18.04511101871849,0.7268680066004443,14.270451903584778,0.3403222574913958,135.33641203135804,4,4,0.9820268582239143,,"{""B"": 0.40840623532277864, ""L"": 0.5448928767974176, ""Q"": 0.7267738264003542, ""u2"": 2.944408805724135}",-8.519012468339092,-11.930151549715472,0.5007000830425916,-2.910438998333788
expanded,light,DDO154,12,k12,logsvt,3,12.211077602358353,1.3567864002620391,21.21107760235835,3.892834590240305,19.665797551722356,5.735667905628974,7.212100929726367e+17,2,2,0.9583326580279544,logu1,"{""B"": 0.3330960117681141, ""u1"": 3.775134804080246e-11, ""u2"": 5.742945445701142}",-5.353045884699231,-6.534805901577894,3.6666666666824526,2.48490664980379
expanded,light,DDO154,12,k12_Q,logsvt,4,4.154336480275194,0.5192920600343992,17.86862219456091,0.5503791824428639,14.093963079427194,0.16383343333381184,188.13391074539058,4,4,0.9929646644135556,,"{""B"": 0.6106952478334033, ""Q"": 0.6289650974553435, ""u1"": 0.39332743244978025, ""u2"": 2.3554865764082686}",-8.695501292496672,-12.106640373873056,0.32421125888501123,-3.086927822491372
expanded,light,DDO154,12,k12_L,logsvt,4,3.990503046941381,0.4988128808676726,17.704788761227096,0.38654574910905026,13.930129646093382,0.0,1498.0332212545432,4,4,0.9985252617953999,,"{""B"": 1.8112335976310152, ""L"": -2.9248314512859652, ""u1"": 0.9109859373580085, ""u2"": 1.2937840753627818}",-8.859334725830486,-12.270473807206868,0.16037782555119762,-3.250761255825184
expanded,light,DDO154,12,k12_L_Q,logsvt,5,3.9905030483957655,0.570071864056538,23.990503048395766,6.67226003627772,16.415036297335767,2.484906651242385,10085558263.303999,4,5,0.9999668900250194,,"{""B"": 1.811234064155942, ""L"": -2.924832129597475, ""Q"": 4.5700607873964066e-08, ""u1"": 0.910985906352791, ""u2"": 1.2937837681933875}",-2.5736204386618162,-9.785567155964483,6.446092112719867,-0.765854604582799
expanded,light,DDO154,12,C,logsvt,1,2089.879185855807,189.98901689598245,2092.279185855807,2074.960942843689,2092.364092505595,2078.4339628595017,1.0,1,1,0.0,,"{""C"": 0.8366583537186855}",2065.7150623687494,2066.163489052295,2074.7347749201313,2075.1832016036765
expanded,light,DDO154,12,C_Q,logsvt,2,2089.879185958745,208.9879185958745,2095.2125192920785,2077.8942762799606,2094.848999258321,2080.9188696122274,,1,1,0.0,logQ,"{""C"": 0.8366583511510804, ""Q"": 3.7751375795406335e-11}",2068.6483958050208,2068.6483958050208,2077.6681083564026,2077.668108356402
expanded,light,DDO154,12,C_L,logsvt,2,197.20018651844845,19.720018651844846,202.5335198517818,185.21527683966374,202.16999981802445,188.23987017193107,24.808768056915223,2,2,0.9568361759038607,,"{""C"": 0.07976542360031522, ""L"": 1.3213185784471542}",175.96939636472422,175.9693963647242,184.9891089161059,184.9891089161059
expanded,light,DDO154,12,C_L_Q,logsvt,3,83.51056275477329,9.278951417197032,92.51056275477329,75.19231974265524,90.9652827041373,77.03515305804392,,2,2,0.9780609503277606,logC,"{""C"": 3.775134643782668e-11, ""L"": 1.891594207149495, ""Q"": 0.6970823317677542}",65.9464392677157,64.76467925083705,74.96615181909739,73.78439180221872
expanded,light,DDO154,12,C_k1,logsvt,3,104.0786766714075,11.564297407934166,113.0786766714075,95.76043365928945,111.5333966207715,97.60326697467812,,2,2,0.9984885903067166,logC,"{""B"": 1.8013128499799647, ""C"": 3.77513478638858e-11, ""u1"": 0.5387165177566019}",86.51455318434991,85.33279316747125,95.5342657357316,94.35250571885294
expanded,light,DDO154,12,C_k1_Q,logsvt,4,83.5105632943402,10.438820411792525,97.22484900862591,79.90660599650786,93.45018989349221,79.52006024739883,9086693416.517881,2,4,0.9999999559994474,,"{""B"": 15204.982845074514, ""C"": 1.4800271014904112e-10, ""Q"": 0.6969646775356295, ""u1"": 6.220310237673064e-05}",70.66072552156832,67.24958644019196,79.68043807295001,76.26929899157363
expanded,light,DDO154,12,C_k1_L,logsvt,4,83.66550581834868,10.458188227293585,97.37979153263439,80.06154852051634,93.60513241750068,79.6750027714073,,2,3,0.999999988060966,L,"{""B"": 29144.713120010823, ""C"": 1.7719369815530405e-09, ""L"": -199.99883829826706, ""u1"": 0.0034635923262235123}",70.8156680455768,67.40452896420044,79.83538059695849,76.42424151558211
expanded,light,DDO154,12,C_k1_L_Q,logsvt,5,83.5105635607668,11.930080508680971,103.5105635607668,86.19232054864875,95.9350968097068,82.00496716361343,4065576198.863498,2,5,0.9999960837529845,,"{""B"": 0.030545270670938082, ""C"": 7.610601753010107e-10, ""L"": 1.8913204585416659, ""Q"": 0.6970811070361539, ""u1"": 0.004480985022328135}",76.94644007370921,69.73449335640656,85.9661526250909,78.75420590778825
expanded,light,DDO154,12,C_k2,logsvt,3,11.903453893412745,1.3226059881569716,20.903453893412745,3.5852108812946994,19.358173842776747,5.428044196683365,368.5363524434952,3,3,0.7307881566380438,,"{""B"": 0.3324000591955176, ""C"": 0.010477819948556778, ""u2"": 5.570859666495564}",-5.660669593644837,-6.842429610523503,3.359042957736847,2.1772829408581806
expanded,light,DDO154,12,C_k2_Q,logsvt,4,5.178530535625779,0.6473163169532223,18.892816249911494,1.574573237793448,15.11815713477778,1.1880274886843978,151.0628072353069,4,4,0.9873257151857615,,"{""B"": 0.4491683199208124, ""C"": 0.03777244427540898, ""Q"": 0.3886725526343975, ""u2"": 3.549663925773638}",-7.671307237146088,-11.08244631852247,1.3484053142355954,-2.062733767140786
expanded,light,DDO154,12,C_k2_L,logsvt,4,6.797695359109321,0.8497119198886651,20.511981073395035,3.1937380612769886,16.737321958261322,2.80719231216794,166.2605805933106,4,4,0.9942924687538579,,"{""B"": 0.4836945681266732, ""C"": 0.07394746336667873, ""L"": -0.5619424285877265, ""u2"": 4.22696314444583}",-6.052142413662548,-9.463281495038927,2.967570137719136,-0.44356894365724386
expanded,light,DDO154,12,C_k2_L_Q,logsvt,5,4.330825304967842,0.6186893292811203,24.330825304967842,7.012582292849796,16.755358553907843,2.825228907814461,,4,4,0.9820268547912199,logC,"{""B"": 0.408406152028375, ""C"": 3.775135117774989e-11, ""L"": 0.5448928076815458, ""Q"": 0.7267735543384284, ""u2"": 2.944409610365797}",-2.23329818208974,-9.445244899392407,6.786414369291943,-0.4255323480107229
expanded,light,DDO154,12,C_k12,logsvt,4,11.903453893590875,1.4879317366988594,25.61773960787659,8.299496595758544,21.843080492742878,7.912950846649496,5519807265.361644,3,4,0.9997886869770188,logu1,"{""B"": 0.33240005815577467, ""C"": 0.01047782296523404, ""u1"": 3.775134544279111e-11, ""u2"": 5.570859658721599}",-0.946383879180992,-4.357522960557372,8.073328672200692,4.662189590824312
expanded,light,DDO154,12,C_k12_Q,logsvt,5,4.1543364808120895,0.5934766401160128,24.15433648081209,6.836093468694045,16.578869729752093,2.6487400836587103,,4,4,0.9929646305010497,logC,"{""B"": 0.6106950772360764, ""C"": 3.775135361182573e-11, ""Q"": 0.6289648123987364, ""u1"": 0.3933273609385625, ""u2"": 2.3554875233161385}",-2.409787006245491,-9.621733723548157,6.609925545136193,-0.6020211721664737
expanded,light,DDO154,12,C_k12_L,logsvt,5,3.990503047277626,0.5700718638968038,23.990503047277628,6.6722600351595815,16.41503629621763,2.4849066501242465,,4,4,0.9985252630035881,logC,"{""B"": 1.8112357337555922, ""C"": 3.775295514758605e-11, ""L"": -2.9248348209028774, ""u1"": 0.9109858537165658, ""u2"": 1.2937827479672477}",-2.5736204397799547,-9.785567157082621,6.446092111601729,-0.7658546057009374
expanded,light,DDO154,12,C_k12_L_Q,logsvt,6,3.9905030824623022,0.6650838470770504,32.7905030824623,15.472260070344255,18.899942981190307,4.969813335096925,6473031886.8553295,4,6,1.0,,"{""B"": 1.8112345707288564, ""C"": 2.156508628621195e-09, ""L"": -2.9248322411480023, ""Q"": 5.145369595100753e-07, ""u1"": 0.9109857385911657, ""u2"": 1.2937832062755326}",6.226379595404719,-7.300660472109943,15.246092146786403,1.7190520792717408
expanded,light,DDO154,12,cored_log,cored_log,2,12.211077602342566,1.2211077602342566,17.5444109356759,0.22616792355785265,17.180890901918566,3.250761255825184,7.332916560678606,2,2,0.9583326591246586,,"{""H"": 1.3323840472842972, ""Rc"": 0.4172848857716105}",-9.019712551381684,-9.019712551381684,0.0,0.0
expanded,light,DDO154,12,pISO,piso,2,21.23079015372425,2.123079015372425,26.564123487057582,9.245880474939536,26.20060345330025,12.270473807206868,9.702556262289274,2,2,0.9764610619395494,,"{""H"": 1.7774675001969977, ""Rc"": 0.2557192940362237}",0.0,0.0,9.019712551381684,9.019712551381684
expanded,light,DDO154,12,NFW,nfw,2,100.87405791547707,10.087405791547706,106.2073912488104,88.88914823669235,105.84387121505307,91.9137415689597,24.775204239632206,2,2,0.9966269192268346,,"{""V200"": 1.3869955384741905, ""c"": 5.2752866082963275}",79.64326776175281,79.64326776175282,88.6629803131345,88.66298031313451
expanded,light,NGC2403,73,baryons,logsvt,0,439283.2689974439,6017.579027362245,439283.2689974439,438665.61697100155,439283.2689974439,438657.0433685311,,0,0,,,{},438293.27092605626,438288.8614357454,437658.52244567365,437654.1129553628
expanded,light,NGC2403,73,Q,logsvt,1,439283.26900814293,6101.156514001985,439285.3253461711,438667.67331972875,439287.55946758407,438661.3338386713,1.0,1,1,0.0,logQ,"{""Q"": 3.7751345447982214e-11}",438295.32727478346,438293.15190588555,437660.57879440085,437658.403425503
expanded,light,NGC2403,73,L,logsvt,1,20432.189534228008,283.7804101976112,20434.245872256175,19816.59384581383,20436.479993669156,19810.254364756336,1.0,1,1,0.0,,"{""L"": 2.3128544136741254}",19444.247800868547,19442.072431970657,18809.499320485946,18807.32395158806
expanded,light,NGC2403,73,L_Q,logsvt,2,3471.4625005304724,48.89383803564046,3475.633929101901,2857.981902659557,3480.0434194127693,2853.8177904999493,7.353694696481786,2,2,0.9444307832302856,,"{""L"": 4.039328834700536, ""Q"": 3.580216452034628}",2485.635857714271,2485.635857714271,1850.8873773316725,1850.8873773316727
expanded,light,NGC2403,73,k1,logsvt,2,752.327662328773,10.596164258151733,756.4990909002016,138.84706445785764,760.9085812110699,134.68295229825003,10.025696529934237,2,2,0.9431600896940107,,"{""B"": 0.6936514660312229, ""u1"": 6.1121988389105635}",-233.49898048742818,-233.49898048742818,-868.2474608700267,-868.2474608700267
expanded,light,NGC2403,73,k1_Q,logsvt,3,693.9963432738489,9.914233475340698,700.3441693608054,82.6921429184614,706.867721597294,80.64209268447416,76.43343667149685,3,3,0.9699657102513193,,"{""B"": 0.7596675533037014, ""Q"": 0.19480706648858223, ""u1"": 5.179943826445834}",-289.6539020268244,-287.53984010120405,-924.4023824094229,-922.2883204838025
expanded,light,NGC2403,73,k1_L,logsvt,3,661.7335737356599,9.453336767652283,668.0813998226164,50.42937338027241,674.604952059105,48.379323146285174,44.467994252089426,3,3,0.980355973179797,,"{""B"": 0.8955704324236529, ""L"": -0.38216510253652614, ""u1"": 4.460801930560591}",-321.9166715650134,-319.80260963939304,-956.6651519476119,-954.5510900219915
expanded,light,NGC2403,73,k1_L_Q,logsvt,4,661.733573740906,9.590341648418928,670.3218090350236,52.66978259267967,678.8954115054995,52.66978259267967,,3,3,0.9803559765556146,logQ,"{""B"": 0.8955707548778333, ""L"": -0.3821656270520724, ""Q"": 3.7751345471715506e-11, ""u1"": 4.460799884152451}",-319.67626235260616,-315.51215019299855,-954.4247427352046,-950.260630575597
expanded,light,NGC2403,73,k2,logsvt,2,1620.5751231988052,22.825001735194437,1624.7465517702337,1007.0945253278898,1629.156042081102,1002.9304131682821,9.36852912348223,2,2,0.6261670923249704,,"{""B"": 0.26175321036331256, ""u2"": 108.41206274466835}",634.7484803826039,634.7484803826039,5.4569682106375694e-12,5.4569682106375694e-12
expanded,light,NGC2403,73,k2_Q,logsvt,3,1620.575123283398,23.151073189762826,1626.9229493703544,1009.2709229280105,1633.4465016068432,1007.2208726940233,,2,2,0.6261670590994074,logQ,"{""B"": 0.26175320483733255, ""Q"": 3.7751347657586984e-11, ""u2"": 108.41208934550622}",636.9248779827246,639.0389399083451,2.1763976001261653,4.290459525746655
expanded,light,NGC2403,73,k2_L,logsvt,3,1101.3664875569827,15.733806965099754,1107.7143136439392,490.06228720159527,1114.237865880428,488.01223696760815,14.142514863287733,3,3,0.9543828194391617,,"{""B"": 0.20783685691633766, ""L"": 0.4275574984885438, ""u2"": 173.78998298875234}",117.71624225630944,119.83030418192993,-517.032238126289,-514.9181762006685
expanded,light,NGC2403,73,k2_L_Q,logsvt,4,987.3345454179565,14.309196310405166,995.9227807120742,378.2707542697302,1004.4963831825501,378.2707542697302,43.4531454771568,4,4,0.9789703847893068,,"{""B"": 0.14704441850310407, ""L"": 1.418726207767111, ""Q"": 0.9666862409966632, ""u2"": 257.333641470495}",5.924709324444393,10.088821484052005,-628.8237710581541,-624.6596588985465
expanded,light,NGC2403,73,k12,logsvt,3,614.3491931556524,8.776417045080748,620.6970192426089,3.044992800264936,627.2205714790975,0.9949425662777003,23.074726064733944,3,3,0.9332410339763754,,"{""B"": 0.31037559395066006, ""u1"": 9.381483095019172, ""u2"": 59.06247969850628}",-369.3010521450209,-367.1869902194005,-1004.0495325276194,-1001.935470601999
expanded,light,NGC2403,73,k12_Q,logsvt,4,614.3491931690529,8.903611495203666,622.9374284631706,5.285402020826609,631.5110309336465,5.285402020826609,1577595445.8002534,3,4,0.9941336749331401,,"{""B"": 0.3103755902143753, ""Q"": 3.6296239112414647e-10, ""u1"": 9.381482509584487, ""u2"": 59.062482274280256}",-367.0606429244592,-362.8965307648516,-1001.8091233070577,-997.6450111474501
expanded,light,NGC2403,73,k12_L,logsvt,4,612.1546962756353,8.871807192400512,620.742931569753,3.0909051274089734,629.3165340402288,3.0909051274089734,85.22280898115052,4,4,0.9886993813849476,,"{""B"": 0.326191742083839, ""L"": -0.0630772024533966, ""u1"": 9.348489867196491, ""u2"": 51.71398274209538}",-369.25513981787685,-365.09102765826924,-1004.0036202004753,-999.8395080408677
expanded,light,NGC2403,73,k12_L_Q,logsvt,5,612.1546990874092,9.002274986579547,623.0502214754689,5.398195033124921,633.6069962931512,7.381367380331312,1296159608.8157551,4,5,0.9969470418592083,,"{""B"": 0.3261917252159633, ""L"": -0.06307707670704778, ""Q"": 2.097600831138682e-08, ""u1"": 9.348491264183874, ""u2"": 51.713987374630804}",-366.9478499121609,-360.8005654053469,-1001.6963302947594,-995.5490457879454
expanded,light,NGC2403,73,C,logsvt,1,23315.515869091203,323.82660929293337,23317.57220711937,22699.920180677025,23319.80632853235,22693.58069961953,1.0,1,1,0.0,,"{""C"": 0.8705362253173019}",22327.574135731742,22325.398766833852,21692.82565534914,21690.650286451255
expanded,light,NGC2403,73,C_Q,logsvt,2,23315.515869647366,328.3875474598221,23319.687298218796,22702.03527177645,23324.096788529663,22697.871159616843,,1,1,0.0,logQ,"{""C"": 0.8705362249975338, ""Q"": 3.775134589830675e-11}",22329.689226831168,22329.689226831164,21694.940746448567,21694.940746448567
expanded,light,NGC2403,73,C_L,logsvt,2,7163.865567413186,100.89951503398854,7168.036995984615,6550.3849695422705,7172.446486295483,6546.220857382663,3.7910787602882747,2,2,0.8694835316192322,,"{""C"": 0.3913808241855878, ""L"": 1.3376514892199443}",6178.038924596985,6178.0389245969845,5543.290444214386,5543.290444214386
expanded,light,NGC2403,73,C_L_Q,logsvt,3,2033.7773309952424,29.053961871360606,2040.125157082199,1422.4731306398548,2046.6487093186877,1420.423080405868,14.313341929922354,3,3,0.9420962964833274,,"{""C"": 0.15150427495069232, ""L"": 3.2582821519366294, ""Q"": 2.7407107181948542}",1050.1270856945691,1052.2411476201896,415.37860531197066,417.49266723759115
expanded,light,NGC2403,73,C_k1,logsvt,3,752.3276624183271,10.74753803454753,758.6754885052836,141.02346206293964,765.1990407417723,138.9734118289524,203950776697.29962,2,3,1.0,logC,"{""B"": 0.6936514665200038, ""C"": 3.775134904490647e-11, ""u1"": 6.112198831672454}",-231.32258288234618,-229.2085209567258,-866.0710632649447,-863.9570013393243
expanded,light,NGC2403,73,C_k1_Q,logsvt,4,693.9963433335217,10.057918019326403,702.5845786276394,84.93255218529544,711.1581810981153,84.93255218529544,3448124180.5182095,3,4,0.9996670494293524,,"{""B"": 0.7596675607257026, ""C"": 3.918038516663754e-11, ""Q"": 0.194807065061683, ""u1"": 5.179943668973903}",-287.4134927599904,-283.2493806003828,-922.1619731425889,-917.9978609829813
expanded,light,NGC2403,73,C_k1_L,logsvt,4,661.733573781293,9.590341649004246,670.3218090754107,52.66978263306669,678.8954115458865,52.66978263306669,71421719926.72935,3,4,0.9990915634725678,logC,"{""B"": 0.8955703575317338, ""C"": 3.775134544279138e-11, ""L"": -0.3821649711712191, ""u1"": 4.460802365005211}",-319.67626231221914,-315.5121501526115,-954.4247426948176,-950.26063053521
expanded,light,NGC2403,73,C_k1_L_Q,logsvt,5,661.733573786419,9.731376085094396,672.6290961744787,54.97706973213474,683.185870992161,56.96024207934113,,3,4,1.0,logC;logQ,"{""B"": 0.8955705582531418, ""C"": 3.7751348531151175e-11, ""L"": -0.3821653028084303, ""Q"": 3.7751347082158365e-11, ""u1"": 4.460801106779992}",-317.3689752131511,-311.2216907063371,-952.1174555957496,-945.9701710889356
expanded,light,NGC2403,73,C_k2,logsvt,3,768.2849596406697,10.975499423438139,774.6327857276262,156.98075928528226,781.1563379641149,154.93070905129503,16.73048706885388,3,3,0.685000133716558,,"{""B"": 0.23825779204088166, ""C"": 0.14356944529548835, ""u2"": 53.91459877753293}",-215.36528566000356,-213.2512237343832,-850.113766042602,-847.9997041169817
expanded,light,NGC2403,73,C_k2_Q,logsvt,4,768.284959673443,11.13456463294845,776.8731949675607,159.22116852521674,785.4467974380366,159.22116852521674,,3,3,0.6850001373243011,logQ,"{""B"": 0.23825779269882377, ""C"": 0.14356943517528428, ""Q"": 3.7751346324414905e-11, ""u2"": 53.91460301136663}",-213.12487642006909,-208.96076426046147,-847.8733568026676,-843.70924464306
expanded,light,NGC2403,73,C_k2_L,logsvt,4,690.3376223064876,10.004893076905617,698.9258576006052,81.27383115826126,707.4994600710811,81.27383115826126,26.01532261770544,4,4,0.9040691241780595,,"{""B"": 0.21119770988664344, ""C"": 0.11988093125311314, ""L"": 0.21994714318970945, ""u2"": 74.53413880627751}",-291.07221378702457,-286.90810162741695,-925.820694169623,-921.6565820100154
expanded,light,NGC2403,73,C_k2_L_Q,logsvt,5,690.3376223114209,10.152023857520895,701.2331446994806,83.58111825713661,711.7899195171628,85.564290604343,,4,4,0.9040690000365913,,"{""B"": 0.21119768688809226, ""C"": 0.11988080609060507, ""L"": 0.2199474443929063, ""Q"": 5.793604266249267e-11, ""u2"": 74.5342231533205}",-288.7649266881492,-282.6176421813352,-923.5134070707477,-917.3661225639337
expanded,light,NGC2403,73,C_k12,logsvt,4,609.0637911482263,8.827011465916323,617.652026442344,0.0,626.2256289128198,0.0,182.71529567062734,4,4,0.9145323585856964,,"{""B"": 0.29868911900382517, ""C"": 0.02643952350830887, ""u1"": 7.723757924052302, ""u2"": 57.06361546712402}",-372.3460449452858,-368.1819327856782,-1007.0945253278843,-1002.9304131682767
expanded,light,NGC2403,73,C_k12_Q,logsvt,5,609.0637911521194,8.956820458119402,619.9593135401791,2.3072870978351148,630.5160883578613,4.290459445041506,,4,4,0.9145322468638833,logQ,"{""B"": 0.29868913819507575, ""C"": 0.02643947357381554, ""Q"": 3.775353585342707e-11, ""u1"": 7.723760415748351, ""u2"": 57.063620431099814}",-370.0387578474507,-363.8914733406367,-1004.7872382300492,-998.6399537232352
expanded,light,NGC2403,73,C_k12_L,logsvt,5,608.7417957374001,8.952085231432354,619.6373181254598,1.985291683115861,630.1940929431421,3.9684640303222523,288.5033440538705,5,5,0.9656481802704439,,"{""B"": 0.30624637726082826, ""C"": 0.02328736719493745, ""L"": -0.025799846007284678, ""u1"": 7.948029694786772, ""u2"": 54.43521302604346}",-370.36075326216996,-364.21346875535596,-1005.1092336447684,-998.9619491379544
expanded,light,NGC2403,73,C_k12_L_Q,logsvt,6,608.741795928041,9.08569844668718,622.0145232007683,4.3624967584242995,634.4845525749314,8.258923662111556,2915265181.722627,5,6,0.9901809034540102,,"{""B"": 0.3062464357653313, ""C"": 0.02328728948628562, ""L"": -0.02579995183289072, ""Q"": 1.3825260195232996e-09, ""u1"": 7.948034169149042, ""u2"": 54.43520785313732}",-367.9835481868615,-359.92300912356666,-1002.73202856946,-994.6714895061651
expanded,light,NGC2403,73,cored_log,cored_log,2,1620.5751231987997,22.825001735194363,1624.7465517702283,1007.0945253278843,1629.1560420810965,1002.9304131682767,4.794423225905398,2,2,0.6261670993774148,,"{""H"": 1.047012840838139, ""Rc"": 0.09604199990612311}",634.7484803825985,634.7484803825985,0.0,0.0
expanded,light,NGC2403,73,pISO,piso,2,985.8266428162012,13.884882293185933,989.9980713876298,372.3460449452858,994.4075616984981,368.1819327856782,6.1386929111361495,2,2,0.8062185513992582,,"{""H"": 1.1923371668095442, ""Rc"": 0.047411294219573505}",0.0,0.0,-634.7484803825985,-634.7484803825985
expanded,light,NGC2403,73,NFW,nfw,2,639.8071834692623,9.011368781257216,643.9786120406909,26.326585598346924,648.3881023515592,22.162473438739312,8.734672476046043,2,2,0.9554243316147982,,"{""V200"": 0.7636655469486335, ""c"": 16.335745313212545}",-346.0194593469389,-346.0194593469389,-980.7679397295374,-980.7679397295374
expanded,light,NGC2841,50,baryons,logsvt,0,49848.47040252816,996.9694080505632,49848.47040252816,49742.185485122,49848.47040252816,49736.97115523615,,0,0,,,{},49723.3990615964,49719.83033473448,49731.29316847071,49727.724441608785
expanded,light,NGC2841,50,Q,logsvt,1,49848.470405962384,1017.3157225706609,49850.55373929572,49744.26882188956,49852.38242896781,49740.883181675796,1.0,1,1,0.0,logQ,"{""Q"": 3.7751345445069e-11}",49725.48239836396,49723.742361174125,49733.376505238266,49731.63646804843
expanded,light,NGC2841,50,L,logsvt,1,6036.27737671797,123.18933421873407,6038.360710051303,5932.07579264514,6040.189399723397,5928.690152431384,1.0,1,1,0.0,,"{""L"": 1.2402632929026272}",5913.2893691195395,5911.549331929714,5921.183475993847,5919.443438804022
expanded,light,NGC2841,50,L_Q,logsvt,2,2592.919734500349,54.019161135423936,2597.175053649285,2490.890136243122,2600.7437805112054,2489.244533219193,10.138235947575193,2,2,0.9709737755082266,,"{""L"": 3.019580154004576, ""Q"": 2.571710646126097}",2472.1037127175214,2472.103712717522,2479.9978195918297,2479.99781959183
expanded,light,NGC2841,50,k1,logsvt,2,120.94789503814994,2.5197478132947904,125.2032141870861,18.9182967809231,128.77194104900622,17.27269375699356,115.65807167886187,2,2,0.7004690096047151,,"{""B"": 0.38082479302800537, ""u1"": 348.0193173982016}",0.13187325532258853,0.13187325532257432,8.025980129630867,8.025980129630852
expanded,light,NGC2841,50,k1_Q,logsvt,3,119.16138897448847,2.5353487015848613,125.68312810492326,19.398210698760252,130.89745799077292,19.398210698760266,142.64492727147737,3,3,0.8886991600577016,,"{""B"": 0.38905696474255613, ""Q"": 0.03228653835467242, ""u1"": 196.3870593699998}",0.6117871731597404,2.257390197089279,8.505894047468018,10.151497071397557
expanded,light,NGC2841,50,k1_L,logsvt,3,111.39663571658248,2.3701411854592016,117.91837484701726,11.633457440854258,123.13270473286691,11.633457440854258,73.9019647735678,3,3,0.96510698632572,,"{""B"": 0.4164896906508122, ""L"": -0.09664984797549107, ""u1"": 91.51252798649838}",-7.152966084746254,-5.507363060816729,0.7411407895620243,2.386743813491549
expanded,light,NGC2841,50,k1_L_Q,logsvt,4,111.39663572181765,2.4216659939525575,120.28552461070653,14.000607204543527,127.04472774353023,15.545480451517577,,3,3,0.9651069847335177,logQ,"{""B"": 0.4164896780454374, ""L"": -0.09664981803129855, ""Q"": 3.775141486650985e-11, ""u1"": 91.51256041447553}",-4.785816321056984,-1.5953400501534105,3.108290553251294,6.2987668241548675
expanded,light,NGC2841,50,k2,logsvt,2,112.92191490851891,2.3525398939274775,117.17723405745508,10.892316651292077,120.74596091937521,9.246713627362553,55.03352913369544,2,2,0.39316321278275823,,"{""B"": 0.19035914997237632, ""u2"": 2219.730145461999}",-7.894106874308434,-7.894106874308434,-1.5631940186722204e-13,-1.5631940186722204e-13
expanded,light,NGC2841,50,k2_Q,logsvt,3,109.39365944424408,2.3275246690264697,115.91539857467886,9.630481168515857,121.12972846052851,9.630481168515857,92.03514801385944,3,3,0.8637145252068601,,"{""B"": 0.1944294845005549, ""Q"": 0.040159000257291744, ""u2"": 1651.0648907281293}",-9.155942357084655,-7.51033933315513,-1.2618354827763767,0.3837675411531478
expanded,light,NGC2841,50,k2_L,logsvt,3,99.76317827572822,2.1226208143771963,106.284917406163,0.0,111.49924729201265,0.0,50.42706365305091,3,3,0.9505232058049254,,"{""B"": 0.20421599019953302, ""L"": -0.09104468674012567, ""u2"": 1113.1833392739156}",-18.78642352560051,-17.140820501670987,-10.892316651292234,-9.246713627362709
expanded,light,NGC2841,50,k2_L_Q,logsvt,4,99.7631782816059,2.1687647452523025,108.65206717049479,2.367149764331785,115.41127030331849,3.912023011305834,,3,3,0.9505232060626037,logQ,"{""B"": 0.20421599273690993, ""L"": -0.09104470118743345, ""Q"": 3.775134579919643e-11, ""u2"": 1113.183143970066}",-16.419273761268727,-13.228797490365153,-8.525166886960449,-5.334690616056875
expanded,light,NGC2841,50,k12,logsvt,3,112.92191490856798,2.402593934224851,119.44365403900277,13.158736632839762,124.65798392485242,13.158736632839762,,2,2,0.39316321229344553,,"{""B"": 0.19035914939912243, ""u1"": 1.2311970933580877e-10, ""u2"": 2219.731055093783}",-5.6276868927607495,-3.982083868831225,2.2664199815475286,3.912023005477053
expanded,light,NGC2841,50,k12_Q,logsvt,4,109.3936594442711,2.3781230313971977,118.28254833315998,11.997630926996976,125.04175146598368,13.542504173971025,3.5109827156527597e+17,3,3,0.8637145320686302,,"{""B"": 0.19442948429965762, ""Q"": 0.04015899692469408, ""u1"": 6.63410091071396e-11, ""u2"": 1651.0648314226225}",-6.788792598603536,-3.598316327699962,1.1053142757047425,4.295790546608316
expanded,light,NGC2841,50,k12_L,logsvt,4,99.7631782978672,2.1687647456058086,108.65206718675608,2.3671497805930812,115.41127031957978,3.9120230275671304,2412469782.529283,3,4,0.9983504442174251,,"{""B"": 0.20421599336922247, ""L"": -0.09104470479023688, ""u1"": 5.382524594951591e-08, ""u2"": 1113.1830893907074}",-16.41927374500743,-13.228797474103857,-8.525166870699152,-5.334690599795579
expanded,light,NGC2841,50,k12_L_Q,logsvt,5,99.76317838917086,2.2169595197593526,111.12681475280722,4.841897346644217,119.32329341631159,7.824046124298931,4142728639.965931,3,5,0.9999545161228496,,"{""B"": 0.20421599363398701, ""L"": -0.09104470661564987, ""Q"": 2.4468797487283146e-10, ""u1"": 1.8316116602030688e-07, ""u2"": 1113.183078638033}",-13.944526178956295,-9.316774377372056,-6.050419304648017,-1.4226675030637779
expanded,light,NGC2841,50,C,logsvt,1,123.0800761490585,2.511838288756296,125.16340948239183,18.878492076228824,126.99209915448664,15.492851862473984,1.0,1,1,0.0,,"{""C"": 0.7550928035345918}",0.0920685506283121,-1.6479686391970034,7.98617542493659,6.246138235111275
expanded,light,NGC2841,50,C_Q,logsvt,2,123.06504559776411,2.563855116620086,127.32036474670028,21.035447340537274,130.8890916086204,19.389844316607736,1297.0377856127116,2,2,0.8081090241994174,,"{""C"": 0.7558924097903685, ""Q"": 0.0022833125304855526}",2.2490238149367627,2.2490238149367485,10.14313068924504,10.143130689245027
expanded,light,NGC2841,50,C_L,logsvt,2,122.39055012068164,2.549803127514201,126.6458692696178,20.3609518634548,130.21459613153792,18.715348839525262,4.683887294860641,2,2,0.9067833159343499,,"{""C"": 0.763606427570712, ""L"": -0.015867636267959968}",1.5745283378542894,1.5745283378542752,9.468635212162567,9.468635212162553
expanded,light,NGC2841,50,C_L_Q,logsvt,3,122.39055012344735,2.6040542579456885,128.91228925388214,22.627371847719132,134.1266191397318,22.627371847719132,,2,2,0.9067833134991189,logQ,"{""C"": 0.7636064299675345, ""L"": -0.015867639962290604, ""Q"": 3.7753828640126214e-11}",3.8409483221186207,5.486551346048145,11.735055196426899,13.380658220356423
expanded,light,NGC2841,50,C_k1,logsvt,3,120.9478950491927,2.5733594691317596,127.46963417962748,21.184716773464473,132.68396406547714,21.184716773464487,1441425897.4117723,2,3,0.9999716068115208,,"{""B"": 0.3808247728592025, ""C"": 3.919472007923762e-08, ""u1"": 348.019360592314}",2.398293247863961,4.0438962717935,10.29240012217224,11.938003146101778
expanded,light,NGC2841,50,C_k1_Q,logsvt,4,119.16138897606666,2.5904649777405795,128.05027786495555,21.765360458792543,134.80948099777925,23.310233705766592,1119866414.032628,3,4,0.9602335634178238,,"{""B"": 0.3890569620203144, ""C"": 2.125445118549281e-09, ""Q"": 0.032286524281704254, ""u1"": 196.38702938081008}",2.9789369331920312,6.169413204095605,10.87304380750031,14.063520078403883
expanded,light,NGC2841,50,C_k1_L,logsvt,4,111.39663571713314,2.4216659938507203,120.28552460602202,14.000607199859019,127.04472773884572,15.545480446833068,2123143681.1925423,3,4,0.9999960680979266,,"{""B"": 0.4164896869901036, ""C"": 2.3604940722947133e-10, ""L"": -0.09664983831874664, ""u1"": 91.51253564305328}",-4.785816325741493,-1.5953400548379193,3.108290548566785,6.298766819470359
expanded,light,NGC2841,50,C_k1_L_Q,logsvt,5,111.39663588414385,2.4754807974254187,122.76027224778021,16.475354841617204,130.9567509112846,19.457503619271932,3154346407.5626683,3,5,0.9997300210760537,,"{""B"": 0.41648967377171725, ""C"": 1.000749742169326e-08, ""L"": -0.09664981876311673, ""Q"": 1.0398578238173204e-09, ""u1"": 91.51255699144225}",-2.311068683983308,2.3166831176009453,5.58303819032497,10.210789991909223
expanded,light,NGC2841,50,C_k2,logsvt,3,112.92191495181939,2.4025939351450933,119.44365408225417,13.158736676091166,124.65798396810382,13.158736676091166,912749955.2223185,2,3,0.9998423566393659,,"{""B"": 0.1903591417731802, ""C"": 3.314197328923341e-08, ""u2"": 2219.7299830894567}",-5.627686849509345,-3.9820838255798208,2.266420024798933,3.9120230487284573
expanded,light,NGC2841,50,C_k2_Q,logsvt,4,109.3936596786875,2.3781230364932067,118.28254856757638,11.99763116141338,125.04175170040008,13.54250440838743,978696949.7801725,3,4,0.9998204938801328,,"{""B"": 0.1944294549204684, ""C"": 1.2194156583461823e-07, ""Q"": 0.04015900631157869, ""u2"": 1651.0643262608517}",-6.788792364187131,-3.5983160932835574,1.105314510121147,4.295790781024721
expanded,light,NGC2841,50,C_k2_L,logsvt,4,99.76317830222611,2.1687647457005674,108.652067191115,2.367149784951991,115.4112703239387,3.91202303192604,2084473868.7970808,3,4,0.9957104919097675,,"{""B"": 0.20421599149828615, ""C"": 9.04151535622764e-09, ""L"": -0.09104470702075014, ""u2"": 1113.1830343196561}",-16.41927374064852,-13.228797469744947,-8.525166866340243,-5.334690595436669
expanded,light,NGC2841,50,C_k2_L_Q,logsvt,5,114.7878924445254,2.5508420543227865,126.15152880816176,19.866611401998753,134.34800747166614,22.848760179653482,1813750755.19008,3,5,1.0,,"{""B"": 583015.28596587, ""C"": 0.8017734357678009, ""L"": -0.22292720271751973, ""Q"": 5.643123175436979e-08, ""u2"": 8.929946289037956e-08}",1.0801878763982415,5.707939677982495,8.97429475070652,13.602046552290773
expanded,light,NGC2841,50,C_k12,logsvt,4,112.92191491088467,2.454824237193145,121.81080379977355,15.525886393610548,128.57000693259724,17.070759640584583,,2,3,0.9999712872800669,,"{""B"": 0.1903591496174605, ""C"": 1.798582320884017e-09, ""u1"": 4.160628023333723e-11, ""u2"": 2219.7300208168776}",-3.260537131989963,-0.07006086108640375,4.633569742318315,7.824046013221874
expanded,light,NGC2841,50,C_k12_Q,logsvt,5,109.3936597882344,2.43097021751632,120.75729615187076,14.472378745707758,128.95377481537514,17.454527523362486,1427671175.3015594,3,5,0.9998009844697903,,"{""B"": 0.19442945615817567, ""C"": 1.262082038492852e-07, ""Q"": 0.04015902980818465, ""u1"": 2.488865741583397e-07, ""u2"": 1651.0641556241767}",-4.314044779892754,0.3137070216914992,3.580062094415524,8.207813895999777
expanded,light,NGC2841,50,C_k12_L,logsvt,5,99.76317845087472,2.2169595211305495,111.12681481451108,4.841897408348075,119.32329347801544,7.824046186002789,1838671402.456669,3,5,0.9999863812340779,,"{""B"": 0.20421599073944324, ""C"": 1.550732665053605e-08, ""L"": -0.09104471184270674, ""u1"": 3.1531338203235885e-07, ""u2"": 1113.1829890346407}",-13.944526117252437,-9.316774315668198,-6.050419242944159,-1.4226674413599198
expanded,light,NGC2841,50,C_k12_L_Q,logsvt,6,99.76317888427369,2.2673449746425836,113.7166672563667,7.431749850203701,123.23531691684256,11.73606962482991,2863834212.769479,3,6,0.9999014319279206,,"{""B"": 0.20421596966168287, ""C"": 9.176281417282535e-08, ""L"": -0.09104469820246078, ""Q"": 1.8462133244672076e-09, ""u1"": 1.2667612394212183e-07, ""u2"": 1113.1829772990454}",-11.35467367539681,-5.404750876841078,-3.4605668010885324,2.4893559974672
expanded,light,NGC2841,50,cored_log,cored_log,2,112.92191490851907,2.3525398939274806,117.17723405745524,10.892316651292234,120.74596091937536,9.246713627362709,27.52175765222416,2,2,0.39316323461775027,,"{""H"": 0.7614366001095206, ""Rc"": 0.021225107764111684}",-7.894106874308278,-7.894106874308278,0.0,0.0
expanded,light,NGC2841,50,pISO,piso,2,120.81602178282735,2.5170004538089032,125.07134093176352,18.78642352560051,128.64006779368364,17.140820501670987,106.51391287325879,2,2,0.6913675761092939,,"{""H"": 0.7619669223401012, ""Rc"": 0.0018976510061424637}",0.0,0.0,7.894106874308278,7.894106874308278
expanded,light,NGC2841,50,NFW,nfw,2,191.6263746322244,3.992216138171342,195.88169378116058,89.59677637499757,199.4504206430807,87.95117335106804,8.274668413081011,2,2,0.8477905369738853,,"{""V200"": 0.5717652415129407, ""c"": 29.62863292338298}",70.81035284939706,70.81035284939705,78.70445972370534,78.70445972370533
expanded,light,NGC2903,34,baryons,logsvt,0,56052.409898636615,1648.600291136371,56052.409898636615,55896.038229498765,56052.409898636615,55892.25914792492,,0,0,,,{},55854.788313804194,55852.122689529155,55890.88819343156,55888.22256915652
expanded,light,NGC2903,34,Q,logsvt,1,56052.40990073209,1698.5578757797603,56054.53490073209,55898.16323159424,56055.936261256706,55895.78551054501,1.0,1,1,0.0,logQ,"{""Q"": 3.775134544743903e-11}",55856.91331589967,55855.649052149245,55893.01319552703,55891.74893177661
expanded,light,NGC2903,34,L,logsvt,1,4318.667905358785,130.86872440481167,4320.792905358785,4164.421236220932,4322.194265883401,4162.043515171699,1.0,1,1,0.0,,"{""L"": 1.589296271495751}",4123.171320526364,4121.907056775942,4159.271200153725,4158.0069364033025
expanded,light,NGC2903,34,L_Q,logsvt,2,541.6984000759851,16.928075002374534,546.0854968501786,389.71382771232527,548.7511211252174,388.60037041351563,5.961987944278989,2,2,0.9331097645888593,,"{""L"": 2.916698703503195, ""Q"": 2.412355518995042}",348.4639120177574,348.4639120177574,384.56379164511884,384.56379164511884
expanded,light,NGC2903,34,k1,logsvt,2,278.46274900821305,8.701960906506658,282.8498457824066,126.47817664455326,285.5154700574454,125.3647193457436,16.38843686740675,2,2,0.9423482986728158,,"{""B"": 0.45135613315784867, ""u1"": 11.732380025219555}",85.22826094998538,85.22826094998538,121.32814057734677,121.32814057734677
expanded,light,NGC2903,34,k1_Q,logsvt,3,203.52484654642217,6.565317630529747,210.32484654642218,53.95317740856885,214.10392812027067,53.95317740856888,37.2619516477691,3,3,0.9809760272528939,,"{""B"": 0.5642182840294263, ""Q"": 0.28418497934430326, ""u1"": 6.322389421845495}",12.703261714000973,13.816719012810665,48.80314134136236,49.916598640172055
expanded,light,NGC2903,34,k1_L,logsvt,3,197.44168011414783,6.369086455295092,204.24168011414784,47.87001097629451,208.0207616879963,47.87001097629451,49.201850725130505,3,3,0.9831582540787607,,"{""B"": 0.7341202133682037, ""L"": -0.5156524072157858, ""u1"": 4.867596227169432}",6.620095281726634,7.733552580536298,42.71997490908802,43.83343220789769
expanded,light,NGC2903,34,k1_L_Q,logsvt,4,197.44168011504806,6.581389337168269,206.82099045987565,50.449321322022314,211.5471222135127,51.396371501810904,,3,3,0.9831582637256303,,"{""B"": 0.7341203864609561, ""L"": -0.5156526414776341, ""Q"": 5.7324155369524233e-11, ""u1"": 4.867594317705902}",9.19940562745444,11.259913106052693,45.29928525481583,47.35979273341408
expanded,light,NGC2903,34,k2,logsvt,2,157.13460843086608,4.910456513464565,161.52170520505962,5.150036067206287,164.1873294800984,4.036578768396623,18.1093984386611,2,2,0.7122641462609538,,"{""B"": 0.1969910007675451, ""u2"": 128.87461250605998}",-36.09987962736159,-36.09987962736159,-1.9895196601282805e-13,-1.9895196601282805e-13
expanded,light,NGC2903,34,k2_Q,logsvt,3,149.57166913785332,4.824892552833978,156.37166913785333,0.0,160.1507507117018,0.0,69.34405203757906,3,3,0.8120036939701448,,"{""B"": 0.20281983782768542, ""Q"": 0.06668373811928376, ""u2"": 110.88331591531994}",-41.249915694567875,-40.13645839575821,-5.150036067206486,-4.036578768396822
expanded,light,NGC2903,34,k2_L,logsvt,3,150.66324608776634,4.860104712508591,157.46324608776635,1.0915769499130192,161.2423276616148,1.0915769499130192,25.923455475569504,3,3,0.9476697115661628,,"{""B"": 0.20870809831147216, ""L"": -0.0806861536086316, ""u2"": 107.43121049413753}",-40.158338744654856,-39.04488144584519,-4.0584591172934665,-2.945001818483803
expanded,light,NGC2903,34,k2_L_Q,logsvt,4,148.04361211129918,4.93478707037664,157.42292245612677,1.0512533182734387,162.14905420976382,1.998303498062029,136.05343462849754,4,4,0.9892973783807589,,"{""B"": 0.18245132505891148, ""L"": 0.2608094435222839, ""Q"": 0.26564614119445673, ""u2"": 129.53482796860766}",-40.198662376294436,-38.13815489769618,-4.098782748933047,-2.0382752703347933
expanded,light,NGC2903,34,k12,logsvt,3,157.13460845408855,5.068858337228663,163.93460845408856,7.56293931623523,167.71369002793705,7.5629393162352585,29226072907.717827,2,3,1.0,,"{""B"": 0.1969910008099848, ""u1"": 5.8046346561327426e-09, ""u2"": 128.8746115999876}",-33.686976378332645,-32.57351907952295,2.4129032490287443,3.5263605478384363
expanded,light,NGC2903,34,k12_Q,logsvt,4,149.57166913792938,4.985722304597646,158.95097948275696,2.5793103449036323,163.677111236394,3.5263605246922225,6.997296199435142e+17,3,3,1.0,,"{""B"": 0.20281983741465198, ""Q"": 0.06668373427229411, ""u1"": 3.819429847143979e-11, ""u2"": 110.88331742992344}",-38.67060534966424,-36.61009787106599,-2.5707257223028535,-0.5102182437045997
expanded,light,NGC2903,34,k12_L,logsvt,4,150.6632460979036,5.022108203263453,160.04255644273118,3.6708873048778514,164.76868819636823,4.617937484666442,2214342367.7786174,3,4,0.9756434391325279,,"{""B"": 0.20870809949687694, ""L"": -0.08068616037502273, ""u1"": 5.221400460804164e-09, ""u2"": 107.43120770615182}",-37.57902838969002,-35.51852091109177,-1.4791487623286343,0.5813587162696194
expanded,light,NGC2903,34,k12_L_Q,logsvt,5,148.04361212374386,5.104952142198064,160.186469266601,3.814800128747663,165.67541474682466,5.524664035122868,4475512677.011556,4,5,0.9998814927762101,,"{""B"": 0.18245130941880094, ""L"": 0.26080960584739116, ""Q"": 0.2656462464352103, ""u1"": 4.704952576229101e-09, ""u2"": 129.53486661557002}",-37.43511556582021,-34.61179436063534,-1.3352359384588226,1.4880852667260456
expanded,light,NGC2903,34,C,logsvt,1,960.1909431428301,29.096695246752425,962.3159431428301,805.9442740049767,963.7173036674462,803.5665529557444,1.0,1,1,0.0,,"{""C"": 0.7289801237313895}",764.6943583104089,763.4300945599862,800.7942379377703,799.5299741873476
expanded,light,NGC2903,34,C_Q,logsvt,2,960.1909431684727,30.005966974014772,964.5780399426662,808.2063708048129,967.243664217705,807.0929135060032,,1,1,0.0,logQ,"{""C"": 0.7289801237270482, ""Q"": 3.775134544279111e-11}",766.9564551102451,766.9564551102451,803.0563347376064,803.0563347376064
expanded,light,NGC2903,34,C_L,logsvt,2,814.0175891874969,25.43804966210928,818.4046859616905,662.0330168238371,821.0703102367293,660.9195595250275,5.100737242026073,2,2,0.9194948768390062,,"{""C"": 0.6126693729607682, ""L"": 0.27082707779694215}",620.7831011292692,620.7831011292692,656.8829807566307,656.8829807566307
expanded,light,NGC2903,34,C_L_Q,logsvt,3,402.4712269148049,12.982942803703384,409.2712269148049,252.89955777695158,413.0503084886534,252.8995577769516,21.26173327546695,3,3,0.9665021127914608,,"{""C"": 0.2323378042007776, ""L"": 1.9893662409902155, ""Q"": 1.6318277904247365}",211.6496420823837,212.7630993811934,247.7495217097451,248.8629790085548
expanded,light,NGC2903,34,C_k1,logsvt,3,278.4627490261358,8.982669323423735,285.2627490261358,128.89107988828246,289.0418305999843,128.8910798882825,,2,2,0.9423482690544213,logC,"{""B"": 0.45135607863630056, ""C"": 3.775136826640244e-11, ""u1"": 11.732388042682164}",87.64116419371459,88.75462149252428,123.74104382107598,124.85450111988567
expanded,light,NGC2903,34,C_k1_Q,logsvt,4,203.5248465641449,6.784161552138163,212.90415690897248,56.53248777111915,217.63028866260953,57.47953795090774,,3,3,0.9809760302121618,logC,"{""B"": 0.5642183371517103, ""C"": 3.77513561471962e-11, ""Q"": 0.2841850518570943, ""u1"": 6.322387739598013}",15.282572076551276,17.34307955514953,51.382451703912665,53.44295918251092
expanded,light,NGC2903,34,C_k1_L,logsvt,4,197.4416801320431,6.5813893377347705,206.8209904768707,50.44932133901736,211.54712223050774,51.39637151880595,55888119994.92803,3,4,0.9972696127759282,logC,"{""B"": 0.7341203837519705, ""C"": 3.775134545612409e-11, ""L"": -0.5156526376246281, ""u1"": 4.8675943445599055}",9.199405644449484,11.259913123047738,45.299285271810874,47.35979275040913
expanded,light,NGC2903,34,C_k1_L_Q,logsvt,5,197.44168013283007,6.808333797683796,209.5845372756872,53.21286813783388,215.07348275591087,54.922732044209084,,3,3,0.9831582836675964,logQ,"{""B"": 0.7341208311990995, ""C"": 3.799554234339738e-11, ""L"": -0.515653239059406, ""Q"": 3.7751856134254345e-11, ""u1"": 4.867589378892116}",11.962952443266005,14.786273648450873,48.062832070627394,50.88615327581226
expanded,light,NGC2903,34,C_k2,logsvt,3,157.134608450684,5.068858337118838,163.934608450684,7.562939312830679,167.71369002453247,7.562939312830679,,2,2,0.7122641368957185,logC,"{""B"": 0.19699100074154327, ""C"": 3.7751345536875696e-11, ""u2"": 128.87461167426522}",-33.686976381737196,-32.57351908292753,2.412903245624193,3.5263605444338566
expanded,light,NGC2903,34,C_k2_Q,logsvt,4,149.57166915673366,4.9857223052244555,158.95097950156125,2.5793103637079184,163.6771112551983,3.5263605434965086,,3,3,0.8120037263336696,logC,"{""B"": 0.20281983793161962, ""C"": 3.775148944806039e-11, ""Q"": 0.06668373922749912, ""u2"": 110.88331554744572}",-38.670605330859956,-36.6100978522617,-2.5707257034985673,-0.5102182249003135
expanded,light,NGC2903,34,C_k2_L,logsvt,4,150.66324610647777,5.0221082035492595,160.04255645130536,3.6708873134520275,164.7686882049424,4.617937493240618,44980595532.90089,3,4,0.9986580012281011,logC,"{""B"": 0.2087080994639918, ""C"": 3.7751345668191645e-11, ""L"": -0.0806861604335042, ""u2"": 107.43120777053336}",-37.57902838111585,-35.518520902517594,-1.4791487537544583,0.5813587248437955
expanded,light,NGC2903,34,C_k2_L_Q,logsvt,5,148.0436121309083,5.104952142445113,160.18646927376543,3.814800135912094,165.6754147539891,5.524664042287299,41188328629.90098,4,5,0.9973320840456699,logC,"{""B"": 0.18245131900421668, ""C"": 3.77513454888383e-11, ""L"": 0.260809477729596, ""Q"": 0.26564614557184574, ""u2"": 129.53485760269925}",-37.43511555865578,-34.61179435347091,-1.3352359312943918,1.4880852738904764
expanded,light,NGC2903,34,C_k12,logsvt,4,157.13460845085484,5.237820281695162,166.51391879568243,10.142249657829097,171.24005054931948,11.089299837617688,,2,2,0.7122640866388784,logC,"{""B"": 0.1969909965404748, ""C"": 3.775136780703032e-11, ""u1"": 3.8313038565445904e-11, ""u2"": 128.87466232581866}",-31.107666036738777,-29.047158558140524,4.992213590622612,7.0527210692208655
expanded,light,NGC2903,34,C_k12_Q,logsvt,5,149.57166948318988,5.15764377528241,161.71452662604702,5.342857488193687,167.20347210627068,7.052721394568891,2395342750.5744143,3,5,0.9872668872730331,,"{""B"": 0.20281983838113304, ""C"": 5.32651749977107e-10, ""Q"": 0.06668374313308331, ""u1"": 3.963783287514026e-08, ""u2"": 110.88331331187139}",-35.90705820637419,-33.08373700118932,0.192821420987201,3.016142626172069
expanded,light,NGC2903,34,C_k12_L,logsvt,5,150.6632461065891,5.195284348503073,162.80610324944624,6.434434111592907,168.2950487296699,8.144298017968111,,3,4,0.9476697089385482,logC,"{""B"": 0.20870809879474336, ""C"": 3.775280734169196e-11, ""L"": -0.08068615626503615, ""u1"": 5.69524144466023e-11, ""u2"": 107.43120904954117}",-34.81548158297497,-31.9921603777901,1.2843980443864211,4.107719249571289
expanded,light,NGC2903,34,C_k12_L_Q,logsvt,6,197.44168030427377,7.051488582295492,212.5527914153849,56.18112227753156,218.59984345197074,58.44909274026895,3048350686.6545906,3,6,0.9998952048908519,,"{""B"": 0.7341203842739897, ""C"": 2.883202909209803e-10, ""L"": -0.5156526598376753, ""Q"": 3.363326729129538e-09, ""u1"": 4.867594348957916, ""u2"": 7.901008148188796e-08}",14.931206582963682,18.31263434451074,51.03108621032507,54.41251397187213
expanded,light,NGC2903,34,cored_log,cored_log,2,157.13460843086628,4.910456513464571,161.52170520505982,5.150036067206486,164.1873294800986,4.036578768396822,9.141573032377142,2,2,0.7122641377873478,,"{""H"": 0.7879640019332333, ""Rc"": 0.08808791059565937}",-36.09987962736139,-36.09987962736139,0.0,0.0
expanded,light,NGC2903,34,pISO,piso,2,193.23448805822767,6.038577751819615,197.6215848324212,41.249915694567875,200.28720910746,40.13645839575821,12.591344070896575,2,2,0.8907697860478654,,"{""H"": 0.8686335325944635, ""Rc"": 0.03789614437326388}",0.0,0.0,36.09987962736139,36.09987962736139
expanded,light,NGC2903,34,NFW,nfw,2,195.97384125092998,6.124182539091562,200.36093802512352,43.989268887270185,203.0265623001623,42.87581158846052,10.852544744936528,2,2,0.9621179425018966,,"{""V200"": 0.5878297506099265, ""c"": 23.189730761559655}",2.7393531927023105,2.7393531927023105,38.8392328200637,38.8392328200637
expanded,light,NGC2976,27,baryons,logsvt,0,1109.4751158518307,41.09167095747521,1109.4751158518307,1097.6410623963536,1109.4751158518307,1095.5493886643449,,0,0,,,{},1097.4607952482452,1095.3691215162364,1097.6410623963536,1095.5493886643449
expanded,light,NGC2976,27,Q,logsvt,1,1109.4751158857387,42.67211984175918,1111.6351158857387,1099.8010624302617,1112.770952751743,1098.8452255642571,,0,0,0.0,logQ,"{""Q"": 3.7751345443532525e-11}",1099.6207952821533,1098.6649584161487,1099.8010624302617,1098.8452255642571
expanded,light,NGC2976,27,L,logsvt,1,70.2066050378796,2.700254039918446,72.3666050378796,60.53255158240252,73.50244190388392,59.576714716398186,1.0,1,1,0.0,,"{""L"": 1.6274060966827797}",60.35228443429409,59.39644756828976,60.53255158240252,59.576714716398186
expanded,light,NGC2976,27,L_Q,logsvt,2,70.20660503976279,2.8082642015905117,74.70660503976279,62.872551584285716,76.79827877177145,62.872551584285716,,1,1,0.0,logQ,"{""L"": 1.6274060989297514, ""Q"": 3.7751346383174636e-11}",62.69228443617729,62.69228443617729,62.872551584285716,62.872551584285716
expanded,light,NGC2976,27,k1,logsvt,2,70.2066599669017,2.808266398676068,74.7066599669017,62.87260651142462,76.79833369891035,62.87260651142462,13517286.326941304,2,2,1.0,logB,"{""B"": 1202604.2841647747, ""u1"": 6.766176362391511e-07}",62.692339363316194,62.692339363316194,62.87260651142462,62.87260651142462
expanded,light,NGC2976,27,k1_Q,logsvt,3,70.20665996878493,2.9252774986993724,77.2501382296545,65.41608477417742,80.09417056679791,66.16844337931218,,2,2,1.0,logB;logQ,"{""B"": 1202604.2841646273, ""Q"": 3.775134544285804e-11, ""u1"": 6.766176357873094e-07}",65.235817626069,65.98817623120375,65.41608477417742,66.16844337931218
expanded,light,NGC2976,27,k1_L,logsvt,3,70.20660503787965,2.925275209911652,77.25008329874922,65.41602984327214,80.09411563589265,66.16838844840692,,1,1,0.0,,"{""B"": 1.006166776063988e-08, ""L"": 1.6274060974151043, ""u1"": 2.906189860694269e-07}",65.23576269516371,65.98812130029849,65.41602984327214,66.16838844840692
expanded,light,NGC2976,27,k1_L_Q,logsvt,4,70.20660504112074,3.05246108874438,80.02478685930255,68.19073340382548,83.38995250513806,69.46422531765232,,1,3,1.0,,"{""B"": 0.0011075809240889377, ""L"": 1.6274058578497654, ""Q"": 3.872542372088053e-11, ""u1"": 0.00010886094608395826}",68.01046625571705,69.2839581695439,68.19073340382548,69.46422531765232
expanded,light,NGC2976,27,k2,logsvt,2,7.334053455477072,0.29336213821908286,11.834053455477072,0.0,13.92572718748573,0.0,12.519571084214709,2,2,0.986394364806472,,"{""B"": 1.14533000314895, ""u2"": 0.9679580969059408}",-0.18026714810842748,-0.18026714810842748,-3.552713678800501e-15,-3.552713678800501e-15
expanded,light,NGC2976,27,k2_Q,logsvt,3,6.687453338489249,0.2786438891037187,13.730931599358813,1.8968781438817413,16.574963936502236,2.649236749016506,81574.01446811555,3,3,0.9999942498688467,,"{""B"": 761.7193998124869, ""Q"": 77.02515902664001, ""u2"": 0.026643386385880048}",1.7166109957733138,2.4689696009080784,1.8968781438817377,2.6492367490165023
expanded,light,NGC2976,27,k2_L,logsvt,3,7.091099918783776,0.29546249661599067,14.13457817965334,2.3005247241762685,16.978610516796763,3.052883329311033,17.44292567961964,3,3,0.8225833445435753,,"{""B"": 1.1203614092188634, ""L"": -0.1371040533869275, ""u2"": 1.1060155975399852}",2.120257576067841,2.8726161812026056,2.300524724176265,3.0528833293110296
expanded,light,NGC2976,27,k2_L_Q,logsvt,4,6.686424392836961,0.2907141040363896,16.50460621101878,4.670552755541706,19.86977185685428,5.944044669368548,27720.521460080734,4,4,0.9999711555348233,,"{""B"": 195.18150253754965, ""L"": -0.009998389506920759, ""Q"": 37.70465929739354, ""u2"": 0.053666437984227794}",4.490285607433279,5.7637775212601206,4.670552755541703,5.9440446693685445
expanded,light,NGC2976,27,k12,logsvt,3,7.334053455811039,0.3055855606587933,14.377531716680602,2.5434782612035303,17.221564053824025,3.295836866338295,4216952844.3380656,2,3,0.997937037808811,logu1,"{""B"": 1.1453300049417228, ""u1"": 3.7751377880778884e-11, ""u2"": 0.9679580942994171}",2.363211113095103,3.1155697182298674,2.5434782612035267,3.2958368663382913
expanded,light,NGC2976,27,k12_Q,logsvt,4,6.6874534833426384,0.29075884710185385,16.505635301524457,4.671581846047385,19.870800947359953,5.945073759874223,448824422.4819296,3,4,1.0,,"{""B"": 760.6611013333995, ""Q"": 76.96950184371, ""u1"": 4.698932875028822e-10, ""u2"": 0.026662164491038958}",4.491314697938957,5.7648066117657955,4.671581846047381,5.945073759874219
expanded,light,NGC2976,27,k12_L,logsvt,4,6.818706768726044,0.2964655116837411,16.63688858690786,4.80283513143079,20.00205423274336,6.0763270452576315,16062607.566243887,4,4,0.9999897616222424,L,"{""B"": 610.0808595389833, ""L"": -199.99999999999997, ""u1"": 0.1637381740500059, ""u2"": 0.015849107864523006}",4.622567983322362,5.896059897149204,4.802835131430786,6.076327045257628
expanded,light,NGC2976,27,k12_L_Q,logsvt,5,6.632778946876992,0.30148995213077234,19.48992180401985,7.6558683485427785,23.11196327689864,9.186236089412908,220788782.56671518,4,5,1.0,,"{""B"": 22191.852635243034, ""L"": -124.31211770654325, ""Q"": 328.58058328974124, ""u1"": 0.0027990436491567867, ""u2"": 0.0037594686140651084}",7.475601200434351,9.00596894130448,7.655868348542775,9.186236089412905
expanded,light,NGC2976,27,C,logsvt,1,465.9143327699252,17.919782029612506,468.0743327699252,456.2402793144481,469.2101696359295,455.28444244844377,1.0,1,1,0.0,,"{""C"": 0.46763342118802426}",456.06001216633973,455.1041753003353,456.2402793144481,455.28444244844377
expanded,light,NGC2976,27,C_Q,logsvt,2,465.9143327817003,18.636573311268013,470.4143327817003,458.5802793262232,472.50600651370894,458.5802793262232,,1,1,0.0,logQ,"{""C"": 0.4676333940197626, ""Q"": 3.7751362552651836e-11}",458.4000121781148,458.40001217811476,458.5802793262232,458.5802793262232
expanded,light,NGC2976,27,C_L,logsvt,2,70.2066050543213,2.808264202172852,74.7066050543213,62.872551598844225,76.79827878632996,62.872551598844225,,1,1,0.0,logC,"{""C"": 3.775134591443224e-11, ""L"": 1.6274060977697158}",62.6922844507358,62.6922844507358,62.872551598844225,62.872551598844225
expanded,light,NGC2976,27,C_L_Q,logsvt,3,70.2066050562045,2.925275210675187,77.25008331707406,65.41602986159698,80.09411565421749,66.16838846673176,,1,2,1.0,logC;logQ,"{""C"": 3.775134544280694e-11, ""L"": 1.6274060981073983, ""Q"": 3.7751345854672645e-11}",65.23576271348855,65.98812131862333,65.41602986159698,66.16838846673176
expanded,light,NGC2976,27,C_k1,logsvt,3,70.2066599833434,2.925277499305975,77.25013824421296,65.41608478873589,80.0941705813564,66.16844339387066,,2,2,1.0,logC;logB,"{""B"": 1202604.2841626513, ""C"": 3.775134544279111e-11, ""u1"": 6.766176362290286e-07}",65.23581764062746,65.98817624576223,65.41608478873589,66.16844339387066
expanded,light,NGC2976,27,C_k1_Q,logsvt,4,70.20665998528672,3.0524634776211617,80.02484180346853,68.19078834799146,83.39000744930404,69.4642802618183,,2,3,1.0,logC;logB,"{""B"": 1202604.2841647747, ""C"": 3.7751348773566825e-11, ""Q"": 3.89569411184738e-11, ""u1"": 6.766176363067528e-07}",68.01052119988303,69.28401311370988,68.19078834799146,69.4642802618183
expanded,light,NGC2976,27,C_k1_L,logsvt,4,70.2066050543219,3.0524610893183435,80.02478687250371,68.19073341702664,83.38995251833921,69.46422533085348,,1,1,0.0,logC,"{""B"": 3.9664016043380945e-11, ""C"": 3.775269888208808e-11, ""L"": 1.6274060992034236, ""u1"": 3.8719506752622716e-11}",68.01046626891821,69.28395818274505,68.19073341702664,69.46422533085348
expanded,light,NGC2976,27,C_k1_L_Q,logsvt,5,70.20660505628679,3.1912093207403087,83.06374791342965,71.22969445795258,86.68578938630844,72.76006219882271,,1,1,0.0,logC,"{""B"": 3.825778457211365e-09, ""C"": 3.775140504507406e-11, ""L"": 1.627406176598862, ""Q"": 3.9368163034487746e-11, ""u1"": 1.639740093994808e-09}",71.04942730984415,72.57979505071428,71.22969445795258,72.76006219882271
expanded,light,NGC2976,27,C_k2,logsvt,3,7.334053457783935,0.3055855607409973,14.377531718653499,2.543478263176427,17.22156405579692,3.2958368683111914,4594797423.460836,2,3,0.9978956789842661,logC,"{""B"": 1.1453300129794661, ""C"": 3.775134546244837e-11, ""u2"": 0.9679580850748876}",2.3632111150679993,3.115569720202764,2.5434782631764232,3.295836868311188
expanded,light,NGC2976,27,C_k2_Q,logsvt,4,6.687453340207561,0.2907588408785896,16.505635158389378,4.671581702912306,19.870800804224878,5.945073616739148,404648715548.003,3,4,0.999994251446267,,"{""B"": 761.9685167599052, ""C"": 4.7739386969280357e-11, ""Q"": 77.0382479469896, ""u2"": 0.026638969485126035}",4.491314554803878,5.76480646863072,4.671581702912302,5.945073616739144
expanded,light,NGC2976,27,C_k2_L,logsvt,4,7.091099919331775,0.3083086921448598,16.90928173751359,5.0752282820365195,20.27444738334909,6.348720195863361,4786311803.750285,3,4,0.998623804282553,logC,"{""B"": 1.1203613995422195, ""C"": 3.775135177473779e-11, ""L"": -0.13710403818632483, ""u2"": 1.1060155966243674}",4.894961133928092,6.168453047754934,5.075228282036516,6.348720195863358
expanded,light,NGC2976,27,C_k2_L_Q,logsvt,5,6.686424394124345,0.30392838155110663,19.543567251267202,7.70951379579013,23.16560872414599,9.23988153666026,16763333339.051477,4,5,1.0,logC,"{""B"": 195.23997797665052, ""C"": 3.775134544279111e-11, ""L"": -0.009996762906396351, ""Q"": 37.71072817379718, ""u2"": 0.0536581251831087}",7.529246647681703,9.059614388551832,7.7095137957901265,9.239881536660256
expanded,light,NGC2976,27,C_k12,logsvt,4,7.334053458117914,0.31887188948338757,17.15223527629973,5.318181820822659,20.51740092213523,6.5916737346495005,9734137175.186012,2,4,0.999999421951251,logC;logu1,"{""B"": 1.14533001081335, ""C"": 3.7751345447567654e-11, ""u1"": 3.775134564148519e-11, ""u2"": 0.9679580880901097}",5.137914672714231,6.411406586541073,5.318181820822655,6.591673734649497
expanded,light,NGC2976,27,C_k12_Q,logsvt,5,6.687453500861998,0.3039751591300908,19.544596358004856,7.710542902527784,23.166637830883644,9.240910643397914,19992109612.95356,3,5,1.0,,"{""B"": 761.3731062170933, ""C"": 3.3240302101032943e-10, ""Q"": 77.00692777263198, ""u1"": 4.899187026783895e-10, ""u2"": 0.026649518342070192}",7.530275754419357,9.060643495289487,7.710542902527781,9.24091064339791
expanded,light,NGC2976,27,C_k12_L,logsvt,5,6.818706777282523,0.3099412171492056,19.67584963442538,7.841796178948307,23.297891107304167,9.372163919818437,,4,4,0.9999897616721596,L,"{""B"": 610.0814189777242, ""C"": 9.297707816197476e-10, ""L"": -199.99999999985613, ""u1"": 0.1637380249839953, ""u2"": 0.01584907851623561}",7.66152903083988,9.19189677171001,7.841796178948304,9.372163919818433
expanded,light,NGC2976,27,C_k12_L_Q,logsvt,6,6.63289287134602,0.31585204149266766,22.83289287134602,10.998839415868947,26.407914067371994,12.482186879886264,40790207988.53524,4,6,1.0,,"{""B"": 19258.778969738192, ""C"": 1.015559026062366e-08, ""L"": -115.19100770867465, ""Q"": 306.32646213854986, ""u1"": 0.0029885340072060827, ""u2"": 0.004043072028549982}",10.81857226776052,12.301919731777836,10.998839415868943,12.48218687988626
expanded,light,NGC2976,27,cored_log,cored_log,2,7.334053455477075,0.29336213821908297,11.834053455477076,3.552713678800501e-15,13.925727187485734,3.552713678800501e-15,13.215598985161918,2,2,0.9863943671107902,,"{""H"": 4.581319982222241, ""Rc"": 1.01641653062007}",-0.18026714810842392,-0.18026714810842392,0.0,0.0
expanded,light,NGC2976,27,pISO,piso,2,7.5143206035854995,0.30057282414341996,12.0143206035855,0.18026714810842748,14.105994335594158,0.18026714810842748,14.656908153612449,2,2,0.9889063265388595,,"{""H"": 7.3929029711367775, ""Rc"": 0.7409723236822002}",0.0,0.0,0.18026714810842392,0.18026714810842392
expanded,light,NGC2976,27,NFW,nfw,2,70.38647717660875,2.81545908706435,74.88647717660875,63.052423721131674,76.97815090861741,63.052423721131674,10.784050346034823,2,2,0.9804274693445868,,"{""V200"": 19.328462584715183, ""c"": 0.9514092194382224}",62.87215657302325,62.87215657302325,63.052423721131674,63.052423721131674
expanded,light,NGC3198,43,baryons,logsvt,0,51080.323175589896,1187.914492455579,51080.323175589896,51050.88595156898,51080.323175589896,51046.21773583728,,0,0,,,{},50975.768433607256,50972.546033375875,51037.41870538807,51034.19630515668
expanded,light,NGC3198,43,Q,logsvt,1,51080.32317761542,1216.1981708956052,51082.420738591034,51052.983514570114,51084.08437773112,51049.9789379785,1.0,1,1,0.0,logQ,"{""Q"": 3.775134544460481e-11}",50977.865996608394,50976.307235517095,51039.516268389205,51037.9575072979
expanded,light,NGC3198,43,L,logsvt,1,8875.938588068148,211.3318711444797,8878.036149043757,8848.59892502284,8879.699788183842,8845.594348431228,1.0,1,1,0.0,,"{""L"": 1.7255827286084502}",8773.481407061121,8771.922645969818,8835.13167884193,8833.572917750625
expanded,light,NGC3198,43,L_Q,logsvt,2,1397.738082938579,34.09117275459949,1402.038082938579,1372.600858917661,1405.2604831699662,1371.155043417352,9.799589248035614,2,2,0.9487477598326463,,"{""L"": 4.0775108393075365, ""Q"": 3.6128257311597958}",1297.4833409559426,1297.4833409559426,1359.133612736751,1359.133612736751
expanded,light,NGC3198,43,k1,logsvt,2,167.92182359848812,4.095654234109467,172.22182359848813,142.78459957757013,175.44422382987526,141.3387840772612,8.486418843616692,2,2,0.8762446316803126,,"{""B"": 0.5020403648436145, ""u1"": 12.580060311789751}",67.66708161585176,67.66708161585176,129.3173533966601,129.3173533966601
expanded,light,NGC3198,43,k1_Q,logsvt,3,99.55234202173978,2.4888085505434945,106.16772663712439,76.73050261620641,110.83594236882047,76.73050261620642,29.291868787844805,3,3,0.9682552886739791,,"{""B"": 0.6186546593059962, ""Q"": 0.2940203079120579, ""u1"": 7.739973456839843}",1.6129846544880166,3.0588001547969697,63.26325643529637,64.70907193560532
expanded,light,NGC3198,43,k1_L,logsvt,3,81.74199061554462,2.0435497653886157,88.35737523092924,58.920151210011255,93.02559096262532,58.92015121001126,32.56541853006972,3,3,0.9850786387836958,,"{""B"": 0.7978781648702855, ""L"": -0.5546805463862571, ""u1"": 5.813879073176552}",-16.197366751707136,-14.751551251398183,45.45290502910122,46.89872052941017
expanded,light,NGC3198,43,k1_L_Q,logsvt,4,81.74199061738699,2.0959484773688972,90.79462219633436,61.35739817541638,96.78679108016124,62.68135132754718,,3,3,0.9850786396868971,logQ,"{""B"": 0.7978781756463748, ""L"": -0.5546805618998473, ""Q"": 3.787227137386227e-11, ""u1"": 5.813878935046399}",-13.760119786302013,-10.990351133862262,47.89015199450634,50.65992064694609
expanded,light,NGC3198,43,k2,logsvt,2,38.6044702018279,0.941572443947022,42.9044702018279,13.467246180909918,46.126870433215025,12.021430680600972,7.787230894061304,2,2,0.7124645602623144,,"{""B"": 0.22519235422224107, ""u2"": 130.9242823258845}",-61.650271780808474,-61.650271780808474,-1.2079226507921703e-13,-1.2079226507921703e-13
expanded,light,NGC3198,43,k2_Q,logsvt,3,26.206491854860595,0.6551622963715149,32.82187647024521,3.384652449327227,37.49009220194128,3.384652449327227,50.59930711922264,3,3,0.8750341154814467,,"{""B"": 0.23667387760968114, ""Q"": 0.0981019221563276, ""u2"": 111.79542506072278}",-71.73286551239116,-70.28705001208222,-10.082593731582811,-8.636778231273865
expanded,light,NGC3198,43,k2_L,logsvt,3,22.821839405533364,0.5705459851383341,29.43722402091798,0.0,34.10543975261405,0.0,15.599993811285998,3,3,0.9552102702241206,,"{""B"": 0.24927811344413292, ""L"": -0.1441022488874117, ""u2"": 103.94037831635539}",-75.11751796171839,-73.67170246140944,-13.467246180910038,-12.021430680601092
expanded,light,NGC3198,43,k2_L_Q,logsvt,4,22.821839406830684,0.585175369405915,31.874470985778053,2.4372469648600728,37.86663986960493,3.761200116990878,,3,3,0.9552102787695832,,"{""B"": 0.24927814401439333, ""L"": -0.14410240655214104, ""Q"": 4.530319832796761e-11, ""u2"": 103.94034490480306}",-72.68027099685833,-69.91050234441857,-11.029999216049966,-8.260230563610214
expanded,light,NGC3198,43,k12,logsvt,3,38.60447020196826,0.9651117550492065,45.219854817352875,15.782630796434894,49.88807054904895,15.782630796434894,,2,2,0.7124645587606779,logu1,"{""B"": 0.22519235427483117, ""u1"": 3.775186514678458e-11, ""u2"": 130.92428208507158}",-59.3348871652835,-57.88907166497455,2.315384615524856,3.7612001158338018
expanded,light,NGC3198,43,k12_Q,logsvt,4,26.206491858087638,0.6719613296945548,35.25912343703501,5.821899416117027,41.251292320861886,7.145852568247832,1533464270.7398295,3,4,0.9975173138821117,,"{""B"": 0.2366738759538426, ""Q"": 0.09810190814832591, ""u1"": 3.4340199596517226e-09, ""u2"": 111.79542749326288}",-69.29561854560137,-66.52584989316162,-7.645346764793011,-4.87557811235326
expanded,light,NGC3198,43,k12_L,logsvt,4,22.810796360494024,0.5848922143716416,31.863427939441394,2.426203918523413,37.85559682326827,3.750157070654218,2003.9386169765974,4,4,0.964890456329721,,"{""B"": 0.25025902027300884, ""L"": -0.1477813357829318, ""u1"": 0.1587073696625876, ""u2"": 103.4340839879572}",-72.69131404319498,-69.92154539075523,-11.041042262386625,-8.271273609946874
expanded,light,NGC3198,43,k12_L_Q,logsvt,5,22.810796361605917,0.600284114779103,34.43241798322754,4.995193962309557,41.616796940073726,7.511357187459673,,4,4,0.9648907927408433,,"{""B"": 0.2502590154105683, ""L"": -0.14778131980226647, ""Q"": 3.833777187935278e-11, ""u1"": 0.1587064149545092, ""u2"": 103.4340861031258}",-70.12232399940883,-66.16034527394977,-8.472052218600481,-4.5100734931414195
expanded,light,NGC3198,43,C,logsvt,1,1166.5049305028604,27.77392691673477,1168.60249147847,1139.165267457552,1170.266130618554,1136.1606908659398,1.0,1,1,0.0,,"{""C"": 0.7447832234103364}",1064.0477494958336,1062.4889884045303,1125.698021276642,1124.1392601853388
expanded,light,NGC3198,43,C_Q,logsvt,2,1166.5049305886396,28.451339770454624,1170.8049305886395,1141.3677065677216,1174.0273308200267,1139.9218910674126,3028722711.8597903,1,2,0.9999999999999999,logQ,"{""C"": 0.7447832221322769, ""Q"": 3.77513516831332e-11}",1066.2501886060031,1066.2501886060031,1127.9004603868116,1127.9004603868116
expanded,light,NGC3198,43,C_L,logsvt,2,617.0930820143175,15.051050780837011,621.3930820143174,591.9558579933995,624.6154822457046,590.5100424930905,3.116988195214468,2,2,0.7868988408332955,,"{""C"": 0.6026104073795525, ""L"": 0.3978321911975898}",516.838340031681,516.8383400316811,578.4886118124894,578.4886118124895
expanded,light,NGC3198,43,C_L_Q,logsvt,3,327.1508583027879,8.178771457569699,333.76624291817257,304.32901889725457,338.4344586498686,304.3290188972545,15.5163471119772,3,3,0.9774452772021209,,"{""C"": 0.4142419640262279, ""L"": 1.717758160973639, ""Q"": 1.3940559422329328}",229.2115009355362,230.65731643584508,290.86177271634455,292.30758821665347
expanded,light,NGC3198,43,C_k1,logsvt,3,167.9218236073819,4.198045590184547,174.5372082227665,145.09998420184854,179.2054239544626,145.09998420184854,,2,2,0.8762446307090502,logC,"{""B"": 0.5020403600609415, ""C"": 3.775134544289666e-11, ""u1"": 12.580060851338487}",69.98246624013014,71.42828174043909,131.6327380209385,133.07855352124744
expanded,light,NGC3198,43,C_k1_Q,logsvt,4,99.55234203041988,2.5526241546261508,108.60497360936725,79.16774958844927,114.59714249319413,80.49170274058008,,3,3,0.9682552920074823,logC,"{""B"": 0.6186546318839011, ""C"": 3.7751355698695164e-11, ""Q"": 0.29402025942543497, ""u1"": 7.739974282353754}",4.050231626730877,6.820000279170628,65.70050340753923,68.47027205997898
expanded,light,NGC3198,43,C_k1_L,logsvt,4,81.74199062444345,2.095948477549832,90.79462220339082,61.357398182472835,96.7867910872177,62.68135133460364,97197829447.35867,3,4,0.9999515860742818,logC,"{""B"": 0.7978782108716342, ""C"": 3.775134922633037e-11, ""L"": -0.5546806158534636, ""u1"": 5.813878559884785}",-13.760119779245557,-10.990351126805805,47.8901520015628,50.65992065400255
expanded,light,NGC3198,43,C_k1_L_Q,logsvt,5,81.74199062628047,2.151105016481065,93.3636122479021,63.926388226984116,100.54799120474829,66.44255145213424,388487120686.05414,3,5,1.0,logC;logQ,"{""B"": 0.7978782263206922, ""C"": 3.775134959361069e-11, ""L"": -0.5546806421550502, ""Q"": 3.7751350481525334e-11, ""u1"": 5.813878409589421}",-11.191129734734275,-7.229151009275213,50.45914204607408,54.42112077153314
expanded,light,NGC3198,43,C_k2,logsvt,3,38.604470204250106,0.9651117551062527,45.21985481963472,15.782630798716738,49.88807055133079,15.782630798716738,,2,2,0.7124645641370558,logC,"{""B"": 0.2251923541153239, ""C"": 3.775134544279111e-11, ""u2"": 130.92428266526923}",-59.33488716300165,-57.88907166269271,2.3153846178067,3.761200118115646
expanded,light,NGC3198,43,C_k2_Q,logsvt,4,26.206491855607013,0.671961329630949,35.25912343455438,5.821899413636402,41.25129231838126,7.145852565767207,18424349437.618095,3,4,0.9986459688107739,,"{""B"": 0.23667387742347035, ""C"": 5.101772435748475e-11, ""Q"": 0.0981019198541846, ""u2"": 111.7954252261691}",-69.29561854808199,-66.52584989564224,-7.645346767273637,-4.8755781148338855
expanded,light,NGC3198,43,C_k2_L,logsvt,4,22.76887145055469,0.5838172166808895,31.82150302950206,2.3842790085840804,37.81367191332894,3.7082321607148856,839.0661137700813,4,4,0.7763326236691683,,"{""B"": 0.24800558064302639, ""C"": 0.007776527797562549, ""L"": -0.14738063006584365, ""u2"": 101.93109864082416}",-72.7332389531343,-69.96347030069455,-11.082967172325958,-8.313198519886207
expanded,light,NGC3198,43,C_k2_L_Q,logsvt,5,22.76887145166899,0.5991808276754997,34.39049307329061,4.953269052372626,41.5748720301368,7.469432277522749,,4,4,0.7763327651812667,logQ,"{""B"": 0.248005579929065, ""C"": 0.00777653311422533, ""L"": -0.14738063261667397, ""Q"": 3.775400779655296e-11, ""u2"": 101.93109698702042}",-70.16424890934576,-66.2022701838867,-8.513977128537412,-4.551998403078343
expanded,light,NGC3198,43,C_k12,logsvt,4,38.60447021023382,0.989858210518816,47.65710178918119,18.21987776826321,53.64927067300807,19.543830920394015,4510591348.963302,2,4,0.9999814159041094,,"{""B"": 0.22519235421639755, ""C"": 9.337781184187553e-11, ""u1"": 6.494416617593346e-10, ""u2"": 130.92428222424786}",-56.89764019345518,-54.12787154101543,4.7526315873531715,7.522400239792923
expanded,light,NGC3198,43,C_k12_Q,logsvt,5,26.206491873425165,0.6896445229848728,37.828113495046786,8.390889474128805,45.01249245189298,10.907052699278928,4207467903.8506417,3,5,0.9999046313933416,,"{""B"": 0.23667387660557826, ""C"": 6.835890775683267e-10, ""Q"": 0.09810191491965883, ""u1"": 9.112705968754395e-09, ""u2"": 111.79542616802772}",-66.72662848758958,-62.76464976213052,-5.076356706781233,-1.1143779813221641
expanded,light,NGC3198,43,C_k12_L,logsvt,5,22.768871450603942,0.5991808276474722,34.39049307222556,4.953269051307579,41.574872029071756,7.469432276457702,4700751932.628349,4,5,1.0,,"{""B"": 0.24800558192121624, ""C"": 0.007776521454569276, ""L"": -0.1473806286559991, ""u1"": 3.881281720390406e-10, ""u2"": 101.93110000934239}",-70.1642489104108,-66.20227018495174,-8.51397712960246,-4.55199840414339
expanded,light,NGC3198,43,C_k12_L_Q,logsvt,6,22.76887149674563,0.6153749053174494,37.10220483007897,7.664980809160987,45.336072190907004,11.23063243829295,2540143725.911608,4,6,1.0,,"{""B"": 0.2480055764102219, ""C"": 0.0077765516194910535, ""L"": -0.14738063706409685, ""Q"": 1.425590712312067e-09, ""u1"": 3.241153456762094e-08, ""u2"": 101.93109297294913}",-67.4525371525574,-62.441070023116495,-5.802265371749051,-0.7907982423081421
expanded,light,NGC3198,43,cored_log,cored_log,2,38.60447020182802,0.9415724439470249,42.90447020182802,13.467246180910038,46.126870433215146,12.021430680601092,4.112890267149819,2,2,0.7124645659675695,,"{""H"": 0.9007694164932751, ""Rc"": 0.08739566642648146}",-61.65027178080835,-61.65027178080835,0.0,0.0
expanded,light,NGC3198,43,pISO,piso,2,100.25474198263638,2.4452376093325947,104.55474198263637,75.11751796171839,107.7771422140235,73.67170246140944,6.135931563590115,2,2,0.8150289713138836,,"{""H"": 0.9792757329206692, ""Rc"": 0.03675501206289215}",0.0,0.0,61.65027178080835,61.65027178080835
expanded,light,NGC3198,43,NFW,nfw,2,68.93070714609158,1.6812367596607702,73.23070714609158,43.793483125173594,76.4531073774787,42.34766762486465,5.513109072062125,2,2,0.8666863386605472,,"{""V200"": 0.7319842560468314, ""c"": 13.526259893173645}",-31.324034836544797,-31.324034836544797,30.326236944263556,30.326236944263556
expanded,light,NGC3521,41,baryons,logsvt,0,2128.7355627129728,51.920379578365186,2128.7355627129728,2120.1870297999717,2128.7355627129728,2115.6949622485076,,0,0,,,{},2115.1898745930553,2112.078519933331,2106.7538329603426,2103.6424783006178
expanded,light,NGC3521,41,Q,logsvt,1,2128.735562807959,53.218389070198974,2130.838126910523,2122.289593997522,2132.4491348746633,2119.408534410198,1.0,1,1,0.0,logQ,"{""Q"": 3.775134544705934e-11}",2117.2924387906055,2115.7920920950214,2108.856397157893,2107.3560504623083
expanded,light,NGC3521,41,L,logsvt,1,507.2380042786027,12.680950106965067,509.3405683811668,500.79203546816575,510.95157634530705,497.91097588084176,1.0,1,1,0.0,,"{""L"": 1.3281532825586198}",495.79488026124943,494.2945335656653,487.35883862853643,485.8584919329523
expanded,light,NGC3521,41,L_Q,logsvt,2,130.53593206650314,3.347075181192388,134.85172154018736,126.30318862718633,137.96307619991174,124.92247573544644,7.978173977618715,2,2,0.9449091257018386,,"{""L"": 3.231438425628718, ""Q"": 2.7705638943077933}",121.30603342027001,121.30603342026998,112.869991787557,112.86999178755698
expanded,light,NGC3521,41,k1,logsvt,2,6.572756569173837,0.1685322197224061,10.888546042858048,2.34001312985702,13.999900702582453,0.9593002381171516,7.618648131315268,2,2,0.8517521080496886,,"{""B"": 0.3609915901981884, ""u1"": 16.94663655548467}",-2.6571420770593033,-2.6571420770593033,-11.093183709772306,-11.09318370977231
expanded,light,NGC3521,41,k1_Q,logsvt,3,6.572756570820053,0.17296727817947508,13.221405219468702,4.672872306467674,17.713472770932974,4.6728723064676725,3486981021.9636335,2,3,0.9990380149848613,logQ,"{""B"": 0.36099158874375314, ""Q"": 3.775134578506585e-11, ""u1"": 16.94663687267146}",-0.32428290044864916,1.0564299912912176,-8.760324533161652,-7.379611641421789
expanded,light,NGC3521,41,k1_L,logsvt,3,2.591795191326222,0.06820513661384794,9.240443839974871,0.6919109269738435,13.732511391439145,0.6919109269738435,21.122448910678024,3,3,0.9319121833981256,,"{""B"": 0.27924066388484253, ""L"": 0.21025460950969938, ""u1"": 34.219928415860444}",-4.30524427994248,-2.9245313882026114,-12.741285912655483,-11.360573020915618
expanded,light,NGC3521,41,k1_L_Q,logsvt,4,2.591795191349477,0.070048518685121,11.702906302460587,3.1543733894595594,17.446083458166708,4.405482993701407,,3,3,0.9319121844083615,logQ,"{""B"": 0.27924066429482125, ""L"": 0.21025460896033052, ""Q"": 3.775144409707187e-11, ""u1"": 34.219928117401814}",-1.842781817456764,0.7890406785249517,-10.278823450169767,-7.647000954188055
expanded,light,NGC3521,41,k2,logsvt,2,17.66594027894615,0.45297282766528585,21.981729752630358,13.43319683962933,25.093084412354763,12.052483947889462,8.009205558294317,2,2,0.6359397620443028,,"{""B"": 0.1543205127525064, ""u2"": 383.21006597123727}",8.436041632713007,8.436041632713007,3.552713678800501e-15,0.0
expanded,light,NGC3521,41,k2_Q,logsvt,3,17.665940283379342,0.46489316535208797,24.31458893202799,15.766056019026964,28.806656483492265,15.766056019026964,,2,2,0.6359397454467516,logQ,"{""B"": 0.15432050348984264, ""Q"": 3.775138397110348e-11, ""u2"": 383.2102884273829}",10.76890081211064,12.149613703850509,2.332859179397637,3.713572071137502
expanded,light,NGC3521,41,k2_L,logsvt,3,1.899884264352378,0.04999695432506258,8.548532913001027,0.0,13.040600464465301,0.0,17.889288209457202,3,3,0.8285814689391998,,"{""B"": 0.12100247782339278, ""L"": 0.2804171660667483, ""u2"": 909.4245195209878}",-4.997155206916323,-3.616442315176455,-13.433196839629327,-12.052483947889462
expanded,light,NGC3521,41,k2_L_Q,logsvt,4,1.8604491544019333,0.05028240957843063,10.971560265513045,2.423027352512017,16.714737421219166,3.6741369567538644,194.90519924130598,4,4,0.985455568562391,,"{""B"": 0.117541647092454, ""L"": 0.3580256648986092, ""Q"": 0.07383481991037279, ""u2"": 983.3478470869627}",-2.5741278544043062,0.057694641577409556,-11.01016948711731,-8.378346991135597
expanded,light,NGC3521,41,k12,logsvt,3,2.7939572982748837,0.07352519205986537,9.442605946923532,0.8940730339225045,13.934673498387806,0.8940730339225045,111.50363788386242,3,3,0.9966635366800467,,"{""B"": 0.2647524086921019, ""u1"": 37.69080221298212, ""u2"": 26.181107083979835}",-4.103082172993819,-2.7223692812539504,-12.539123805706822,-11.158410913966957
expanded,light,NGC3521,41,k12_Q,logsvt,4,2.793957298555399,0.07551235942041619,11.905068409666509,3.3565354966654812,17.64824556537263,4.6076451009073285,,3,3,0.9966635383131897,,"{""B"": 0.2647524061271665, ""Q"": 4.098811683425123e-11, ""u1"": 37.69080284235412, ""u2"": 26.181109237148902}",-1.6406197102508422,0.9912027857308736,-10.076661342963845,-7.444838846982133
expanded,light,NGC3521,41,k12_L,logsvt,4,1.8998842643528173,0.05134822336088696,11.010995375463928,2.4624624624629003,16.75417253117005,3.7135720667047476,1.0390811341551003e+17,3,3,1.0,,"{""B"": 0.1210024779034691, ""L"": 0.28041716563093616, ""u1"": 5.970330558125899e-11, ""u2"": 909.42451496458}",-2.534692744453423,0.09712975152829273,-10.970734377166426,-8.338911881184714
expanded,light,NGC3521,41,k12_L_Q,logsvt,5,2.591795191916648,0.07199431088657356,14.306080906202363,5.757547993201335,21.15965552543819,8.119055060972888,,3,4,0.9778472416084636,,"{""B"": 0.2792406643289845, ""L"": 0.21023250651283884, ""Q"": 8.374822349237879e-11, ""u1"": 34.219967698792466, ""u2"": 0.0013543156976079053}",0.7603927862850117,4.502612745796434,-7.6756488464279915,-3.933428886916573
expanded,light,NGC3521,41,C,logsvt,1,64.04731961428698,1.6011829903571744,66.14988371685108,57.60135080385005,67.76089168099128,54.72029121652598,1.0,1,1,0.0,,"{""C"": 0.526871813461436}",52.60419559693373,51.10384890134952,44.16815396422072,42.667807268636516
expanded,light,NGC3521,41,C_Q,logsvt,2,64.0473196240674,1.642238964719677,68.3631090977516,59.81457618475058,71.47446375747602,58.43386329301072,2843583137.377212,1,2,1.0,logQ,"{""C"": 0.5268718137592606, ""Q"": 3.775134576229259e-11}",54.81742097783425,54.81742097783426,46.381379345121246,46.38137934512125
expanded,light,NGC3521,41,C_L,logsvt,2,10.17585047156075,0.26091924286053203,14.49163994524496,5.943107032243933,17.602994604969368,4.562394140504066,2.4622886570908675,2,2,0.7122295315883055,,"{""C"": 0.4159777170274055, ""L"": 0.38521194251617613}",0.9459518253276098,0.9459518253276116,-7.490089807385393,-7.490089807385395
expanded,light,NGC3521,41,C_L_Q,logsvt,3,5.7780991622475115,0.15205524111177662,12.42674781089616,3.8782148978951323,16.918815362360434,3.8782148978951323,18.726348455352184,3,3,0.9749813058910584,,"{""C"": 0.3584840589391374, ""L"": 0.8799295407346697, ""Q"": 0.5307242394501341}",-1.1189403090211911,0.2617725827186774,-9.554981941734194,-8.17426904999433
expanded,light,NGC3521,41,C_k1,logsvt,3,4.203493228412932,0.1106182428529719,10.85214187706158,2.303608964060553,15.344209428525854,2.303608964060553,20.731796280533175,3,3,0.9070994772260159,,"{""B"": 0.2759626012258126, ""C"": 0.2797035911252875, ""u1"": 4.177720497499116}",-2.6935462428557706,-1.312833351115902,-11.129587875568774,-9.748874983828909
expanded,light,NGC3521,41,C_k1_Q,logsvt,4,4.203493228699744,0.1136079250999931,13.314604339810856,4.7660714268098285,19.057781495516977,6.017181031051676,6834350172.390083,3,4,0.9953296197245112,logQ,"{""B"": 0.2759625973745582, ""C"": 0.27970353897580147, ""Q"": 3.7751354567564825e-11, ""u1"": 4.177722520164533}",-0.23108378010649488,2.400738715875221,-8.667125412819498,-6.035302916837786
expanded,light,NGC3521,41,C_k1_L,logsvt,4,2.5917951913856787,0.07004851868609943,11.702906302496789,3.1543733894957615,17.44608345820291,4.405482993737609,3484257512.4742584,3,4,0.9885803214292499,,"{""B"": 0.27924066241866924, ""C"": 3.7918281212109536e-11, ""L"": 0.2102546136860985, ""u1"": 34.219928961358036}",-1.842781817420562,0.7890406785611539,-10.278823450133565,-7.647000954151853
expanded,light,NGC3521,41,C_k1_L_Q,logsvt,5,2.5917951920755486,0.07199431089098746,14.306080906361261,5.757547993360234,21.15965552559709,8.119055061131787,6076563145.542229,3,5,0.9992064686755976,,"{""B"": 0.2792406643426705, ""C"": 2.2761887521641357e-10, ""L"": 0.21025460853945066, ""Q"": 6.370420060315075e-10, ""u1"": 34.21992809620392}",0.7603927864439104,4.502612745955332,-7.675648846269093,-3.9334288867576745
expanded,light,NGC3521,41,C_k2,logsvt,3,6.4725964488434435,0.1703314854958801,13.121245097492093,4.572712184491065,17.613312648956367,4.572712184491065,15.66068250411945,3,3,0.7258601850035273,,"{""B"": 0.08748686562865458, ""C"": 0.3851764193375579, ""u2"": 16.369641650259982}",-0.4244430224252582,0.9562698693146103,-8.860484655138261,-7.4797717633983964
expanded,light,NGC3521,41,C_k2_Q,logsvt,4,6.4725964492052395,0.17493503916770917,15.58370756031635,7.035174647315323,21.32688471602247,8.286284251557168,1460873287.2782724,3,4,0.9957126522817957,logQ,"{""B"": 0.08748686383085905, ""C"": 0.3851763885196274, ""Q"": 3.77513493507963e-11, ""u2"": 16.36965253220755}",2.0380194403989993,4.669841936380713,-6.398022192314004,-3.7661996963322935
expanded,light,NGC3521,41,C_k2_L,logsvt,4,1.8998842646014698,0.05134822336760729,11.01099537571258,2.462462462711553,16.754172531418703,3.713572066953402,1012506728.3018644,3,4,0.9994561133055294,,"{""B"": 0.12100247766209433, ""C"": 4.22669541806178e-10, ""L"": 0.28041716655196663, ""u2"": 909.4245205034346}",-2.5346927442047704,0.09712975177694716,-10.970734376917774,-8.33891188093606
expanded,light,NGC3521,41,C_k2_L_Q,logsvt,5,1.8604491561890673,0.05167914322747409,13.574734870474781,5.026201957473754,20.428309489710607,7.3877090252453055,1370476395.2060134,4,5,0.9986309986470195,,"{""B"": 0.11754164510834422, ""C"": 2.3509180978728333e-09, ""L"": 0.3580256860559109, ""Q"": 0.07383483633826463, ""u2"": 983.3479014466709}",0.029046750557430556,3.7712667100688506,-8.406994882155573,-4.664774922644156
expanded,light,NGC3521,41,C_k12,logsvt,4,2.7939572995745614,0.07551235944796111,11.905068410685672,3.3565354976846447,17.648245566391793,4.607645101926492,1389780141.7539957,3,4,0.9999196158721103,,"{""B"": 0.2647523890132287, ""C"": 5.835314151161685e-10, ""u1"": 37.690810753542955, ""u2"": 26.18112350512646}",-1.6406197092316788,0.991202786750037,-10.076661341944682,-7.44483884596297
expanded,light,NGC3521,41,C_k12_Q,logsvt,5,2.7939572988645764,0.07760992496846046,14.50824301315029,5.9597101001492625,21.361817632386117,8.321217167920816,3658299207.102888,3,5,0.9999619603144183,,"{""B"": 0.26475240194648686, ""C"": 1.293563503361741e-10, ""Q"": 4.4065346602343433e-11, ""u1"": 37.69080647921653, ""u2"": 26.18111282152341}",0.9625548932329391,4.704774852744361,-7.473486739480064,-3.731266779968646
expanded,light,NGC3521,41,C_k12_L,logsvt,5,1.8998842676492134,0.05277456299025593,13.614169981934927,5.065637068933899,20.467744601170754,7.4271441367054525,1533231094.7449636,3,5,0.9987909784162242,,"{""B"": 0.12100247680691015, ""C"": 4.359117192501702e-09, ""L"": 0.2804171657276895, ""u1"": 9.793071764104458e-08, ""u2"": 909.424509129868}",0.06848186201757578,3.8107018215289976,-8.367559770695427,-4.625339811184009
expanded,light,NGC3521,41,C_k12_L_Q,logsvt,6,1.8604491802788692,0.05315569086511055,16.331037415572986,7.782504502571959,24.141881580504716,11.101281116039415,1264856824.4059732,4,6,0.9998743624425929,,"{""B"": 0.11754164234302247, ""C"": 1.967033492023631e-08, ""L"": 0.35802566017054677, ""Q"": 0.07383481389756479, ""u1"": 9.105137246710202e-07, ""u2"": 983.3478256730434}",2.785349295655635,7.48483880086296,-5.650692337057368,-0.951202831850047
expanded,light,NGC3521,41,cored_log,cored_log,2,17.665940278946145,0.4529728276652858,21.981729752630354,13.433196839629327,25.093084412354763,12.052483947889462,4.1436092467309615,2,2,0.6359397699698497,,"{""H"": 0.6172820513335945, ""Rc"": 0.0510836059129655}",8.436041632713003,8.436041632713007,0.0,0.0
expanded,light,NGC3521,41,pISO,piso,2,9.22989864623314,0.23666406785213182,13.545688119917351,4.997155206916323,16.657042779641756,3.616442315176455,5.762538894510595,2,2,0.7697570307683486,,"{""H"": 0.6823970104997559, ""Rc"": 0.023491806251541264}",0.0,0.0,-8.436041632713003,-8.436041632713007
expanded,light,NGC3521,41,NFW,nfw,2,24.506928078316992,0.6283827712388972,28.8227175520012,20.274184639000175,31.934072211725606,18.893471747260307,4.982307100759026,2,2,0.8804212601428583,,"{""V200"": 0.48196956876996316, ""c"": 35.72305397693768}",15.27702943208385,15.27702943208385,6.840987799370847,6.8409877993708434
expanded,light,NGC5055,28,baryons,logsvt,0,137762.52730790328,4920.090260996546,137762.52730790328,137708.5334772429,137762.52730790328,137704.94378963695,,0,0,,,{},137521.30298491044,137519.11857589008,137579.94475713128,137577.76034811093
expanded,light,NGC5055,28,Q,logsvt,1,137762.52731491727,5102.315826478418,137764.68116107112,137710.68733041073,137765.85951942744,137708.2760011611,1.0,1,1,0.0,logQ,"{""Q"": 3.775134544285388e-11}",137523.45683807827,137522.45078741424,137582.09861029912,137581.0925596351
expanded,light,NGC5055,28,L,logsvt,1,27951.920812546865,1035.2563263906247,27954.074658700712,27900.080828040314,27955.25301705704,27897.66949879072,1.0,1,1,0.0,,"{""L"": 1.3096607241914855}",27712.85033570786,27711.844285043833,27771.49210792872,27770.486057264694
expanded,light,NGC5055,28,L_Q,logsvt,2,2674.2492450156346,102.85574019290902,2678.7292450156347,2624.7354143552357,2680.913654035985,2623.330135769668,11.879405271101874,2,2,0.9654540707519054,,"{""L"": 3.814381992216184, ""Q"": 3.6483435517766356}",2437.50492202278,2437.50492202278,2496.146694243641,2496.146694243641
expanded,light,NGC5055,28,k1,logsvt,2,299.60716613714624,11.523352543736394,304.08716613714626,250.09333547674737,306.27157515749667,248.68805689117957,8.263825158714907,2,2,0.8525624912597671,,"{""B"": 0.40445834126085045, ""u1"": 14.849169036885772}",62.86284314429176,62.86284314429176,121.50461536515252,121.50461536515252
expanded,light,NGC5055,28,k1_Q,logsvt,3,77.95793097241014,3.1183172388964056,84.95793097241014,30.964100312011247,87.95454450293575,30.371026236618647,29.76677932697026,3,3,0.9711158937239865,,"{""B"": 0.5172139090479185, ""Q"": 0.286360395253779, ""u1"": 8.257459189325491}",-156.26639202044436,-155.45418751026915,-97.6246197995836,-96.8124152894084
expanded,light,NGC5055,28,k1_L,logsvt,3,68.18382055612759,2.7273528222451033,75.18382055612759,21.189989895728694,78.1804340866532,20.596915820336093,31.62878196583865,3,3,0.9868063959075563,,"{""B"": 0.6349626783463093, ""L"": -0.44325971880135473, ""u1"": 6.656901755979066}",-166.0405024367269,-165.2282979265517,-107.39873021586615,-106.58652570569096
expanded,light,NGC5055,28,k1_L_Q,logsvt,4,68.18382055711972,2.8409925232133215,77.92295099190233,23.929120331503434,81.51263859782053,23.929120331503427,16719630720.617086,3,4,0.9976610667667751,logQ,"{""B"": 0.634962683660733, ""L"": -0.4432597272527906, ""Q"": 3.77579273732857e-11, ""u1"": 6.656901667371313}",-163.30137200095217,-161.89609341538437,-104.65959978009141,-103.25432119452363
expanded,light,NGC5055,28,k2,logsvt,2,178.10255077199426,6.850098106615164,182.58255077199425,128.58872011159536,184.76695979234466,127.18344152602756,7.566599489283901,2,2,0.6692827744030493,,"{""B"": 0.18340512281567198, ""u2"": 171.9838224255232}",-58.64177222086025,-58.64177222086025,5.115907697472721e-13,5.115907697472721e-13
expanded,light,NGC5055,28,k2_Q,logsvt,3,162.4523106743636,6.4980924269745435,169.4523106743636,115.4584800139647,172.4489242048892,114.86540593857211,75.37447043293403,3,3,0.8660206859396411,,"{""B"": 0.18934217443313459, ""Q"": 0.05144264444731528, ""u2"": 154.81263034404856}",-71.77201231849091,-70.9598078083157,-13.13024009763015,-12.318035587454943
expanded,light,NGC5055,28,k2_L,logsvt,3,166.57893624760933,6.663157449904373,173.57893624760933,119.58510558721045,176.57554977813496,118.99203151181786,14.725480521660023,3,3,0.9421998968894221,,"{""B"": 0.19175539420030657, ""L"": -0.05114127412111573, ""u2"": 153.9329556618016}",-67.64538674524516,-66.83318223506996,-9.003614524384403,-8.191410014209197
expanded,light,NGC5055,28,k2_L_Q,logsvt,4,135.11472632943872,5.629780263726613,144.85385676422132,90.86002610382243,148.44354437013953,90.86002610382243,66.91840658066998,4,4,0.9933064712990223,,"{""B"": 0.14279866525074794, ""L"": 0.7351060218665901, ""Q"": 0.6863405304535073, ""u2"": 231.5320076934645}",-96.37046622863318,-94.96518764306538,-37.72869400777242,-36.32341542220462
expanded,light,NGC5055,28,k12,logsvt,3,168.56711447454148,6.74268457898166,175.56711447454148,121.5732838141426,178.5637280050671,120.98020973875,114.28385723273412,3,3,0.8072050293507356,,"{""B"": 0.18687988427715088, ""u1"": 3.5538523827970416, ""u2"": 178.14485978163114}",-65.65720851831301,-64.8450040081378,-7.015436297452254,-6.203231787277048
expanded,light,NGC5055,28,k12_Q,logsvt,4,76.31095236649033,3.17962301527043,86.05008280127294,32.056252140874044,89.63977040719114,32.05625214087404,93.87295650475882,4,4,0.9939420804506718,,"{""B"": 0.2438256948636692, ""Q"": 0.2470581811521068, ""u1"": 15.187069638276734, ""u2"": 85.18134743691992}",-155.17424019158156,-153.76896160601376,-96.5324679707208,-95.12718938515302
expanded,light,NGC5055,28,k12_L,logsvt,4,68.08990235857593,2.8370792649406638,77.82903279335854,23.835202132959644,81.41872039927674,23.835202132959637,211.54591368519192,4,4,0.9988819174644827,,"{""B"": 0.3085147029657678, ""L"": -0.4212993814459007, ""u1"": 13.352387477957276, ""u2"": 48.76873003187354}",-163.39529019949595,-161.99001161392817,-104.7535179786352,-103.34823939306742
expanded,light,NGC5055,28,k12_L_Q,logsvt,5,68.08992647325333,2.9604315857936228,80.81719920052606,26.82336854012717,84.75094902412934,27.16743075781224,178443860.13067323,4,5,0.9994873193285126,,"{""B"": 0.30851377062514046, ""L"": -0.42129604766506706, ""Q"": 9.448413525024421e-07, ""u1"": 13.35239850710898, ""u2"": 48.76917531883918}",-160.40712379232843,-158.65778298907557,-101.76535157146768,-100.01601076821481
expanded,light,NGC5055,28,C,logsvt,1,3147.1881561655987,116.56252430242958,3149.342002319445,3095.348171659046,3150.520360675774,3092.936842409457,1.0,1,1,0.0,,"{""C"": 0.6127761179262289}",2908.1176793265904,2907.1116286625693,2966.759451547451,2965.75340088343
expanded,light,NGC5055,28,C_Q,logsvt,2,3147.1881565211365,121.04569832773602,3151.6681565211366,3097.6743258607376,3153.852565541487,3096.2690472751697,,1,1,0.0,logQ,"{""C"": 0.6127761195829036, ""Q"": 3.775134588276013e-11}",2910.443833528282,2910.443833528282,2969.085605749143,2969.085605749143
expanded,light,NGC5055,28,C_L,logsvt,2,1351.5466663066773,51.982564088718355,1356.0266663066773,1302.0328356462783,1358.2110753270276,1300.6275570607106,2.8084195864560035,2,2,0.7703117783837349,,"{""C"": 0.5009121746115903, ""L"": 0.3137781470888747}",1114.8023433138228,1114.8023433138228,1173.4441155346835,1173.4441155346835
expanded,light,NGC5055,28,C_L_Q,logsvt,3,247.742616975563,9.90970467902252,254.742616975563,200.74878631516412,257.73923050608863,200.15571223977153,19.73452279139236,3,3,0.9867193847659786,,"{""C"": 0.3123641205841405, ""L"": 1.7887113968352544, ""Q"": 1.604295176000273}",13.518293982708514,14.33049849288372,72.16006620356927,72.97227071374448
expanded,light,NGC5055,28,C_k1,logsvt,3,299.60716615750215,11.984286646300086,306.60716615750215,252.61333549710326,309.60377968802777,252.02026142171067,,2,2,0.8525624850815725,,"{""B"": 0.4044583424372989, ""C"": 7.648130262458422e-11, ""u1"": 14.849168807386691}",65.38284316464765,66.19504767482286,124.02461538550841,124.83681989568362
expanded,light,NGC5055,28,C_k1_Q,logsvt,4,77.60856941022307,3.233690392092628,87.34769984500568,33.353869184606786,90.93738745092388,33.35386918460678,636.5632706323727,4,4,0.9680557818148632,,"{""B"": 0.5124367317957529, ""C"": 0.02641627924294792, ""Q"": 0.2985372141020053, ""u1"": 7.5784687173705105}",-153.87662314784882,-152.47134456228105,-95.23485092698806,-93.82957234142027
expanded,light,NGC5055,28,C_k1_L,logsvt,4,65.62073903595211,2.734197459831338,75.35986947073472,21.36603881033583,78.94955707665292,21.366038810335823,301.8967391889952,4,4,0.9843042039532239,,"{""B"": 0.6629097545763208, ""C"": 0.06366809248429037, ""L"": -0.5219320225737506, ""u1"": 5.18259949392876}",-165.8644535221198,-164.459174936552,-107.22268130125902,-105.81740271569123
expanded,light,NGC5055,28,C_k1_L_Q,logsvt,5,65.62073904208744,2.853075610525541,78.34801176936017,24.354181108961278,82.28176159296345,24.69824332664635,10218507897.565891,4,5,0.998597419017026,,"{""B"": 0.6629101117236308, ""C"": 0.06366846472116702, ""L"": -0.5219327380158804, ""Q"": 1.8820070209185428e-10, ""u1"": 5.1825900082175895}",-162.87631122349433,-161.12697042024146,-104.23453900263357,-102.4851981993807
expanded,light,NGC5055,28,C_k2,logsvt,3,122.11181245874359,4.884472498349743,129.1118124587436,75.11798179834472,132.1084259892692,74.5249077229521,35.068600835256305,3,3,0.9875785215440427,,"{""B"": 0.13575801152132003, ""C"": 0.19944859776083193, ""u2"": 96.1114335238596}",-112.1125105341109,-111.30030602393572,-53.47073831325014,-52.65853380307496
expanded,light,NGC5055,28,C_k2_Q,logsvt,4,49.61192275515255,2.0671634481313563,59.35105318993516,5.357222529536266,62.940740795853365,5.357222529536266,42.05666301599655,4,4,0.9279001877927201,,"{""B"": 0.13862778231551612, ""C"": 0.2739278714570908, ""Q"": 0.15146450570189915, ""u2"": 51.00665639351985}",-181.87326980291934,-180.46799121735154,-123.23149758205858,-121.82621899649078
expanded,light,NGC5055,28,C_k2_L,logsvt,4,44.25470022561628,1.8439458427340119,53.99383066039889,0.0,57.5835182663171,0.0,44.18619149975876,4,4,0.9356703858395448,,"{""B"": 0.15265669345787575, ""C"": 0.2900855011755901, ""L"": -0.2072743604035449, ""u2"": 45.06191178497505}",-187.2304923324556,-185.8252137468878,-128.58872011159485,-127.18344152602705
expanded,light,NGC5055,28,C_k2_L_Q,logsvt,5,44.25470030955625,1.9241174047633152,56.981973036828975,2.9881423764300834,60.91572286043227,3.3322045941151686,1928255701.317982,4,5,0.9961566068488359,,"{""B"": 0.1526566932275174, ""C"": 0.2900855041200596, ""L"": -0.20727436023128806, ""Q"": 2.846781379956509e-09, ""u2"": 45.06191092484507}",-184.24234995602552,-182.49300915277263,-125.60057773516476,-123.85123693191188
expanded,light,NGC5055,28,C_k12,logsvt,4,122.1118124637153,5.087992185988138,131.8509428984979,77.857112238099,135.4406305044161,77.857112238099,,3,3,0.9875785344875281,,"{""B"": 0.13575804470176991, ""C"": 0.199448452890938, ""u1"": 5.450595418730876e-10, ""u2"": 96.11148969619596}",-109.3733800943566,-107.9681015087888,-50.73160787349585,-49.32632928792805
expanded,light,NGC5055,28,C_k12_Q,logsvt,5,49.61192275523076,2.1570401197926414,62.339195482503484,8.345364822104592,66.27294530610678,8.689427039789678,2.1240614649299046e+18,4,4,0.9279001923156746,,"{""B"": 0.13862778189817324, ""C"": 0.2739278568950727, ""Q"": 0.15146448099977347, ""u1"": 4.1224522717907986e-11, ""u2"": 51.00666254120968}",-178.88512751035103,-177.13578670709813,-120.24335528949025,-118.49401448623738
expanded,light,NGC5055,28,C_k12_L,logsvt,5,44.25470022652078,1.9241174011530775,56.98197295379351,2.988142293394617,60.9157227773968,3.332204511079702,1.8503033401201364e+18,4,4,1.0,,"{""B"": 0.1526566944345294, ""C"": 0.2900854917026962, ""L"": -0.2072743545054449, ""u1"": 7.762161855946451e-10, ""u2"": 45.06191400679075}",-184.242350039061,-182.4930092358081,-125.60057781820024,-123.85123701494734
expanded,light,NGC5055,28,C_k12_L_Q,logsvt,6,44.25470041341048,2.0115772915186585,60.25470041341048,6.26086975301159,64.2479274744617,6.664409208144605,2900912756.5456796,4,6,0.9983617251510559,,"{""B"": 0.15265669377459296, ""C"": 0.2900855034142844, ""L"": -0.20727436057477697, ""Q"": 4.573548678035756e-09, ""u1"": 4.5469274077337016e-08, ""u2"": 45.061910833876155}",-180.969622579444,-179.1608045387432,-122.32785035858325,-120.51903231788245
expanded,light,NGC5055,28,cored_log,cored_log,2,178.10255077199375,6.850098106615144,182.58255077199374,128.58872011159485,184.76695979234415,127.18344152602705,3.9613680347056426,2,2,0.6692827780821066,,"{""H"": 0.7336204902797752, ""Rc"": 0.07625287073971476}",-58.64177222086076,-58.64177222086076,0.0,0.0
expanded,light,NGC5055,28,pISO,piso,2,236.7443229928545,9.105550884340557,241.2243229928545,187.2304923324556,243.4087320132049,185.8252137468878,6.097083438430006,2,2,0.7881947616647721,,"{""H"": 0.7898661105589316, ""Rc"": 0.03128368109142678}",0.0,0.0,58.64177222086076,58.64177222086076
expanded,light,NGC5055,28,NFW,nfw,2,63.985550068326006,2.4609826949356157,68.46555006832601,14.471719407927118,70.64995908867641,13.066440822359311,5.259785795777509,2,2,0.8461526964959151,,"{""V200"": 0.6636282541248325, ""c"": 13.809288607722682}",-172.7587729245285,-172.7587729245285,-114.11700070366773,-114.11700070366774
expanded,light,NGC6946,58,baryons,logsvt,0,29755.906353510065,513.0328681639667,29755.906353510065,29671.284712684683,29755.906353510065,29663.79765762363,,0,0,,,{},29637.761969748677,29633.859265545765,29638.95913500466,29635.056430801753
expanded,light,NGC6946,58,Q,logsvt,1,29755.906354410152,522.0334448142132,29757.97778298158,29673.356142156197,29759.966797420697,29667.85810153426,1.0,1,1,0.0,logQ,"{""Q"": 3.775134544309583e-11}",29639.83339922019,29637.919709456397,29641.030564476176,29639.116874712385
expanded,light,NGC6946,58,L,logsvt,1,1355.63636273533,23.783094083075966,1357.7077913067587,1273.0861504813759,1359.6968057458764,1267.58810985944,1.0,1,1,0.0,,"{""L"": 1.5027146073464634}",1239.56340754537,1237.6497177815766,1240.7605728013561,1238.8468830375627
expanded,light,NGC6946,58,L_Q,logsvt,2,165.9375297530226,2.963170174161118,170.15571157120442,85.53407074582162,174.05841577411545,81.94971988767905,6.377405434924774,2,2,0.9495585854578069,,"{""L"": 2.6320587178365074, ""Q"": 2.3550267107600313}",52.0113278098156,52.0113278098156,53.20849306580176,53.20849306580176
expanded,light,NGC6946,58,k1,logsvt,2,122.25623709562763,2.1831470909933506,126.47441891380944,41.852778088426646,130.37712311672047,38.268427230284075,11.465030545137898,2,2,0.9633548312033653,,"{""B"": 0.4898839068879769, ""u1"": 4.810348786627163}",8.33003515242062,8.33003515242062,9.527200408406785,9.527200408406785
expanded,light,NGC6946,58,k1_Q,logsvt,3,87.45309928967069,1.5900563507212853,93.89754373411513,9.275902908732334,99.63442832130994,7.525732434873547,47.281806883547794,3,3,0.9905877199971878,,"{""B"": 0.7438593738440306, ""Q"": 0.5049626165060508, ""u1"": 2.494621371117491}",-24.24684002727369,-22.412659642989908,-23.049674771287528,-21.215494387003744
expanded,light,NGC6946,58,k1_L,logsvt,3,85.36785937749411,1.5521428977726202,91.81230382193856,7.1906629965557585,97.54918840913336,5.440492522696971,142.23154385409225,3,3,0.9938196319820881,,"{""B"": 1.4568748856693052, ""L"": -1.2378793592663218, ""u1"": 1.650513340660501}",-26.332079939450267,-24.497899555166484,-25.134914683464103,-23.30073429918032
expanded,light,NGC6946,58,k1_L_Q,logsvt,4,85.36785937760607,1.5808862847704828,94.12257635873814,9.500935533355346,101.60963141979174,9.500935533355346,63569872811.33103,3,4,0.9990713063214034,logQ,"{""B"": 1.4568747139754703, ""L"": -1.2378791884959282, ""Q"": 3.7753435570303704e-11, ""u1"": 1.6505134981425031}",-24.02180740265068,-20.43745654450811,-22.824642146664516,-19.240291288521945
expanded,light,NGC6946,58,k2,logsvt,2,112.72903668722078,2.0130185122718,116.9472185054026,32.325577680019805,120.84992270831363,28.741226821877234,8.906927172259932,2,2,0.7905928503420621,,"{""B"": 0.1870012977877132, ""u2"": 46.67752497262037}",-1.1971652559862207,-1.1971652559862207,-5.684341886080802e-14,-5.684341886080802e-14
expanded,light,NGC6946,58,k2_Q,logsvt,3,109.18671445592634,1.9852129901077515,115.63115890037078,31.00951807498798,121.36804348756559,29.259347601129193,76.26875352547083,3,3,0.9194007033412228,,"{""B"": 0.19733252619947517, ""Q"": 0.11487786052841928, ""u2"": 40.881798625267336}",-2.5132248610180454,-0.679044476734262,-1.3160596050318816,0.5181207792519018
expanded,light,NGC6946,58,k2_L,logsvt,3,111.56898577459569,2.028527014083558,118.01343021904013,33.391789393657334,123.75031480623494,31.641618919798546,22.515234822517733,3,3,0.9814914832467767,,"{""B"": 0.19998368993938134, ""L"": -0.08390087825594462, ""u2"": 42.416130669433436}",-0.13095354234869205,1.7032268419350913,1.0662117136374718,2.900392097921255
expanded,light,NGC6946,58,k2_L_Q,logsvt,4,97.4455194845027,1.8045466571204203,106.20023646563477,21.578595640251976,113.68729152668837,21.578595640251976,61.0426094611496,4,4,0.9794349694458901,,"{""B"": 0.09491833487353493, ""L"": 1.1922097361575419, ""Q"": 1.0268387270747874, ""u2"": 71.85893393177015}",-11.94414729575405,-8.359796437611479,-10.746982039767886,-7.162631181625315
expanded,light,NGC6946,58,k12,logsvt,3,100.14787990634414,1.8208705437517116,106.59232435078859,21.97068352540579,112.3292089379834,20.220513051547,47.599129876322316,3,3,0.8771738584872351,,"{""B"": 0.20329404222131958, ""u1"": 3.9859041234928543, ""u2"": 41.29044532688251}",-11.552059410600236,-9.717879026316453,-10.354894154614072,-8.520713770330289
expanded,light,NGC6946,58,k12_Q,logsvt,4,84.08787530022755,1.5571828759301398,92.84259228135963,8.22095145597683,100.32964734241322,8.22095145597683,86.12753778234627,4,4,0.9949317429307135,,"{""B"": 0.2670157079195159, ""Q"": 0.3329739780455871, ""u1"": 4.973125700109615, ""u2"": 19.35198352206637}",-25.301791480029195,-21.717440621886624,-24.10462622404303,-20.52027536590046
expanded,light,NGC6946,58,k12_L,logsvt,4,82.56916988045452,1.5290587014898986,91.3238868615866,6.702246036203803,98.8109419226402,6.702246036203803,159.05706618904475,4,4,0.9911956023818455,,"{""B"": 0.3755840139160486, ""L"": -0.6373615948353334, ""u1"": 4.4756820836607405, ""u2"": 13.173495384507536}",-26.820496899802222,-23.23614604165965,-25.62333164381606,-22.038980785673488
expanded,light,NGC6946,58,k12_L_Q,logsvt,5,82.56916988056666,1.5579088656710691,93.72301603441282,9.101375209030024,102.87138493329876,10.762689046862363,,4,4,0.9911956051670343,logQ,"{""B"": 0.3755838818790596, ""L"": -0.6373612526571008, ""Q"": 3.778209381323803e-11, ""u1"": 4.475682199675374, ""u2"": 13.173505298622576}",-24.421367726976,-19.175703031001092,-23.224202470989837,-17.978537775014928
expanded,light,NGC6946,58,C,logsvt,1,1162.4265154332597,20.393447639179996,1164.4979440046884,1079.8763031793055,1166.486958443806,1074.3782625573697,1.0,1,1,0.0,,"{""C"": 0.5942788567212386}",1046.3535602432996,1044.4398704795062,1047.5507254992858,1045.6370357354924
expanded,light,NGC6946,58,C_Q,logsvt,2,1162.426515484657,20.757616347940306,1166.644697302839,1082.023056477456,1170.54740150575,1078.4387056193136,14024245040.291874,1,2,1.0,logQ,"{""C"": 0.5942788594997419, ""Q"": 3.775137158705694e-11}",1048.5003135414502,1048.5003135414502,1049.6974787974364,1049.6974787974364
expanded,light,NGC6946,58,C_L,logsvt,2,371.60435405567756,6.635792036708528,375.82253587385935,291.2008950484766,379.7252400767704,287.61654419033397,4.733749087219737,2,2,0.9098983066361468,,"{""C"": 0.31409313159477054, ""L"": 0.7498166134407303}",257.6781521124705,257.6781521124705,258.8753173684567,258.8753173684567
expanded,light,NGC6946,58,C_L_Q,logsvt,3,116.15034710283108,2.111824492778747,122.59479154727552,37.97315072189272,128.33167613447034,36.22298024803395,22.190068777372144,3,3,0.9564268522534096,,"{""C"": 0.10847405766856394, ""L"": 2.1032436762281765, ""Q"": 1.7946990929331739}",4.450407785886696,6.284588170170494,5.64757304187286,7.481753426156658
expanded,light,NGC6946,58,C_k1,logsvt,3,122.25623710160096,2.222840674574563,128.70068154604542,44.07904072066262,134.4375661332402,42.32887024680382,,2,2,0.9633548299528607,logC,"{""B"": 0.48988390231666873, ""C"": 3.7751354092290956e-11, ""u1"": 4.810348915958182}",10.556297784656593,12.390478168940362,11.753463040642757,13.587643424926526
expanded,light,NGC6946,58,C_k1_Q,logsvt,4,87.45309929457834,1.6195018387884876,96.20781627571041,11.586175450327616,103.69487133676401,11.586175450327616,2712225647.014746,3,4,0.994869069392863,,"{""B"": 0.7438593778643497, ""C"": 1.0213718993482551e-10, ""Q"": 0.5049626139762404, ""u1"": 2.4946213419749466}",-21.93656748567841,-18.35221662753584,-20.739402229692246,-17.155051371549675
expanded,light,NGC6946,58,C_k1_L,logsvt,4,85.36785937898297,1.580886284795981,94.12257636011505,9.50093553473225,101.60963142116864,9.50093553473225,,3,3,0.99381963314069,logC,"{""B"": 1.4568748942383316, ""C"": 3.7751399733898264e-11, ""L"": -1.237879364887975, ""u1"": 1.6505133295909857}",-24.021807401273776,-20.437456543131205,-22.824642145287612,-19.24029128714504
expanded,light,NGC6946,58,C_k1_L_Q,logsvt,5,85.36785939654627,1.610714328236722,96.52170555039243,11.900064725009628,105.67007444927836,13.561378562841966,4314401272.547472,3,5,0.9987564807981599,,"{""B"": 1.4568749536616594, ""C"": 4.419806181257332e-10, ""L"": -1.23787941787998, ""Q"": 5.475204118108969e-10, ""u1"": 1.6505132680751364}",-21.622678210996398,-16.37701351502149,-20.425512955010234,-15.179848259035325
expanded,light,NGC6946,58,C_k2,logsvt,3,87.6784045232444,1.5941528095135344,94.12284896768884,9.50120814230604,99.85973355488366,7.7510376684472675,26.98966491752139,3,3,0.8739795409644183,,"{""B"": 0.16445494271402727, ""C"": 0.10661255790798707, ""u2"": 32.485085415664386}",-24.021534793699985,-22.187354409416187,-22.82436953771382,-20.990189153430023
expanded,light,NGC6946,58,C_k2_Q,logsvt,4,77.1835230617821,1.429324501144113,85.93824004291417,1.316599217531376,93.42529510396777,1.316599217531376,44.74135722419722,4,4,0.790134082703743,,"{""B"": 0.18269088975372583, ""C"": 0.1183841325904424, ""Q"": 0.2095056755830218, ""u2"": 24.82863310450346}",-32.20614371847465,-28.62179286033208,-31.008978462488486,-27.424627604345915
expanded,light,NGC6946,58,C_k2_L,logsvt,4,75.86692384425072,1.404943034152791,84.6216408253828,0.0,92.1086958864364,0.0,37.66818160829131,4,4,0.9569772751577879,,"{""B"": 0.21145337427862787, ""C"": 0.13168973767563685, ""L"": -0.3157064668645692, ""u2"": 22.99267458353345}",-33.522742936006026,-29.938392077863455,-32.32557768001986,-28.74122682187729
expanded,light,NGC6946,58,C_k2_L_Q,logsvt,5,75.86692384826057,1.431451393363407,87.02077000210673,2.3991291767239318,96.16913890099266,4.06044301455627,2585900384.7440104,4,5,0.9569772677589121,,"{""B"": 0.21145337171260908, ""C"": 0.13168972104614582, ""L"": -0.3157064363014816, ""Q"": 8.001511368337764e-10, ""u2"": 22.99267657410311}",-31.123613759282094,-25.877949063307184,-29.92644850329593,-24.68078380732102
expanded,light,NGC6946,58,C_k12,logsvt,4,87.67840452338399,1.6236741578404443,96.43312150451607,11.811480679133268,103.92017656556966,11.811480679133268,,3,3,0.8739794977639391,,"{""B"": 0.1644549366787484, ""C"": 0.10661259910994564, ""u1"": 4.1327339341898313e-11, ""u2"": 32.48507774174249}",-21.711262256872757,-18.126911398730186,-20.514097000886593,-16.929746142744023
expanded,light,NGC6946,58,C_k12_Q,logsvt,5,77.18352306639763,1.4562928880452382,88.33736922024379,3.7157283948609887,97.48573811912972,5.377042232693327,5269746168.887601,4,5,0.9973560664734568,,"{""B"": 0.1826908855480598, ""C"": 0.11838412621508125, ""Q"": 0.20950561860459085, ""u1"": 3.2619496958398405e-09, ""u2"": 24.828634819486826}",-29.807014541145037,-24.561349845170128,-28.609849285158873,-23.364184589183964
expanded,light,NGC6946,58,C_k12_L,logsvt,5,75.8669238517454,1.4314513934291584,87.02077000559156,2.39912918020876,96.16913890447749,4.060443018041099,1959268344.7479355,4,5,0.9655957034091516,,"{""B"": 0.21145336411819, ""C"": 0.13168972301310586, ""L"": -0.3157063951756538, ""u1"": 6.221085042246734e-09, ""u2"": 22.992677118209894}",-31.123613755797265,-25.877949059822356,-29.9264484998111,-24.680783803836192
expanded,light,NGC6946,58,C_k12_L_Q,logsvt,6,75.86692385448431,1.458979304893929,89.51398267801372,4.892341852630921,100.22958191776283,8.120886031326435,2324755778.4117117,4,6,0.9904995735016932,,"{""B"": 0.21145336413962965, ""C"": 0.1316897215768279, ""L"": -0.3157063931090016, ""Q"": 9.741018838602857e-10, ""u1"": 4.441899702252379e-09, ""u2"": 22.99267725190482}",-28.630401083375105,-21.81750604653702,-27.43323582738894,-20.620340790550856
expanded,light,NGC6946,58,cored_log,cored_log,2,112.72903668722084,2.0130185122718007,116.94721850540266,32.32557768001986,120.84992270831368,28.74122682187729,4.758576254299499,2,2,0.7905928494862691,,"{""H"": 0.7480051870345518, ""Rc"": 0.14636798081172822}",-1.1971652559861639,-1.1971652559861639,0.0,0.0
expanded,light,NGC6946,58,pISO,piso,2,113.926201943207,2.0343964632715537,118.14438376138882,33.522742936006026,122.04708796429985,29.938392077863455,6.894408741999931,2,2,0.8954094843480481,,"{""H"": 0.865543996504775, ""Rc"": 0.07101784677036962}",0.0,0.0,1.1971652559861639,1.1971652559861639
expanded,light,NGC6946,58,NFW,nfw,2,99.86014457520888,1.7832168674144442,104.0783263933907,19.4566855680079,107.98103059630172,15.872334709865328,9.513195280098262,2,2,0.9666471790330484,,"{""V200"": 0.6267556900542051, ""c"": 16.87019318256886}",-14.066057367998127,-14.066057367998127,-12.868892112011963,-12.868892112011963
expanded,light,NGC7331,36,baryons,logsvt,0,19930.589168977964,553.6274769160545,19930.589168977964,19909.30654180552,19930.589168977964,19905.30598499015,,0,0,,,{},19882.808457351966,19880.00505583869,19854.482085723706,19851.67868421043
expanded,light,NGC7331,36,Q,logsvt,1,19930.58917040578,569.4454048687365,19932.706817464605,19911.42419029216,19934.172689344236,19908.889505356423,1.0,1,1,0.0,logQ,"{""Q"": 3.77513454505938e-11}",19884.926105838607,19883.588576204962,19856.599734210347,19855.262204576702
expanded,light,NGC7331,36,L,logsvt,1,530.7868929997868,15.165339799993909,532.9045400586103,511.62191288616475,534.3704119382429,509.087227950429,1.0,1,1,0.0,,"{""L"": 1.011727113098152}",485.1238284326116,483.78629879896835,456.7974568043541,455.4599271707108
expanded,light,NGC7331,36,L_Q,logsvt,2,122.34352569570993,3.598338991050292,126.70716205934629,105.42453488690073,129.51056357262215,104.22737958480826,8.80637802703416,2,2,0.9731948202479445,,"{""L"": 1.773529694328136, ""Q"": 1.1012407125780637}",78.92645043334757,78.92645043334758,50.60007880509005,50.60007880509005
expanded,light,NGC7331,36,k1,logsvt,2,30.322738675446974,0.8918452551602051,34.68637503908334,13.40374786663778,37.489776552359196,12.20659256454531,13.111554053659878,2,2,0.9642373060841456,,"{""B"": 0.4599539966827338, ""u1"": 3.938406669790394}",-13.094336586915382,-13.094336586915375,-41.4207082151729,-41.4207082151729
expanded,light,NGC7331,36,k1_Q,logsvt,3,30.322738680161784,0.9188708690958116,37.072738680161784,15.790111507716226,41.07329549553012,15.790111507716233,4597085047.370706,2,3,0.9993857806443357,logQ,"{""B"": 0.45995399545027565, ""Q"": 3.77513766605227e-11, ""u1"": 3.938406701069873}",-10.707972945836936,-9.510817643744453,-39.034344574094455,-37.83718927200198
expanded,light,NGC7331,36,k1_L,logsvt,3,18.787689626262125,0.5693239280685493,25.537689626262125,4.255062453816567,29.538246441630456,4.255062453816571,58.333820133599545,3,3,0.9794360095110318,,"{""B"": 0.2653221088699331, ""L"": 0.29417505932248544, ""u1"": 10.670455877005026}",-22.243021999736595,-21.045866697644115,-50.56939362799412,-49.37223832590164
expanded,light,NGC7331,36,k1_L_Q,logsvt,4,18.787689626799374,0.5871153008374804,28.078012207444534,6.795385034998976,33.12176538062381,7.838581392809928,6553464395.018593,3,4,0.9980487701748982,logQ,"{""B"": 0.26532209433070114, ""L"": 0.29417508217938615, ""Q"": 3.78675500901405e-11, ""u1"": 10.670457637362087}",-19.702699418554186,-17.462347758650758,-48.02907104681171,-45.788719386908284
expanded,light,NGC7331,36,k2,logsvt,2,71.74344689062,2.1101013791358825,76.10708325425637,54.82445608181081,78.91048476753222,53.62730077971834,11.452680420671662,2,2,0.70717752033019,,"{""B"": 0.17490920719729453, ""u2"": 37.89840902760671}",28.326371628257647,28.326371628257654,1.2789769243681803e-13,1.2789769243681803e-13
expanded,light,NGC7331,36,k2_Q,logsvt,3,71.74344690644226,2.1740438456497655,78.49344690644226,57.2108197339967,82.49400372181059,57.2108197339967,,2,2,0.7071775090628872,logQ,"{""B"": 0.1749092054074077, ""Q"": 3.775134544279111e-11, ""u2"": 37.898413521294586}",30.71273528044354,31.909890582536015,2.38636365218602,3.583518954278489
expanded,light,NGC7331,36,k2_L,logsvt,3,14.532627172445556,0.44038264158925927,21.282627172445558,0.0,25.283183987813885,0.0,41.22068675741861,3,3,0.9738400749775945,,"{""B"": 0.1075598106484805, ""L"": 0.35585098514080793, ""u2"": 121.79475958189383}",-26.49808445355316,-25.300929151460686,-54.82445608181068,-53.62730077971821
expanded,light,NGC7331,36,k2_L_Q,logsvt,4,14.532627175287969,0.454144599227749,23.82294975593313,2.5403225834875727,28.866702929112407,3.5835189412985216,4792985016.295367,3,4,0.9991201127699406,,"{""B"": 0.1075598121095427, ""L"": 0.3558509775188272, ""Q"": 1.5444252967804707e-10, ""u2"": 121.7947517167232}",-23.95776187006559,-21.717410210162164,-52.28413349832311,-50.04378183841969
expanded,light,NGC7331,36,k12,logsvt,3,23.57202988976958,0.7143039360536236,30.32202988976958,9.039402717324023,34.32258670513791,9.039402717324023,797.5175579624135,3,3,0.9999687392234111,,"{""B"": 0.3132691530656604, ""u1"": 7.170766450469896, ""u2"": 3.226552227967512}",-17.45868173622914,-16.261526434136663,-45.78505336448666,-44.58789806239419
expanded,light,NGC7331,36,k12_Q,logsvt,4,23.572029902221722,0.7366259344444288,32.86235248286688,11.579725310421324,37.906105656046165,12.62292166823228,9733958042.531961,3,4,0.999998201161062,,"{""B"": 0.31326929633722533, ""Q"": 1.3804024259232175e-10, ""u1"": 7.170764502750851, ""u2"": 3.2265434385947476}",-14.918359143131838,-12.678007483228406,-43.24473077138936,-41.00437911148593
expanded,light,NGC7331,36,k12_L,logsvt,4,14.53262717705775,0.4541445992830547,23.822949757702908,2.54032258525735,28.86670293088219,3.583518943068306,2751841663.1751995,3,4,0.9965065365111324,,"{""B"": 0.10755981206123731, ""L"": 0.3558509778835427, ""u1"": 1.684224346323329e-08, ""u2"": 121.79475135049557}",-23.957761868295812,-21.71741020839238,-52.28413349655333,-50.043781836649906
expanded,light,NGC7331,36,k12_L_Q,logsvt,5,18.787689694750135,0.6060545062822624,30.787689694750135,9.505062522304577,36.70528438703069,11.422100399216802,4990363442.29461,3,5,0.9989802282766127,,"{""B"": 0.26532208772414345, ""L"": 0.29412525690371477, ""Q"": 1.4544890239280884e-10, ""u1"": 10.670552216657729, ""u2"": 0.0010022134585343516}",-16.993021931248585,-13.878828752243884,-45.3193935595061,-42.20520038050141
expanded,light,NGC7331,36,C,logsvt,1,381.3327616534914,10.895221761528326,383.4504087123149,362.16778153986934,384.9162805919475,359.6330966041336,1.0,1,1,0.0,,"{""C"": 0.6160109568108529}",335.6696970863162,334.33216745267293,307.3433254580587,306.0057958244154
expanded,light,NGC7331,36,C_Q,logsvt,2,381.3327617099727,11.21566946205802,385.6963980736091,364.4137709011635,388.49979958688493,363.216615599071,10058536600.179768,1,2,1.0,logQ,"{""C"": 0.6160109559486467, ""Q"": 3.775134544279111e-11}",337.91568644761037,337.91568644761037,309.58931481935286,309.5893148193528
expanded,light,NGC7331,36,C_L,logsvt,2,35.13611754650542,1.0334152219560417,39.499753910141784,18.217126737696226,42.303155423417635,17.01997143560375,6.497532476960196,2,2,0.9349756218954405,,"{""C"": 0.3355173324733897, ""L"": 0.4822373750067366}",-8.280957715856935,-8.280957715856935,-36.607329344114454,-36.60732934411446
expanded,light,NGC7331,36,C_L_Q,logsvt,3,27.69140010583822,0.8391333365405521,34.44140010583822,13.158772933392662,38.441956921206554,13.158772933392669,47.2043569946666,3,3,0.9732496600607077,,"{""C"": 0.26980514270283756, ""L"": 0.7795555023696655, ""Q"": 0.27965546862953183}",-13.3393115201605,-12.142156218068017,-41.66568314841802,-40.46852784632554
expanded,light,NGC7331,36,C_k1,logsvt,3,24.80884223622791,0.7517830980675124,31.55884223622791,10.276215063782352,35.559399051596245,10.27621506378236,44.85157133355676,3,3,0.9136010315000024,,"{""B"": 0.4873143807336126, ""C"": 0.20455248790224617, ""u1"": 1.3434109577757603}",-16.22186938977081,-15.024714087678326,-44.54824101802833,-43.35108571593585
expanded,light,NGC7331,36,C_k1_Q,logsvt,4,24.808842237361503,0.775276319917547,34.09916481800666,12.816537645561105,39.14291799118594,13.859734003372054,,3,3,0.9136009696890809,logQ,"{""B"": 0.48731434901135734, ""C"": 0.20455245503784078, ""Q"": 3.7751385135529566e-11, ""u1"": 1.3434113104365035}",-13.681546807992056,-11.441195148088632,-42.007918436249575,-39.76756677634616
expanded,light,NGC7331,36,C_k1_L,logsvt,4,18.78768962661509,0.5871153008317216,28.07801220726025,6.795385034814693,33.12176538043953,7.838581392625642,,3,3,0.9794360073782189,logC,"{""B"": 0.2653221004884203, ""C"": 3.775149409010625e-11, ""L"": 0.29417507274961313, ""u1"": 10.670456860804718}",-19.70269941873847,-17.462347758835044,-48.02907104699599,-45.78871938709257
expanded,light,NGC7331,36,C_k1_L_Q,logsvt,5,18.78768963343174,0.6060545043042497,30.78768963343174,9.505062460986181,36.705284325712284,11.4221003378984,3773245707.665109,3,5,0.9999802436318325,,"{""B"": 0.26532210202018514, ""C"": 2.2169766009681463e-10, ""L"": 0.2941750696234901, ""Q"": 3.5907560888425283e-10, ""u1"": 10.670456763487493}",-16.99302199256698,-13.878828813562286,-45.3193936208245,-42.20520044181981
expanded,light,NGC7331,36,C_k2,logsvt,3,34.812685967645386,1.0549298778074359,41.562685967645386,20.280058795199828,45.56324278301372,20.280058795199835,20.959218595007464,3,3,0.7539958201667054,,"{""B"": 0.130374857010922, ""C"": 0.3343051570341454, ""u2"": 4.011925959642313}",-6.2180256583533335,-5.0208703562608505,-34.54439728661085,-33.34724198451838
expanded,light,NGC7331,36,C_k2_Q,logsvt,4,34.812685969288864,1.087896436540277,44.103008549934025,22.820381377488467,49.1467617231133,23.863577735299415,,3,3,0.7539958763173873,logQ,"{""B"": 0.13037483485149787, ""C"": 0.33430506801277643, ""Q"": 3.775138534039712e-11, ""u2"": 4.011930965988138}",-3.677703076064695,-1.4373514161612704,-32.004074704322214,-29.763723044418796
expanded,light,NGC7331,36,C_k2_L,logsvt,4,14.532627172851939,0.4541445991516231,23.8229497534971,2.540322581051541,28.86670292667638,3.5835189388624933,13759435953.57541,3,4,0.9997131466321755,,"{""B"": 0.10755981201650809, ""C"": 5.928230730040304e-11, ""L"": 0.35585097803622623, ""u2"": 121.79475117898012}",-23.95776187250162,-21.717410212598192,-52.28413350075914,-50.043781840855715
expanded,light,NGC7331,36,C_k2_L_Q,logsvt,5,14.532627181443557,0.4687944252078567,26.53262718144356,5.250000008998001,32.450221873724104,7.167037885910219,2604004571.3854203,3,5,0.9999907881260384,,"{""B"": 0.10755981192162989, ""C"": 2.908104274033308e-10, ""L"": 0.35585097844643176, ""Q"": 3.805611014065833e-10, ""u2"": 121.79475162470168}",-21.24808444455516,-18.133891265550467,-49.57445607281268,-46.46026289380799
expanded,light,NGC7331,36,C_k12,logsvt,4,23.572134583339736,0.7366292057293667,32.8624571639849,11.579829991539341,37.906210337164175,12.62302634935029,2068989.0765223703,4,4,0.9999917048853284,,"{""B"": 0.31325926246435, ""C"": 3.963117721342827e-05, ""u1"": 7.169604295523183, ""u2"": 3.2259310514673607}",-14.91825446201382,-12.677902802110395,-43.24462609027134,-41.00427443036792
expanded,light,NGC7331,36,C_k12_Q,logsvt,5,23.57228874712588,0.760396411197609,35.57228874712588,14.289661574680323,41.48988343940643,16.20669945159254,5231718.611558642,5,5,0.999998799818937,,"{""B"": 0.3132553009079879, ""C"": 4.2500884573870386e-05, ""Q"": 1.6269565380121993e-06, ""u1"": 7.1695732290564065, ""u2"": 3.2261054136117897}",-12.208422878872838,-9.094229699868144,-40.53479450713036,-37.42060132812567
expanded,light,NGC7331,36,C_k12_L,logsvt,5,14.532627195041327,0.46879442564649443,26.53262719504133,5.250000022595771,32.450221887321874,7.167037899507989,2686491350.0284457,3,5,0.9919057984807746,,"{""B"": 0.10755981224698484, ""C"": 2.16918439355741e-09, ""L"": 0.3558509741583629, ""u1"": 2.8203923543167303e-08, ""u2"": 121.79474663822162}",-21.24808443095739,-18.133891251952697,-49.57445605921491,-46.46026288021022
expanded,light,NGC7331,36,C_k12_L_Q,logsvt,6,18.78768997993963,0.6262563326646543,33.68424170407756,12.401614531632,40.28880361067629,15.005619622862405,2415361864.1084056,3,6,0.9994902228149912,,"{""B"": 0.265322070571372, ""C"": 1.5638311091896862e-08, ""L"": 0.29413729942365036, ""Q"": 1.1918030875669592e-08, ""u1"": 10.670529823928899, ""u2"": 0.0007605850039416459}",-14.096469921921162,-10.295309528598281,-42.42284155017868,-38.62168115685581
expanded,light,NGC7331,36,cored_log,cored_log,2,71.74344689061988,2.110101379135879,76.10708325425624,54.82445608181068,78.9104847675321,53.62730077971821,5.8634966815567315,2,2,0.7071775238189317,,"{""H"": 0.6996368282209985, ""Rc"": 0.1624387015161066}",28.32637162825752,28.326371628257526,0.0,0.0
expanded,light,NGC7331,36,pISO,piso,2,43.41707526236235,1.2769728018341868,47.78071162599872,26.49808445355316,50.58411313927457,25.300929151460686,8.19951660601466,2,2,0.8829621799976838,,"{""H"": 0.8076303855812541, ""Rc"": 0.08211824077036832}",0.0,0.0,-28.32637162825752,-28.326371628257526
expanded,light,NGC7331,36,NFW,nfw,2,44.566638682382504,1.310783490658309,48.93027504601887,27.647647873573312,51.73367655929472,26.450492571480837,11.137518303876478,2,2,0.9698021074090227,,"{""V200"": 0.6937490909733073, ""c"": 10.784035267341828}",1.1495634200201508,1.1495634200201508,-27.176808208237368,-27.176808208237375
expanded,light,NGC7793,46,baryons,logsvt,0,1402.2268037569463,30.48319138602057,1402.2268037569463,1371.62394022996,1402.2268037569463,1368.2457272044237,,0,0,,,{},1350.4499996044735,1347.071786578937,1340.5190570201294,1337.140843994593
expanded,light,NGC7793,46,Q,logsvt,1,1402.2268037900953,31.160595639779896,1404.3177128810044,1373.714849354018,1406.0554451865844,1372.0743686340618,,0,0,0.0,logQ,"{""Q"": 3.775134548704445e-11}",1352.5409087285316,1350.900428008575,1342.6099661441874,1340.9694854242312
expanded,light,NGC7793,46,L,logsvt,1,169.32193230703228,3.7627096068229395,171.41284139794138,140.8099778709551,173.1505737035214,139.16949715099878,1.0,1,1,0.0,,"{""L"": 2.3272826097686394}",119.63603724546851,117.9955565255122,109.70509466112442,108.0646139411681
expanded,light,NGC7793,46,L_Q,logsvt,2,26.32379375954442,0.5982680399896458,30.60286352698628,0.0,33.98107655252261,0.0,6.733454267431509,2,2,0.9132280888300169,,"{""L"": 4.2536595147670955, ""Q"": 3.180772720393777}",-21.173940625486576,-21.17394062548658,-31.10488320983068,-31.104883209830675
expanded,light,NGC7793,46,k1,logsvt,2,47.95021028158814,1.0897775063997306,52.22928004903,21.626416522043723,55.607493074566335,21.626416522043726,7.097677497102765,2,2,0.9469962526638094,,"{""B"": 1.043074271954713, ""u1"": 2.5069163887742927}",0.4524758965571465,0.4524758965571465,-9.478466687786955,-9.478466687786948
expanded,light,NGC7793,46,k1_Q,logsvt,3,26.32379384395467,0.6121812521849924,32.895222415383245,2.292358888396965,37.80971803342196,3.82864148089935,132838830.3348128,2,3,0.9999999874951754,,"{""B"": 26084.30085447204, ""Q"": 3.1804259165802695, ""u1"": 8.153677455027265e-05}",-18.88158173708961,-17.34529914458723,-28.812524321433713,-27.276241728931325
expanded,light,NGC7793,46,k1_L,logsvt,3,26.474688922672307,0.6156904400621467,33.046117494100876,2.4432539671145967,37.96061311213959,3.9795365596169816,17265222.645938072,3,3,0.9999986768372399,L,"{""B"": 6443.594617356803, ""L"": -199.99999999918379, ""u1"": 0.015850176136591974}",-18.73068665837198,-17.1944040658696,-28.66162924271608,-27.125346650213693
expanded,light,NGC7793,46,k1_L_Q,logsvt,4,26.323793773176696,0.6267569945994451,35.29940352927426,4.696540002287978,41.63835935913308,7.657282806610468,474035533.6766272,2,4,0.9999999646676061,,"{""B"": 0.017817628999102646, ""L"": 4.253479331285169, ""Q"": 3.1807718085463637, ""u1"": 0.00505622994184147}",-16.477400623198598,-13.516657818876112,-26.4083432075427,-23.447600403220207
expanded,light,NGC7793,46,k2,logsvt,2,57.4286769693724,1.3051972038493727,61.70774673681426,31.104883209827978,65.08595976235058,31.104883209827975,4.90425366529617,2,2,0.7326666127573718,,"{""B"": 0.3149358661448142, ""u2"": 47.24959199227154}",9.930942584341402,9.930942584341395,-2.7000623958883807e-12,-2.7000623958883807e-12
expanded,light,NGC7793,46,k2_Q,logsvt,3,57.42867696952196,1.3355506271981852,64.00010554095053,33.397242013964245,68.91460115898924,34.933524606466634,,2,2,0.732666560054532,logQ,"{""B"": 0.3149358227712751, ""Q"": 3.775170636149646e-11, ""u2"": 47.24962054679081}",12.223301388477672,13.759583980980054,2.2923588041335705,3.828641396635959
expanded,light,NGC7793,46,k2_L,logsvt,3,53.12120429018552,1.2353768439578028,59.692632861614086,29.089769334627807,64.6071284796528,30.62605192713019,8.205409892557313,3,3,0.9021661015666712,,"{""B"": 0.22120706852388985, ""L"": 0.5442623404080388, ""u2"": 79.06485433460342}",7.9158287091412305,9.452111301643612,-2.0151138752028714,-0.47883128270048303
expanded,light,NGC7793,46,k2_L_Q,logsvt,4,22.605986168430764,0.5382377659150182,31.581595924528326,0.9787323975420463,37.92055175438715,3.939475201864539,823.8734894373705,4,4,0.9991627288291047,,"{""B"": 3.1804978995031306, ""L"": 3.72659936598599, ""Q"": 6.644936967788872, ""u2"": 0.43271431595199134}",-20.19520822794453,-17.23446542362204,-30.126150812288632,-27.165408007966136
expanded,light,NGC7793,46,k12,logsvt,3,41.91623106030849,0.9747960711699649,48.48765963173706,17.88479610475078,53.402155249775774,19.421078697253165,13.33361671869167,3,3,0.9505496451324386,,"{""B"": 0.40121306922621575, ""u1"": 4.013377029130918, ""u2"": 19.458724343049123}",-3.289144520735796,-1.7528619282334148,-13.220087105079898,-11.68380451257751
expanded,light,NGC7793,46,k12_Q,logsvt,4,22.747218632644884,0.541600443634402,31.722828388742446,1.1199648617561664,38.06178421860126,4.080707666078652,117409.72850057011,4,4,0.9999989676210103,,"{""B"": 1129.7957670169792, ""Q"": 78.39399960269111, ""u1"": 0.0016728963962398297, ""u2"": 0.017039971628553828}",-20.05397576373041,-17.093232959407928,-29.984918348074512,-27.024175543752023
expanded,light,NGC7793,46,k12_L,logsvt,4,23.06913047375219,0.549265011279814,32.04474022984975,1.4418767028634711,38.38369605970857,4.40261950718596,11813927.772566032,4,4,0.9999903813478498,L,"{""B"": 592.7196415115981, ""L"": -199.99999999765285, ""u1"": 0.1718046944530967, ""u2"": 0.014656913156678133}",-19.732063922623105,-16.77132111830062,-29.663006506967207,-26.702263702644714
expanded,light,NGC7793,46,k12_L_Q,logsvt,5,22.60598616945358,0.5513655163281361,34.10598616945358,3.5031226424673,41.74919315189906,7.768116599376448,4113266141.029534,4,5,0.999913045624772,,"{""B"": 3.180470677652787, ""L"": 3.7265991909976557, ""Q"": 6.6449181985243735, ""u1"": 7.255236140476626e-10, ""u2"": 0.43271664176055835}",-17.670817983019276,-13.405824026110132,-27.601760567363378,-23.336766610454227
expanded,light,NGC7793,46,C,logsvt,1,437.88010481839143,9.730668995964255,439.9710139093005,409.36815038231424,441.70874621488053,407.7276696623579,1.0,1,1,0.0,,"{""C"": 0.5601354627194738}",388.19420975682766,386.55372903687135,378.26326717248355,376.62278645252724
expanded,light,NGC7793,46,C_Q,logsvt,2,437.8801048282329,9.951820564278021,442.15917459567476,411.5563110686885,445.5373876212111,411.5563110686885,,1,1,0.0,logQ,"{""C"": 0.5601354535058521, ""Q"": 3.7751345638648825e-11}",390.3823704432019,390.3823704432019,380.4514278588578,380.4514278588578
expanded,light,NGC7793,46,C_L,logsvt,2,127.69647941630376,2.9021927140069037,131.9755491837456,101.37268565675933,135.35376220928194,101.37268565675933,2.3336755280155037,2,2,0.6290856293717837,,"{""C"": 0.15971421619672116, ""L"": 1.8380875024678742}",80.19874503127275,80.19874503127275,70.26780244692866,70.26780244692866
expanded,light,NGC7793,46,C_L_Q,logsvt,3,26.323793763501715,0.6121812503139934,32.89522233493028,2.2923588079440016,37.809717952969,3.8286414004463936,8941810855.073309,2,3,0.9984299325211611,logC,"{""C"": 3.775139922953349e-11, ""L"": 4.253659520444284, ""Q"": 3.18077273012898}",-18.881581817542575,-17.345299225040186,-28.812524401886677,-27.27624180938428
expanded,light,NGC7793,46,C_k1,logsvt,3,47.950210286969764,1.1151211694644132,54.52163885839833,23.918775331412053,59.43613447643705,25.45505792391444,,2,2,0.9469962631908858,logC,"{""B"": 1.0430743634423045, ""C"": 3.775134557042534e-11, ""u1"": 2.5069159817544056}",2.744834705925477,4.2811172984278585,-7.186107878418625,-5.649825285916236
expanded,light,NGC7793,46,C_k1_Q,logsvt,4,26.323793927065555,0.6267569982634656,35.29940368316311,4.696540156176834,41.63835951302194,7.65728296049933,5198614928.443867,2,4,0.9999999780805471,,"{""B"": 19713.46813051066, ""C"": 1.8834880515176774e-10, ""Q"": 3.1803138514507276, ""u1"": 0.00010788714318158812}",-16.477400469309742,-13.51665766498725,-26.408343053653844,-23.447600249331344
expanded,light,NGC7793,46,C_k1_L,logsvt,4,26.474688927425884,0.630349736367283,35.45029868352345,4.84743515653717,41.78925451338226,7.808177960859652,,3,3,0.9999986768405403,L,"{""B"": 6443.595616935617, ""C"": 3.861190926981124e-11, ""L"": -199.99999999803475, ""u1"": 0.015850173651453234}",-16.326505468949406,-13.365762664626928,-26.25744805329351,-23.296705248971023
expanded,light,NGC7793,46,C_k1_L_Q,logsvt,5,26.32379376351921,0.6420437503297368,37.823793763519205,7.220930236532926,45.46700074596468,11.485924193442074,5244094613.651492,3,5,0.9999999999925034,,"{""B"": 0.47845767048855387, ""C"": 3.791811839352738e-11, ""L"": 4.253654339918359, ""Q"": 3.1807727051703183, ""u1"": 5.3970000526887e-06}",-13.95301038895365,-9.688016432044506,-23.883952973297752,-19.6189590163886
expanded,light,NGC7793,46,C_k2,logsvt,3,50.8158486646147,1.1817639224329,57.38727723604327,26.784413709056988,62.30177285408198,28.320696301559373,9.217877795054898,3,3,0.621481665176372,,"{""B"": 0.3279328584073713, ""C"": 0.08704446961700163, ""u2"": 25.165821195929425}",5.610473083570412,7.146755676072793,-4.32046950077369,-2.7841869082713018
expanded,light,NGC7793,46,C_k2_Q,logsvt,4,40.562276015652266,0.9657684765631492,49.53788577174983,18.935022244763548,55.876841601608646,21.895765049086037,22.60238290080498,4,4,0.9787775388209898,,"{""B"": 0.7208681812807841, ""C"": 0.14141810008855238, ""Q"": 1.6292492896906996, ""u2"": 6.198752211966575}",-2.238918380723028,0.7218244235994575,-12.16986096506713,-9.209118160744637
expanded,light,NGC7793,46,C_k2_L,logsvt,4,49.28257561392855,1.1733946574744893,58.25818537002611,27.655321843039832,64.59714119988493,30.61606464736232,21.768672382610948,4,4,0.9736886364670285,,"{""B"": 0.4797380662119022, ""C"": 0.13348851089181057, ""L"": -0.6979605968549767, ""u2"": 15.080259141200818}",6.481381217553256,9.442124021875742,-3.449561366790846,-0.488818562468353
expanded,light,NGC7793,46,C_k2_L_Q,logsvt,5,22.60598616937913,0.5513655163263202,34.10598616937913,3.5031226423928494,41.749193151824606,7.768116599301997,8824500338.393349,4,5,1.0,logC,"{""B"": 3.1805422411408317, ""C"": 3.775141490899504e-11, ""L"": 3.726599824866344, ""Q"": 6.644967129312746, ""u2"": 0.43271043985031604}",-17.670817983093727,-13.405824026184582,-27.60176056743783,-23.336766610528677
expanded,light,NGC7793,46,C_k12,logsvt,4,41.916231062366116,0.9980055014849075,50.89184081846368,20.288977291477398,57.230796648322496,23.249720095799887,6407704267.317898,3,4,0.9505495645035035,logC,"{""B"": 0.4012129293867016, ""C"": 3.775151599850729e-11, ""u1"": 4.01337482777432, ""u2"": 19.45875108285314}",-0.8849633340091785,2.0757794703133072,-10.81590591835328,-7.855163114030788
expanded,light,NGC7793,46,C_k12_Q,logsvt,5,22.747218831374077,0.5548102153993677,34.24721883137408,3.6443553043877976,41.890425813819554,7.909349261296946,16461381834.766447,4,5,1.0,,"{""B"": 1129.1757905055374, ""C"": 2.1558356168406587e-09, ""Q"": 78.37233135854738, ""u1"": 0.0016738130349142366, ""u2"": 0.017044537632286062}",-17.52958532109878,-13.264591364189634,-27.46052790544288,-23.19553394853373
expanded,light,NGC7793,46,C_k12_L,logsvt,5,23.069130474637053,0.5626617188935866,34.56913047463705,3.9662669476507695,42.212337457082526,8.231260904559917,,4,4,0.9999903813250415,logC;L,"{""B"": 592.7196565887047, ""C"": 3.775175319069111e-11, ""L"": -199.99999999729874, ""u1"": 0.1718046898079883, ""u2"": 0.014656912554331493}",-17.207673677835807,-12.942679720926662,-27.13861626217991,-22.873622305270757
expanded,light,NGC7793,46,C_k12_L_Q,logsvt,6,22.605986190679516,0.5651496547669879,36.75983234452567,6.15696881753939,45.57783456961408,11.596758017091474,4727247751.008669,4,6,1.0,,"{""B"": 3.180573694696264, ""C"": 5.274806194811803e-10, ""L"": 3.7266006296572414, ""Q"": 6.644987419198934, ""u1"": 6.4805781248583836e-09, ""u2"": 0.43270744525900484}",-15.016971807947186,-9.577182608395105,-24.94791439229129,-19.5081251927392
expanded,light,NGC7793,46,cored_log,cored_log,2,57.4286769693751,1.305197203849434,61.70774673681696,31.10488320983068,65.08595976235328,31.104883209830675,2.9075894185584645,2,2,0.732666454702575,,"{""H"": 1.2597429545126126, ""Rc"": 0.1454790927459847}",9.930942584344102,9.930942584344095,0.0,0.0
expanded,light,NGC7793,46,pISO,piso,2,47.497734385030995,1.0794939632961589,51.776804152472856,21.173940625486576,55.15501717800919,21.17394062548658,3.4650958411478636,2,2,0.7985977381406751,,"{""H"": 1.4757644821306284, ""Rc"": 0.07694137171828926}",0.0,0.0,-9.930942584344102,-9.930942584344095
expanded,light,NGC7793,46,NFW,nfw,2,43.5615159446332,0.9900344532871181,47.84058571207506,17.23772218508878,51.218798737611394,17.237722185088785,5.572231020406266,2,2,0.9301946790935516,,"{""V200"": 0.8748824474346957, ""c"": 17.317857871088652}",-3.936218440397795,-3.936218440397795,-13.867161024741897,-13.86716102474189
expanded,heavy,DDO154,12,baryons,logsvt,0,68230.50709844867,5685.875591537389,68230.50709844867,68216.43058028961,68230.50709844867,68217.97586034026,,0,0,,,{},68194.77396210907,68195.13748214283,68209.39516132345,68209.75868135721
expanded,heavy,DDO154,12,Q,logsvt,1,68230.50710233721,6202.773372939747,68232.90710233721,68218.83058417815,68232.992008987,68220.46077087859,1.0,1,1,0.0,logQ,"{""Q"": 3.775134545381455e-11}",68197.17396599762,68197.62239268117,68211.795165212,68212.24359189555
expanded,heavy,DDO154,12,L,logsvt,1,218.13982756819894,19.830893415290813,220.53982756819894,206.4633094091497,220.62473421798694,208.0934961095737,1.0,1,1,0.0,,"{""L"": 1.4295982855956075}",184.8066912286081,185.25511791215342,199.42789044298857,199.8763171265339
expanded,heavy,DDO154,12,L_Q,logsvt,2,122.41765116807821,12.241765116807821,127.75098450141154,113.67446634236228,127.38746446765421,114.85622635924096,14.670177556737782,2,2,0.978287604404023,,"{""L"": 1.7916401100922899, ""Q"": 0.5802319837594445}",92.01784816182067,92.01784816182068,106.63904737620116,106.63904737620118
expanded,heavy,DDO154,12,k1,logsvt,2,138.51189234814757,13.851189234814758,143.8452256814809,129.76870752243167,143.48170564772357,130.95046753931032,45.56777243609747,2,2,0.9989859948954382,,"{""B"": 2.129560750053439, ""u1"": 0.4235284335827954}",108.11208934189006,108.11208934189004,122.73328855627054,122.73328855627054
expanded,heavy,DDO154,12,k1_Q,logsvt,3,122.41765143608085,13.60196127067565,131.41765143608086,117.3411332770316,129.87237138544484,117.34113327703159,1475917283.4678311,2,3,0.9999999624616208,,"{""B"": 20087.917543158157, ""Q"": 0.5801521095250248, ""u1"": 4.4594969083013116e-05}",95.68451509649,94.5027550796113,110.30571431087048,109.1239542939918
expanded,heavy,DDO154,12,k1_L,logsvt,3,122.5433129594365,13.615923662159611,131.5433129594365,117.46679480038723,129.9980329088005,117.46679480038725,761019475.9297123,2,3,0.9999999929226246,L,"{""B"": 35011.684663342494, ""L"": -199.99998312983587, ""u1"": 0.0028817771098188227}",95.81017661984563,94.62841660296696,110.43137583422612,109.24961581734746
expanded,heavy,DDO154,12,k1_L_Q,logsvt,4,122.41765129979208,15.30220641247401,136.1319370140778,122.05541885502855,132.3572778989441,119.82603979053084,724949209.6361006,2,4,0.9999913487897734,,"{""B"": 0.008810832083350668, ""L"": 1.79155827125998, ""Q"": 0.5802316069448462, ""u1"": 0.004644287387126174}",100.39880067448695,96.98766159311056,115.01999988886743,111.60886080749106
expanded,heavy,DDO154,12,k2,logsvt,2,15.77860379187707,1.5778603791877068,21.1119371252104,7.035418966161146,20.74841709145307,8.217178983039815,11.369531094661138,2,2,0.9636145297753158,,"{""B"": 0.3414942043481742, ""u2"": 5.057897644791365}",-14.621199214380464,-14.62119921438046,2.842170943040401e-14,2.842170943040401e-14
expanded,heavy,DDO154,12,k2_Q,logsvt,3,5.076518159049255,0.564057573227695,14.076518159049254,0.0,12.531238108413255,0.0,95.23377096030406,3,3,0.9848037041085966,,"{""B"": 0.47820664823090775, ""Q"": 0.44069345260549464, ""u2"": 3.382560190401505}",-21.65661818054161,-22.838378197420276,-7.035418966161117,-8.217178983039787
expanded,heavy,DDO154,12,k2_L,logsvt,3,7.521975838545074,0.8357750931716749,16.521975838545075,2.4454576794958207,14.976695787909076,2.4454576794958207,46.326608894485865,3,3,0.981596063161521,,"{""B"": 0.4498567641357156, ""L"": -0.39835092120675036, ""u2"": 4.657720619512916}",-19.21116050104579,-20.392920517924455,-4.589961286665297,-5.771721303543966
expanded,heavy,DDO154,12,k2_L_Q,logsvt,4,5.07375325080525,0.6342191563506563,18.788038965090966,4.711520806041712,15.013379849957252,2.4821417415439964,198.92079899785756,4,4,0.9787730277915024,,"{""B"": 0.4777939766425482, ""L"": -0.014269121577731423, ""Q"": 0.427675948292343, ""u2"": 3.4167162458514992}",-16.9450973744999,-20.356236455876278,-2.3238981601194055,-5.735037241495791
expanded,heavy,DDO154,12,k12,logsvt,3,15.778603795554258,1.7531781995060287,24.778603795554258,10.702085636505004,23.23332374491826,10.702085636505004,7.001424391027907e+19,2,2,0.9636145296862435,,"{""B"": 0.34149420501113065, ""u1"": 1.8873943223801183e-10, ""u2"": 5.057897617567519}",-10.954532544036606,-12.136292560915273,3.6666666703438864,2.4849066534652167
expanded,heavy,DDO154,12,k12_Q,logsvt,4,5.076239772980109,0.6345299716225137,18.790525487265825,4.714007328216571,15.01586637213211,2.4846282637188555,13919.447589225232,4,4,0.9921214331975211,,"{""B"": 0.4797757297788978, ""Q"": 0.44380222816676934, ""u1"": 0.003765535916843901, ""u2"": 3.3667682664475227}",-16.94261085232504,-20.353749933701422,-2.3214116379445464,-5.7325507193209315
expanded,heavy,DDO154,12,k12_L,logsvt,4,4.734016239419033,0.5917520299273791,18.448301953704746,4.371783794655492,14.673642838571034,2.1424047301577787,728.7093676553529,4,4,0.9981365804058057,,"{""B"": 1.1182852662800187, ""L"": -1.87023493192477, ""u1"": 0.7567138136447261, ""u2"": 2.1606188004858535}",-17.284834385886118,-20.695973467262498,-2.663635171505625,-6.074774252882008
expanded,heavy,DDO154,12,k12_L_Q,logsvt,5,4.734016241133908,0.6762880344477011,24.734016241133908,10.657498082084654,17.15854949007391,4.627311381660654,3199618914.894763,4,5,0.9995229088556352,,"{""B"": 1.1182860505177776, ""L"": -1.8702364376238, ""Q"": 8.43692019679113e-09, ""u1"": 0.7567140196530343, ""u2"": 2.160617500808395}",-10.999120098456956,-18.211066815759622,3.622079115923537,-3.589867601379133
expanded,heavy,DDO154,12,C,logsvt,1,2215.578935338743,201.41626684897665,2217.978935338743,2203.902417179694,2218.0638419885313,2205.532603880118,1.0,1,1,0.0,,"{""C"": 0.8208606142750247}",2182.245798999152,2182.694225682698,2196.866998213533,2197.315424897078
expanded,heavy,DDO154,12,C_Q,logsvt,2,2215.578935444334,221.5578935444334,2220.9122687776676,2206.8357506186185,2220.54874874391,2208.017510635497,,1,1,0.0,logQ,"{""C"": 0.8208606145000882, ""Q"": 3.775134546468066e-11}",2185.1791324380765,2185.1791324380765,2199.8003316524573,2199.800331652457
expanded,heavy,DDO154,12,C_L,logsvt,2,212.47020985485773,21.247020985485772,217.80354318819107,203.72702502914183,217.44002315443373,204.90878504602048,52.11623761025726,2,2,0.9570092679898371,,"{""C"": 0.03751814832785975, ""L"": 1.3658337447488798}",182.07040684860021,182.07040684860021,196.6916060629807,196.6916060629807
expanded,heavy,DDO154,12,C_L_Q,logsvt,3,122.41765119632934,13.601961244036595,131.41765119632936,117.3411330372801,129.87237114569334,117.34113303728009,,2,2,0.9782876045193768,logC,"{""C"": 3.775138356006488e-11, ""L"": 1.7916400970831925, ""Q"": 0.5802319634079047}",95.6845148567385,94.5027548398598,110.30571407111898,109.1239540542403
expanded,heavy,DDO154,12,C_k1,logsvt,3,138.51189237137115,15.390210263485683,147.51189237137115,133.4353742123219,145.96661232073515,133.4353742123219,,2,2,0.9989859942340049,logC,"{""B"": 2.129560622881538, ""C"": 3.775134581794463e-11, ""u1"": 0.42352846521050846}",111.77875603178029,110.59699601490162,126.39995524616077,125.21819522928212
expanded,heavy,DDO154,12,C_k1_Q,logsvt,4,122.41765186402816,15.30220648300352,136.13193757831388,122.05541941926462,132.35727846318017,119.82604035476692,,2,3,0.9999999104855818,,"{""B"": 13014.910888232847, ""C"": 7.687407432143455e-11, ""Q"": 0.5801086754189553, ""u1"": 6.883028735853253e-05}",100.39880123872302,96.98766215734663,115.0200004531035,111.60886137172713
expanded,heavy,DDO154,12,C_k1_L,logsvt,4,122.54331389029385,15.31791423628673,136.25759960457958,122.18108144553032,132.48294048944584,119.95170238103259,,2,3,0.9999999927391345,L,"{""B"": 35011.62310131889, ""C"": 8.147024850025373e-10, ""L"": -199.9995658718194, ""u1"": 0.0028817762056465375}",100.52446326498873,97.1133241836123,115.14566247936921,111.7345233979928
expanded,heavy,DDO154,12,C_k1_L_Q,logsvt,5,122.41765160808383,17.488235944011976,142.41765160808382,128.34113344903457,134.84218485702382,122.31094674861058,3553402854.228066,2,5,0.999984816892964,,"{""B"": 0.008825872944157563, ""C"": 1.225615436654232e-10, ""L"": 1.7915266841019628, ""Q"": 0.580231244357226, ""u1"": 0.006425248517476054}",106.68451526849296,99.47256855119029,121.30571448287344,114.09376776557079
expanded,heavy,DDO154,12,C_k2,logsvt,3,15.77860379822372,1.7531781998026357,24.77860379822372,10.702085639174467,23.233323747587722,10.702085639174467,63417285812.1255,2,3,0.9997085144300503,logC,"{""B"": 0.34149420449817847, ""C"": 3.7751345442791785e-11, ""u2"": 5.057897637101726}",-10.954532541367143,-12.13629255824581,3.6666666730133493,2.4849066561346795
expanded,heavy,DDO154,12,C_k2_Q,logsvt,4,5.076518159812675,0.6345647699765844,18.79080387409839,4.714285715049137,15.016144758964677,2.4849066505514212,,3,3,0.9848036934005416,logC,"{""B"": 0.47820667153919777, ""C"": 3.7751346204955006e-11, ""Q"": 0.44069351625178677, ""u2"": 3.3825599963382755}",-16.942332465492473,-20.353471546868853,-2.3211332511119807,-5.732272332488366
expanded,heavy,DDO154,12,C_k2_L,logsvt,4,6.2387995264993465,0.7798499408124183,19.95308524078506,5.876567081735807,16.17842612565135,3.6471880172380935,290.80911657853466,4,4,0.9942185629413322,,"{""B"": 0.519269157351754, ""C"": 0.03935991709717597, ""L"": -0.6488485938028661, ""u2"": 4.117955944840289}",-15.780051098805803,-19.191190180182183,-1.1588518844253102,-4.5699909658016935
expanded,heavy,DDO154,12,C_k2_L_Q,logsvt,5,5.073753251475842,0.7248218930679774,25.073753251475843,10.997235092426589,17.498286500415844,4.967048392002589,5673789617.049448,4,5,0.9992862666028904,,"{""B"": 0.4777939667152098, ""C"": 4.360367801494007e-11, ""L"": -0.014269157463448215, ""Q"": 0.4276758896740636, ""u2"": 3.4167164030662063}",-10.659383088115021,-17.871329805417687,3.9618161262654716,-3.2501305910371983
expanded,heavy,DDO154,12,C_k12,logsvt,4,15.778603798959402,1.9723254748699253,29.492889513245117,15.416371354195864,25.7182303981114,13.186992289698146,,2,3,0.9980438027034133,logC;logu1,"{""B"": 0.34149420481757586, ""C"": 3.7752084501435323e-11, ""u1"": 3.775146619549523e-11, ""u2"": 5.057897624425776}",-6.2402468263457465,-9.65138590772213,8.380952388034746,4.969813306658359
expanded,heavy,DDO154,12,C_k12_Q,logsvt,5,5.076239773799486,0.7251771105427837,25.076239773799486,10.999721614750232,17.500773022739487,4.969534914326232,31903917753.438595,4,5,1.0,logC,"{""B"": 0.47977561957999143, ""C"": 3.7772476434683894e-11, ""Q"": 0.44380198170063634, ""u1"": 0.0037653485802325777, ""u2"": 3.366769300595355}",-10.656896565791378,-17.868843283094044,3.964302648589115,-3.247644068713555
expanded,heavy,DDO154,12,C_k12_L,logsvt,5,4.734016239863383,0.6762880342661975,24.734016239863383,10.657498080814129,17.158549488803384,4.627311380390129,180420906109.8859,4,5,1.0,logC,"{""B"": 1.118284784217476, ""C"": 3.784183617808573e-11, ""L"": -1.870234039462278, ""u1"": 0.7567136504419585, ""u2"": 2.1606196630642756}",-10.999120099727481,-18.211066817030147,3.622079114653012,-3.589867602649658
expanded,heavy,DDO154,12,C_k12_L_Q,logsvt,6,4.7340162513896304,0.7890027085649384,33.53401625138963,19.457498092340376,19.643456150117633,7.112218041704377,5571108682.74023,4,6,1.0,,"{""B"": 1.1182850865810068, ""C"": 4.727813594544079e-10, ""L"": -1.870234561588005, ""Q"": 3.1633828867371885e-08, ""u1"": 0.756713738536201, ""u2"": 2.1606190951545727}",-2.1991200882012336,-15.726160155715899,12.42207912617926,-1.1049609413354098
expanded,heavy,DDO154,12,cored_log,cored_log,2,15.77860379187704,1.5778603791877042,21.11193712521037,7.035418966161117,20.748417091453042,8.217178983039787,7.684048370640966,2,2,0.9636145296909723,,"{""H"": 1.3659768178359217, ""Rc"": 0.44464660634736264}",-14.621199214380493,-14.62119921438049,0.0,0.0
expanded,heavy,DDO154,12,pISO,piso,2,30.399803006257528,3.0399803006257526,35.733136339590864,21.65661818054161,35.36961630583353,22.838378197420276,10.093145212833834,2,2,0.9790624786966932,,"{""H"": 1.8500825642434027, ""Rc"": 0.2775395279538871}",0.0,0.0,14.621199214380493,14.62119921438049
expanded,heavy,DDO154,12,NFW,nfw,2,136.12700866821703,13.612700866821703,141.46034200155037,127.38382384250112,141.09682196779303,128.56558385937979,28.57251276961057,2,2,0.997496453866983,,"{""V200"": 1.5205420354330577, ""c"": 4.644820122655897}",105.72720566195952,105.7272056619595,120.34840487634,120.34840487634
expanded,heavy,NGC2403,73,baryons,logsvt,0,234736.05545506635,3215.5624034940597,234736.05545506635,234111.02455270238,234736.05545506635,234102.4509502319,,0,0,,,{},233955.2414923772,233950.8320020663,233924.43341084648,233920.02392053563
expanded,heavy,NGC2403,73,Q,logsvt,1,234736.05546185252,3260.2229925257293,234738.1117998807,234113.08089751672,234740.34592129366,234106.7414164592,,0,0,0.0,logQ,"{""Q"": 3.7751345468594676e-11}",233957.29783719152,233955.12246829362,233926.48975566082,233924.31438676294
expanded,heavy,NGC2403,73,L,logsvt,1,4914.792811510256,68.26101127097577,4916.849149538425,4291.81824717444,4919.083270951404,4285.478766116944,1.0,1,1,0.0,,"{""L"": 1.8253000751918589}",4136.0351868492635,4133.859817951374,4105.227105318569,4103.05173642068
expanded,heavy,NGC2403,73,L_Q,logsvt,2,1049.7167659255113,14.784743182049453,1053.8881944969398,428.85729213295554,1058.297684807808,424.6931799733479,6.178797357249224,2,2,0.9488531169436301,,"{""L"": 2.707699065994558, ""Q"": 1.7903489467871034}",273.074231807778,273.074231807778,242.2661502770834,242.2661502770834
expanded,heavy,NGC2403,73,k1,logsvt,2,1130.7491866626297,15.92604488257225,1134.9206152340582,509.88971287007394,1139.3301055449265,505.7256007104663,14.704472854398533,2,2,0.9877942502224415,,"{""B"": 0.9560073085782511, ""u1"": 1.7249487521421973}",354.1066525448964,354.1066525448964,323.2985710142018,323.2985710142018
expanded,heavy,NGC2403,73,k1_Q,logsvt,3,1017.5855220661624,14.536936029516605,1023.9333481531189,398.9024457891346,1030.4569003896077,396.8523955551475,159.64693880057015,3,3,0.9993239524286155,,"{""B"": 2.016370552616063, ""Q"": 0.6763309821566367, ""u1"": 0.719507525166012}",243.1193854639571,245.23344738957758,212.31130393326248,214.42536585888297
expanded,heavy,NGC2403,73,k1_L,logsvt,3,1008.9587809152196,14.413696870217422,1015.3066070021761,390.27570463819177,1021.8301592386647,388.22565440420453,1451.8010763110833,3,3,0.9992269811196995,,"{""B"": 6.507477279391885, ""L"": -3.070017565756585, ""u1"": 0.45954742524793646}",234.49264431301424,236.60670623863462,203.68456278231963,205.79862470794
expanded,heavy,NGC2403,73,k1_L_Q,logsvt,4,1008.95878092451,14.62259102789145,1017.5470162186277,392.51611385464344,1026.1206186891036,392.51611385464344,9156716420.704983,3,4,0.9999609590290287,,"{""B"": 6.507444162931379, ""L"": -3.070005258366721, ""Q"": 9.999529344241694e-10, ""u1"": 0.45954886570711506}",236.7330535294659,240.89716568907352,205.9249719987713,210.0890841583789
expanded,heavy,NGC2403,73,k2,logsvt,2,807.4506156484285,11.372543882372232,811.6220442198571,186.59114185587282,816.0315345307254,182.4270296962652,8.497590142761382,2,2,0.8891329422378466,,"{""B"": 0.2694892327716237, ""u2"": 19.313801748751853}",30.80808153069529,30.80808153069529,6.821210263296962e-13,6.821210263296962e-13
expanded,heavy,NGC2403,73,k2_Q,logsvt,3,807.4506156719582,11.535008795313688,813.7984417589147,188.7675393949304,820.3219939954033,186.71748916094316,,2,2,0.8891329358799562,logQ,"{""B"": 0.26948923122058543, ""Q"": 3.775151629605417e-11, ""u2"": 19.313802176624485}",32.984479069752865,35.09854099537324,2.1763975390582573,4.290459464678634
expanded,heavy,NGC2403,73,k2_L,logsvt,3,695.1828118253302,9.931183026076146,701.5306379122867,76.4997355483024,708.0541901487753,74.44968531431516,22.37863388377477,3,3,0.9760189186797789,,"{""B"": 0.2026168972116066, ""L"": 0.3693886725333688, ""u2"": 25.683092670896535}",-79.28332477687513,-77.16926285125476,-110.09140630756974,-107.97734438194937
expanded,heavy,NGC2403,73,k2_L_Q,logsvt,4,693.7939260836648,10.054984435995141,702.3821613777825,77.3512590137982,710.9557638482584,77.3512590137982,318.97337099739445,4,4,0.9562712037826916,,"{""B"": 0.19280893362784116, ""L"": 0.5004767477844555, ""Q"": 0.11379791671652895, ""u2"": 25.263488773737915}",-78.43180131137933,-74.26768915177172,-109.23988284207394,-105.07577068246633
expanded,heavy,NGC2403,73,k12,logsvt,3,701.9998892443346,10.028569846347636,708.347715331291,83.31681296730676,714.8712675677797,81.26676273331952,38.0084637799983,3,3,0.958507621844619,,"{""B"": 0.29650765200899104, ""u1"": 1.6068059982770295, ""u2"": 15.487471447695125}",-72.46624735787077,-70.3521854322504,-103.27432888856538,-101.160266962945
expanded,heavy,NGC2403,73,k12_Q,logsvt,4,701.9998892532798,10.173911438453331,710.5881245473975,85.55722218341316,719.1617270178733,85.55722218341316,,3,3,0.9585076044071611,logQ,"{""B"": 0.29650765649706445, ""Q"": 3.7751401394446885e-11, ""u1"": 1.6068061013284267, ""u2"": 15.487470701592603}",-70.22583814176437,-66.06172598215676,-101.03391967245898,-96.86980751285137
expanded,heavy,NGC2403,73,k12_L,logsvt,4,685.2279663810638,9.930840092479185,693.8162016751814,68.78529931119715,702.3898041456573,68.78529931119715,136.4042243138851,4,4,0.9863289878442635,,"{""B"": 0.23294505470629348, ""L"": 0.2528558940982758, ""u1"": 0.954491285124879, ""u2"": 21.268906148231064}",-86.99776101398038,-82.83364885437277,-117.80584254467499,-113.64173038506738
expanded,heavy,NGC2403,73,k12_L_Q,logsvt,5,685.2279663873875,10.076881858638052,696.1234887754472,71.09258641146289,706.6802635931294,73.07575875866928,3640597687.28149,4,5,0.9909781429427703,,"{""B"": 0.23294533507335388, ""L"": 0.25285467782703763, ""Q"": 1.477059586617043e-10, ""u1"": 0.9544924779879159, ""u2"": 21.26886813255321}",-84.69047391371464,-78.54318940690064,-115.49855544440925,-109.35127093759525
expanded,heavy,NGC2403,73,C,logsvt,1,27008.21447140542,375.11408988063084,27010.270809433587,26385.2399070696,27012.504930846568,26378.900426012107,1.0,1,1,0.0,,"{""C"": 0.6774735967787779}",26229.456846744426,26227.281477846536,26198.64876521373,26196.473396315843
expanded,heavy,NGC2403,73,C_Q,logsvt,2,27008.214472148826,380.3973869316736,27012.385900720255,26387.35499835627,27016.795391031123,26383.190886196662,,1,1,0.0,logQ,"{""C"": 0.6774735969448449, ""Q"": 3.775134566652427e-11}",26231.571938031095,26231.57193803109,26200.763856500398,26200.763856500398
expanded,heavy,NGC2403,73,C_L,logsvt,2,3686.535529241761,51.9230356231234,3690.7069578131895,3065.6760554492053,3695.116448124058,3061.511943289598,6.3991014368084125,2,2,0.8536014047768012,,"{""C"": 0.11848064940817477, ""L"": 1.5428110881921002}",2909.892995124028,2909.892995124028,2879.084913593333,2879.084913593333
expanded,heavy,NGC2403,73,C_L_Q,logsvt,3,1049.716766020073,14.995953800286758,1056.0645921070295,431.0336897430452,1062.5881443435183,428.9836395090581,2705979261.697645,2,3,0.9914095925290134,logC,"{""C"": 3.775134545792934e-11, ""L"": 2.7076990761157527, ""Q"": 1.7903489614654295}",275.2506294178677,277.3646913434882,244.44254788717308,246.55660981279357
expanded,heavy,NGC2403,73,C_k1,logsvt,3,1130.7491868531922,16.153559812188462,1137.0970129401487,512.0661105761644,1143.6205651766375,510.0160603421773,129321156615.4848,2,3,1.0,logC,"{""B"": 0.9560073066150038, ""C"": 3.775134544279111e-11, ""u1"": 1.724948755988784}",356.2830502509869,358.3971121766074,325.4749687202923,327.58903064591277
expanded,heavy,NGC2403,73,C_k1_Q,logsvt,4,1017.5855222126083,14.747616263950846,1026.173757506726,401.1428551427416,1034.747359977202,401.14285514274184,166474992625.078,3,4,1.0,logC,"{""B"": 2.01637138067075, ""C"": 3.775135126343739e-11, ""Q"": 0.6763312905515845, ""u1"": 0.7195071981309684}",245.35979481756408,249.52390697717192,214.55171328686947,218.7158254464773
expanded,heavy,NGC2403,73,C_k1_L,logsvt,4,1008.9587810669593,14.622591029955933,1017.547016361077,392.5161139970927,1026.120618831553,392.5161139970928,7117760549.813323,3,4,1.0,logC,"{""B"": 6.507470166720909, ""C"": 3.7751345442806804e-11, ""L"": -3.070014939848581, ""u1"": 0.4595477368025452}",236.73305367191517,240.8971658315229,205.92497214122056,210.0890843008283
expanded,heavy,NGC2403,73,C_k1_L_Q,logsvt,5,1008.9587818455027,14.837629144786805,1019.8543042335624,394.8234018695781,1030.4110790512445,396.8065742167844,49754555811.63239,3,5,1.0,,"{""B"": 6.507418632429132, ""C"": 3.8529140153562484e-11, ""L"": -3.0699954669787175, ""Q"": 8.510402662718931e-08, ""u1"": 0.4595499458495303}",239.04034154440058,245.18762605121447,208.23226001370597,214.37954452051986
expanded,heavy,NGC2403,73,C_k2,logsvt,3,643.6628407577093,9.195183439395848,650.0106668446658,24.979764480681524,656.5342190811544,22.92971424669429,30.727072971017147,3,3,0.6227766368127817,,"{""B"": 0.26357809807736154, ""C"": 0.044800343943433116, ""u2"": 16.668083694160224}",-130.803295844496,-128.68923391887563,-161.6113773751906,-159.49731544957024
expanded,heavy,NGC2403,73,C_k2_Q,logsvt,4,643.6628407737326,9.328446967735255,652.2510760678502,27.220173703865953,660.8246785383261,27.220173703865953,,3,3,0.6227766715531713,logQ,"{""B"": 0.2635780971457019, ""C"": 0.04480034781743195, ""Q"": 3.775367219305626e-11, ""u2"": 16.66808359365977}",-128.56288662131158,-124.39877446170397,-159.37096815200618,-155.20685599239857
expanded,heavy,NGC2403,73,C_k2_L,logsvt,4,616.4426670698666,8.933951696664733,625.0309023639843,0.0,633.6045048344602,0.0,51.67881922566829,4,4,0.9810396882561038,,"{""B"": 0.22259331824200887, ""C"": 0.03478940948543914, ""L"": 0.22589636734300408, ""u2"": 20.033508441283086}",-155.78306032517753,-151.61894816556992,-186.59114185587214,-182.42702969626453
expanded,heavy,NGC2403,73,C_k2_L_Q,logsvt,5,616.4426670850445,9.065333339485948,627.3381894731042,2.3072871091198977,637.8949642907864,4.290459456326289,,4,4,0.9810396897519508,,"{""B"": 0.22259324597658878, ""C"": 0.034789370332782565, ""L"": 0.22589673640753014, ""Q"": 1.2761643301960002e-10, ""u2"": 20.033520946231175}",-153.47577321605763,-147.32848870924363,-184.28385474675224,-178.13657023993824
expanded,heavy,NGC2403,73,C_k12,logsvt,4,643.6628407580648,9.328446967508185,652.2510760521825,27.2201736881982,660.8246785226584,27.2201736881982,18876931419.56885,3,4,0.9985800516217381,logu1,"{""B"": 0.2635780964074831, ""C"": 0.04480034153822382, ""u1"": 3.7751345979238614e-11, ""u2"": 16.6680842862474}",-128.56288663697933,-124.39877447737172,-159.37096816767394,-155.20685600806632
expanded,heavy,NGC2403,73,C_k12_Q,logsvt,5,643.6628407756629,9.465630011406807,654.5583631637226,29.527460799738265,665.1151379814048,31.510633146944656,,3,4,0.9601525644347432,logQ,"{""B"": 0.26357809863853643, ""C"": 0.04480033777926601, ""Q"": 3.77515445386892e-11, ""u1"": 2.0778879737952185e-10, ""u2"": 16.66808408413689}",-126.25559952543927,-120.10831501862526,-157.06368105613387,-150.91639654931987
expanded,heavy,NGC2403,73,C_k12_L,logsvt,5,616.4426670750106,9.065333339338391,627.3381894630703,2.307287099086011,637.8949642807526,4.290459446292402,1.2886897654673464e+18,4,4,0.9810396877428976,,"{""B"": 0.2225933014218928, ""C"": 0.03478939647265557, ""L"": 0.2258964498734826, ""u1"": 1.508164497733592e-10, ""u2"": 20.03351205222973}",-153.47577322609152,-147.32848871927752,-184.28385475678613,-178.13657024997212
expanded,heavy,NGC2403,73,C_k12_L_Q,logsvt,6,616.4426670758305,9.20063682202732,629.7153943485578,4.684491984573469,642.1854237227209,8.580918888260726,,4,4,1.0,logQ,"{""B"": 0.2225932565008656, ""C"": 0.034789376156176055, ""L"": 0.22589669238611554, ""Q"": 3.786156010258788e-11, ""u1"": 4.455307067624942e-11, ""u2"": 20.03351853292719}",-151.09856834060406,-143.0380292773092,-181.90664987129867,-173.8461108080038
expanded,heavy,NGC2403,73,cored_log,cored_log,2,807.4506156484279,11.372543882372224,811.6220442198564,186.59114185587214,816.0315345307247,182.42702969626453,5.000670464458649,2,2,0.8891329308396962,,"{""H"": 1.077956926283164, ""Rc"": 0.22754437911110437}",30.808081530694608,30.808081530694608,0.0,0.0
expanded,heavy,NGC2403,73,pISO,piso,2,776.6425341177332,10.938627241094835,780.8139626891618,155.78306032517753,785.2234530000301,151.61894816556992,6.66490408420771,2,2,0.9373491207569159,,"{""H"": 1.3416422722982102, ""Rc"": 0.12741132495446691}",0.0,0.0,-30.808081530694608,-30.808081530694608
expanded,heavy,NGC2403,73,NFW,nfw,2,1069.4680806683011,15.062930713638044,1073.6395092397297,448.6086068757454,1078.048999550598,444.4444947161378,11.121103163934018,2,2,0.9810939905221909,,"{""V200"": 0.9842386245115471, ""c"": 7.946716085540867}",292.8255465505679,292.8255465505679,262.01746501987327,262.01746501987327
expanded,heavy,NGC2841,50,baryons,logsvt,0,28401.079978418922,568.0215995683784,28401.079978418922,28341.70732567431,28401.079978418922,28336.49299578846,,0,0,,,{},28327.12981327614,28323.56108641422,28307.19238140844,28303.62365454652
expanded,heavy,NGC2841,50,Q,logsvt,1,28401.07998058588,579.6138771548138,28403.163313919213,28343.7906611746,28404.99200359131,28340.405020960847,1.0,1,1,0.0,logQ,"{""Q"": 3.7751345445553037e-11}",28329.21314877643,28327.47311158661,28309.27571690873,28307.53567971891
expanded,heavy,NGC2841,50,L,logsvt,1,1602.239568176879,32.69876669748732,1604.3229015102122,1544.9502487655984,1606.1515911823071,1541.5646085518435,1.0,1,1,0.0,,"{""L"": 1.0205201432153987}",1530.3727363674323,1528.632699177607,1510.435304499731,1508.6952673099058
expanded,heavy,NGC2841,50,L_Q,logsvt,2,549.1672566206144,11.440984512929466,553.4225757695506,494.0499230249367,556.9913026314706,492.404320001007,8.488690121258891,2,2,0.9723011007624841,,"{""L"": 2.0736099240579997, ""Q"": 1.5087030837369928}",479.4724106267706,479.4724106267705,459.53497875906953,459.5349787590694
expanded,heavy,NGC2841,50,k1,logsvt,2,68.6479250399271,1.4301651049984814,72.90324418886327,13.530591444249374,76.4719710507834,11.884988420319843,11.582282522435392,2,2,0.8731798099857191,,"{""B"": 0.37576317623020117, ""u1"": 10.743082664786089}",-1.0469209539166968,-1.0469209539166968,-20.984352821617804,-20.984352821617804
expanded,heavy,NGC2841,50,k1_Q,logsvt,3,68.64792504726854,1.460594149941884,75.16966417770332,15.79701143308943,80.38399406355298,15.797011433089423,,2,2,0.8731798113639716,logQ,"{""B"": 0.3757631769792972, ""Q"": 3.7751525688628817e-11, ""u1"": 10.743082575245012}",1.2194990349233592,2.8651020588528837,-18.71793283277775,-17.072329808848224
expanded,heavy,NGC2841,50,k1_L,logsvt,3,63.42305107814085,1.349426618683848,69.94479020857563,10.572137463961731,75.15912009442529,10.572137463961738,37.23122878187822,3,3,0.9756082323592425,,"{""B"": 0.32220892167878834, ""L"": 0.1088695501928793, ""u1"": 15.151990903056836}",-4.00537493420434,-2.3597719102748016,-23.942806801905448,-22.29720377797591
expanded,heavy,NGC2841,50,k1_L_Q,logsvt,4,63.423051080325344,1.3787619800070727,72.31193996921422,12.939287224600328,79.07114310203792,14.48416047157437,,3,3,0.9756082284436458,logQ,"{""B"": 0.3222089025424054, ""L"": 0.10886958688112622, ""Q"": 3.7751385071531184e-11, ""u1"": 15.151993605987126}",-1.6382251735657434,1.5522510973378303,-21.57565704126685,-18.385180770363277
expanded,heavy,NGC2841,50,k2,logsvt,2,89.63227786154462,1.867339122115513,93.88759701048079,34.514944265866895,97.45632387240092,32.86934124193736,11.706990828074277,2,2,0.4744484726417335,,"{""B"": 0.1654587542271601, ""u2"": 137.81282160000055}",19.937431867700823,19.937431867700823,-2.8421709430404007e-13,-2.8421709430404007e-13
expanded,heavy,NGC2841,50,k2_Q,logsvt,3,89.63227788136868,1.9070697421567804,96.15401701180346,36.781364267189566,101.36834689765311,36.78136426718956,,2,2,0.4744484679638068,logQ,"{""B"": 0.1654587527666642, ""Q"": 3.7751345443383516e-11, ""u2"": 137.8128494473201}",22.203851869023495,23.84945489295302,2.2664200013223876,3.912023025251912
expanded,heavy,NGC2841,50,k2_L,logsvt,3,52.85091361417911,1.1244875237059386,59.372652744613895,0.0,64.58698263046355,0.0,28.104612575910387,3,3,0.9623139751110518,,"{""B"": 0.13353371637046335, ""L"": 0.19004475209660948, ""u2"": 248.90840955458555}",-14.577512398166071,-12.93190937423654,-34.51494426586718,-32.86934124193765
expanded,heavy,NGC2841,50,k2_L_Q,logsvt,4,52.850913629526694,1.1489329049897108,61.73980251841558,2.3671497738016853,68.49900565123927,3.9120230207757203,2290205998.864457,3,4,0.9916845291107366,,"{""B"": 0.13353371831530575, ""L"": 0.19004474109107372, ""Q"": 2.815138414996197e-10, ""u2"": 248.90839420537276}",-12.210362624364386,-9.01988635346082,-32.14779449206549,-28.957318221161927
expanded,heavy,NGC2841,50,k12,logsvt,3,64.42320999896651,1.3707065957226918,70.9449491294013,11.5722963847874,76.15927901525095,11.572296384787393,142.52998521936118,3,3,0.9963344238828141,,"{""B"": 0.3276170923540054, ""u1"": 14.54295741928297, ""u2"": 2.413019756052144}",-3.0052160133786714,-1.3596129894491469,-22.94264788107978,-21.297044857150254
expanded,heavy,NGC2841,50,k12_Q,logsvt,4,64.42321000241911,1.4005045652699806,73.312098891308,13.939446146694102,80.0713020241317,15.484319393668144,,3,3,0.9963344072855821,logQ,"{""B"": 0.3276172781622823, ""Q"": 3.7843603027284256e-11, ""u1"": 14.542937814990442, ""u2"": 2.4130043910475325}",-0.6380662514719688,2.552410019431605,-20.575498119173076,-17.385021848269503
expanded,heavy,NGC2841,50,k12_L,logsvt,4,52.850913614203435,1.1489329046565964,61.73980250309232,2.3671497584784262,68.49900563591602,3.9120230054524683,3.7456976872379494e+17,3,3,0.9623139793248189,,"{""B"": 0.13353371585822435, ""L"": 0.19004475486780115, ""u1"": 8.107865672407586e-11, ""u2"": 248.9084145833209}",-12.210362639687645,-9.019886368784071,-32.14779450738875,-28.95731823648518
expanded,heavy,NGC2841,50,k12_L_Q,logsvt,5,63.4230511259146,1.4094011361314356,74.78668748955096,15.414034744937062,82.98316615305532,18.39618352259177,2425448812.3849115,3,5,0.9999125858187442,,"{""B"": 0.3222089156793649, ""L"": 0.10886956206926306, ""Q"": 8.257194125180243e-10, ""u1"": 15.151991778579523, ""u2"": 8.787207494195997e-09}",0.836522346770991,5.46427414835523,-19.100909520930117,-14.473157719345878
expanded,heavy,NGC2841,50,C,logsvt,1,444.1879218548726,9.065059629691278,446.27125518820594,386.89860244359204,448.09994486030075,383.51296222983717,1.0,1,1,0.0,,"{""C"": 0.6129409190341132}",372.321090045426,370.58105285560066,352.3836581777249,350.64362098789957
expanded,heavy,NGC2841,50,C_Q,logsvt,2,444.18792191994476,9.25391503999885,448.4432410688809,389.070588324267,452.01196793080106,387.42498530033754,,1,1,0.0,logQ,"{""C"": 0.6129409195614609, ""Q"": 3.775134594459308e-11}",374.49307592610097,374.49307592610097,354.5556440583998,354.5556440583999
expanded,heavy,NGC2841,50,C_L,logsvt,2,123.60945601316006,2.575197000274168,127.86477516209622,68.49212241748234,131.43350202401635,66.8465193935528,4.890959462310715,2,2,0.9094160816587743,,"{""C"": 0.41856940367452594, ""L"": 0.35219165098130417}",53.91461001931626,53.91461001931626,33.97717815161515,33.97717815161515
expanded,heavy,NGC2841,50,C_L_Q,logsvt,3,106.62657674409488,2.268650569023295,113.14831587452966,53.77566312991576,118.36264576037931,53.775663129915756,37.01534675061231,3,3,0.9681217966244068,,"{""C"": 0.3610345672305572, ""L"": 0.6620369852176807, ""Q"": 0.31192540681860514}",39.19815073174969,40.84375375567922,19.260718864048584,20.90632188797811
expanded,heavy,NGC2841,50,C_k1,logsvt,3,68.64792504026254,1.4605941497928199,75.16966417069732,15.797011426083422,80.38399405654697,15.797011426083415,,2,2,0.8731798068543029,logC,"{""B"": 0.37576317540118787, ""C"": 3.775134544355345e-11, ""u1"": 10.74308284196031}",1.219499027917351,2.8651020518468755,-18.717932839783757,-17.072329815854232
expanded,heavy,NGC2841,50,C_k1_Q,logsvt,4,68.64792504764053,1.4923461966878375,77.53681393652941,18.164161191915518,84.29601706935311,19.70903443888956,,2,2,0.8731798063458259,logC,"{""B"": 0.3757631771383138, ""C"": 3.7880854186853125e-11, ""Q"": 3.7935110164261444e-11, ""u1"": 10.743082533926096}",3.586648793749447,6.777125064653021,-16.35078307395166,-13.160306803048087
expanded,heavy,NGC2841,50,C_k1_L,logsvt,4,63.42305107973955,1.378761979994338,72.31193996862844,12.939287224014542,79.07114310145214,14.484160470988584,,3,3,0.9756082281190798,,"{""B"": 0.3222089083530948, ""C"": 6.896383449864159e-11, ""L"": 0.10886957509471468, ""u1"": 15.151992892127}",-1.638225174151529,1.5522510967520446,-21.575657041852637,-18.385180770949063
expanded,heavy,NGC2841,50,C_k1_L_Q,logsvt,5,63.42305108120325,1.40940113513785,74.78668744483961,15.41403470022572,82.98316610834398,18.396183477880427,,3,3,0.9756082255376969,logC;logQ,"{""B"": 0.3222089537007142, ""C"": 3.775149101088464e-11, ""L"": 0.10886948847785105, ""Q"": 3.775144175943111e-11, ""u1"": 15.151986453406492}",0.8365223020596488,5.464274103643888,-19.10090956564146,-14.47315776405722
expanded,heavy,NGC2841,50,C_k2,logsvt,3,79.28124813338671,1.6868350666678025,85.80298726382149,26.430334519207598,91.01731714967114,26.43033451920759,28.866693615555185,3,3,0.9798863047885039,,"{""B"": 0.10968830820134738, ""C"": 0.23894451589526586, ""u2"": 45.59524465989695}",11.852822121041527,13.498425144971051,-8.08460974665958,-6.439006722730056
expanded,heavy,NGC2841,50,C_k2_Q,logsvt,4,79.28124814660951,1.723505394491511,88.1701370354984,28.797484290884505,94.9293401683221,30.342357537858547,,3,3,0.9798862975189118,logQ,"{""B"": 0.1096882876800538, ""C"": 0.2389445973083995, ""Q"": 3.778690903304278e-11, ""u2"": 45.595233492773204}",14.219971892718434,17.410448163622007,-5.717459974982674,-2.5269837040791003
expanded,heavy,NGC2841,50,C_k2_L,logsvt,4,52.85091361448463,1.1489329046627095,61.73980250337352,2.3671497587596235,68.49900563619721,3.9120230057336585,14592994567.345982,3,4,0.9996286722320945,logC,"{""B"": 0.1335337163288297, ""C"": 3.775157111911913e-11, ""L"": 0.19004475282451924, ""u2"": 248.90840668897368}",-12.210362639406448,-9.019886368502881,-32.147794507107555,-28.95731823620399
expanded,heavy,NGC2841,50,C_k2_L_Q,logsvt,5,52.85091369038918,1.174464748675315,64.21455005402554,4.841897309411642,72.4110287175299,7.82404608706635,,3,4,0.9968177481860718,,"{""B"": 0.1335337149274529, ""C"": 8.542155593755588e-09, ""L"": 0.1900447483540844, ""Q"": 1.301949731648865e-10, ""u2"": 248.9083980099924}",-9.735615088754429,-5.10786328717019,-29.673046956455536,-25.045295154871297
expanded,heavy,NGC2841,50,C_k12,logsvt,4,64.42321001862427,1.4005045656222668,73.31209890751316,13.939446162899266,80.07130204033686,15.484319409873308,1794463805.013687,3,4,0.9997772634479827,,"{""B"": 0.327617078527942, ""C"": 8.679205940976794e-10, ""u1"": 14.54295882485835, ""u2"": 2.4130208612428024}",-0.6380662352668054,2.5524100356367683,-20.575498102967913,-17.38502183206434
expanded,heavy,NGC2841,50,C_k12_Q,logsvt,5,64.42321000802298,1.4316268890671773,75.78684637165934,16.414193627045442,83.9833250351637,19.39634240470015,,3,4,0.9999291887498242,,"{""B"": 0.3276172613046403, ""C"": 1.0307145194482493e-10, ""Q"": 7.492178774257226e-11, ""u1"": 14.542939513261922, ""u2"": 2.413005794093544}",1.836681228879371,6.46443303046361,-18.100750638821737,-13.472998837237498
expanded,heavy,NGC2841,50,C_k12_L,logsvt,5,52.850913693745824,1.1744647487499071,64.21455005738218,4.841897312768289,72.41102872088655,7.824046090422996,1742259079.3875446,3,5,0.9977141964757531,,"{""B"": 0.1335337156410905, ""C"": 7.409221646916101e-09, ""L"": 0.19004474587641534, ""u1"": 6.514659906848857e-08, ""u2"": 248.90839530804678}",-9.735615085397782,-5.107863283813543,-29.67304695309889,-25.04529515151465
expanded,heavy,NGC2841,50,C_k12_L_Q,logsvt,6,52.850914022824284,1.2011571368823701,66.8044023949173,7.431749650303409,76.32305205539316,11.73606942492961,1611921268.2552066,3,6,0.9973786115232786,,"{""B"": 0.1335337128483472, ""C"": 1.692839488188555e-08, ""L"": 0.19004475150980096, ""Q"": 4.463660635909103e-09, ""u1"": 9.406754363198776e-08, ""u2"": 248.9083907797408}",-7.145762747862662,-1.1958399493069294,-27.08319461556377,-21.133271817008037
expanded,heavy,NGC2841,50,cored_log,cored_log,2,89.6322778615449,1.867339122115519,93.88759701048107,34.51494426586718,97.4563238724012,32.86934124193765,5.892192355553054,2,2,0.4744484598412149,,"{""H"": 0.6618350143499621, ""Rc"": 0.08518343908119685}",19.937431867701108,19.937431867701108,0.0,0.0
expanded,heavy,NGC2841,50,pISO,piso,2,69.6948459938438,1.451975958205079,73.95016514277997,14.577512398166071,77.51889200470009,12.93190937423654,8.34132511555768,2,2,0.746917440669137,,"{""H"": 0.7197623620965167, ""Rc"": 0.03839348522130287}",0.0,0.0,-19.937431867701108,-19.937431867701108
expanded,heavy,NGC2841,50,NFW,nfw,2,112.22447547090333,2.3380099056438195,116.4797946198395,57.1071418752256,120.04852148175962,55.46153885129607,9.057172041647885,2,2,0.9209555839015653,,"{""V200"": 0.6270947951937086, ""c"": 13.682829254768649}",42.52962947705953,42.52962947705953,22.592197609358422,22.592197609358422
expanded,heavy,NGC2903,34,baryons,logsvt,0,10907.31233380429,320.8033039354203,10907.31233380429,10193.504678188923,10907.31233380429,10189.725596615075,,0,0,,,{},9651.819816614738,9649.1541923397,9680.210094786808,9677.54447051177
expanded,heavy,NGC2903,34,Q,logsvt,1,10907.312334550474,330.5246161984992,10909.437334550474,10195.629678935107,10910.83869507509,10193.251957885876,1.0,1,1,0.0,logQ,"{""Q"": 3.7751345442834966e-11}",9653.944817360922,9652.6805536105,9682.335095532992,9681.07083178257
expanded,heavy,NGC2903,34,L,logsvt,1,1495.5940255842565,45.3210310783108,1497.7190255842565,783.91136996889,1499.1203861088727,781.5336489196576,1.0,1,1,0.0,,"{""L"": 0.725320838743886}",242.22650839470475,240.96224464428224,270.6167865667751,269.3525228163526
expanded,heavy,NGC2903,34,L_Q,logsvt,2,1494.2416999835277,46.69505312448524,1498.6287967577214,784.8211411423548,1501.29442103276,783.7076838435449,98.86562703095647,2,2,0.9366433346344125,,"{""L"": 0.7521696868666411, ""Q"": 0.045816931473156436}",243.13627956816958,243.13627956816958,271.5265577402399,271.5265577402399
expanded,heavy,NGC2903,34,k1,logsvt,2,1494.6166841764953,46.70677138051548,1499.003780950689,785.1961253353223,1501.6694052257276,784.0826680365125,199.41116731332232,2,2,0.999949668825398,,"{""B"": 7.927215330228519, ""u1"": 0.04700452452634511}",243.51126376113712,243.51126376113712,271.90154193320745,271.90154193320745
expanded,heavy,NGC2903,34,k1_Q,logsvt,3,1494.2417009761862,48.2013451927802,1501.0417009761861,787.2340453608196,1504.8207825500347,787.2340453608196,369021175.5400803,2,3,0.999662387036819,,"{""B"": 4346.471241721094, ""Q"": 0.04575169053562068, ""u1"": 8.652646643537733e-05}",245.54918378663433,246.6626410854442,273.93946195870467,275.05291925751453
expanded,heavy,NGC2903,34,k1_L,logsvt,3,1494.2500934847076,48.201615918861535,1501.0500934847075,787.242437869341,1504.829175058556,787.242437869341,1227633713.557293,2,3,0.9999999972376901,,"{""B"": 21081.242762741233, ""L"": -43.13280073447614, ""u1"": 0.0010408511134228588}",245.55757629515574,246.6710335939656,273.9478544672261,275.06131176603594
expanded,heavy,NGC2903,34,k1_L_Q,logsvt,4,1494.2417000482865,49.808056668276215,1503.6210103931141,789.8133547777476,1508.3471421467511,790.760404957536,494450242.37833816,2,4,0.9994478191157502,,"{""B"": 0.0011572241100118277, ""L"": 0.752157134431196, ""Q"": 0.045816873618141976, ""u1"": 0.005429670904818724}",248.12849320356236,250.18900068216067,276.5187713756327,278.579278854231
expanded,heavy,NGC2903,34,k2,logsvt,2,1222.7151422433005,38.20984819510314,1227.1022390174942,513.2945834021276,1229.7678632925329,512.1811261033178,7.326843840846049,2,2,0.944298425409917,,"{""B"": 0.20883761060030837, ""u2"": 3.5775343495248664}",-28.390278172057606,-28.390278172057606,1.2732925824820995e-11,1.2732925824820995e-11
expanded,heavy,NGC2903,34,k2_Q,logsvt,3,1158.800737702955,37.38066895815984,1165.600737702955,451.79308208758846,1169.3798192768036,451.79308208758846,182.45172610155873,3,3,0.9980821621856096,,"{""B"": 1.1315656997016894, ""Q"": 1.6799833191129185, ""u2"": 0.9120345103805036}",-89.89177948659676,-88.7783221877869,-61.50150131452642,-60.38804401571656
expanded,heavy,NGC2903,34,k2_L,logsvt,3,707.0076556153666,22.806698568237632,713.8076556153666,0.0,717.5867371892151,0.0,68.46820009220359,3,3,0.9818643171108458,,"{""B"": 1.1139716462166867, ""L"": -3.0473670062015263, ""u2"": 3.310312058880241}",-541.6848615741852,-540.5714042753754,-513.2945834021149,-512.181126103305
expanded,heavy,NGC2903,34,k2_L_Q,logsvt,4,707.0076556199456,23.566921853998185,716.3869659647731,2.579310349406569,721.1130977184102,3.5263605291951308,31676554079.25462,3,4,0.9998498670142834,logQ,"{""B"": 1.1139716562259907, ""L"": -3.047367039977235, ""Q"": 3.775143304345256e-11, ""u2"": 3.3103120575200196}",-539.1055512247787,-537.0450437461802,-510.7152730527083,-508.6547655741099
expanded,heavy,NGC2903,34,k12,logsvt,3,1222.7151422489399,39.442423943514186,1229.5151422489398,515.7074866335732,1233.2942238227884,515.7074866335732,,2,2,0.9442984081738686,logu1,"{""B"": 0.20883755377688165, ""u1"": 3.7808077723266376e-11, ""u2"": 3.5775364057913235}",-25.97737494061198,-24.863917641802118,2.4129032314583583,3.526360530268221
expanded,heavy,NGC2903,34,k12_Q,logsvt,4,1158.8007377296062,38.62669125765354,1168.180048074434,454.3723924590673,1172.906179828071,455.3194426388558,2.1935312425302058e+17,3,3,0.9980821556994435,logu1,"{""B"": 1.1315601865214198, ""Q"": 1.6799763496638846, ""u1"": 3.7769614916979475e-11, ""u2"": 0.9120376076597668}",-87.31246911511789,-85.25196163651958,-58.92219094304755,-56.86168346444924
expanded,heavy,NGC2903,34,k12_L,logsvt,4,707.0076556187247,23.56692185395749,716.3869659635523,2.579310348185686,721.1130977171894,3.526360527974248,15589550133.243738,3,4,0.9998605853397418,,"{""B"": 1.1139716295047772, ""L"": -3.0473669492720976, ""u1"": 5.5032465579567764e-11, ""u2"": 3.3103120568704383}",-539.1055512259995,-537.0450437474011,-510.7152730539292,-508.65476557533077
expanded,heavy,NGC2903,34,k12_L_Q,logsvt,5,707.007655824711,24.37957433878314,719.1505129675681,5.342857352201577,724.6394584477919,7.052721258576753,14668880802.177546,3,5,0.9997856298120894,,"{""B"": 1.1139716512966973, ""L"": -3.0473670221969824, ""Q"": 9.33006405851593e-10, ""u1"": 1.5763064734386894e-09, ""u2"": 3.3103120568343547}",-536.3420042219836,-533.5186830167986,-507.9517260499133,-505.12840484472827
expanded,heavy,NGC2903,34,C,logsvt,1,3552.3582076658295,107.64721841411604,3554.4832076658295,2840.675552050463,3555.8845681904454,2838.2978310012304,1.0,1,1,0.0,,"{""C"": 0.3057303403535899}",2298.9906904762775,2297.726426725855,2327.3809686483482,2326.116704897925
expanded,heavy,NGC2903,34,C_Q,logsvt,2,3552.35820782601,111.01119399456282,3556.745304600204,2842.9376489848373,3559.4109288752425,2841.8241916860275,,1,1,0.0,logQ,"{""C"": 0.3057303385712011, ""Q"": 3.7751345442822766e-11}",2301.2527874106518,2301.2527874106518,2329.6430655827226,2329.6430655827226
expanded,heavy,NGC2903,34,C_L,logsvt,2,1495.5940256994857,46.73731330310893,1499.9811224736793,786.1734668583127,1502.646746748718,785.0600095595029,11706156545.823147,1,2,1.0,logC,"{""C"": 3.775134544282893e-11, ""L"": 0.7253208399658391}",244.48860528412752,244.48860528412752,272.87888345619785,272.87888345619785
expanded,heavy,NGC2903,34,C_L_Q,logsvt,3,1494.241700106039,48.201345164710936,1501.041700106039,787.2340444906723,1504.8207816798874,787.2340444906723,,2,2,0.9366434158676124,logC,"{""C"": 3.7751345539507125e-11, ""L"": 0.7521696876934018, ""Q"": 0.04581691954396081}",245.5491829164871,246.66264021529696,273.93946108855744,275.0529183873673
expanded,heavy,NGC2903,34,C_k1,logsvt,3,1494.61668429701,48.2134414289358,1501.4166842970099,787.6090286816433,1505.1957658708584,787.6090286816433,,2,2,0.9999496686014168,logC,"{""B"": 7.927194259896956, ""C"": 3.775134544279111e-11, ""u1"": 0.047004652888507054}",245.92416710745806,247.03762440626792,274.3144452795284,275.42790257833826
expanded,heavy,NGC2903,34,C_k1_Q,logsvt,4,1494.241702159886,49.80805673866287,1503.6210125047137,789.8133568893471,1508.3471442583507,790.7604070691356,,2,3,0.9992978091836198,logC,"{""B"": 3021.598198052939, ""C"": 3.775134544279111e-11, ""Q"": 0.04572322062992912, ""u1"": 0.00012446552886333614}",248.1284953151619,250.1890027937602,276.51877348723224,278.57928096583055
expanded,heavy,NGC2903,34,C_k1_L,logsvt,4,1494.2500945659879,49.80833648553293,1503.6294049108155,789.821749295449,1508.3555366644525,790.7687994752374,683989025416.2225,2,4,0.9999999975586805,,"{""B"": 21078.393893772587, ""C"": 1.55937439211079e-10, ""L"": -43.13008652911859, ""u1"": 0.0010409274142285892}",248.13688772126375,250.19739519986206,276.5271658933341,278.5876733719324
expanded,heavy,NGC2903,34,C_k1_L_Q,logsvt,5,1494.2417001073827,51.52557586577182,1506.3845572502398,792.5769016348733,1511.8735027304635,794.2867655412484,2645394592.1194067,2,5,1.0,logC,"{""B"": 3.369307693650598e-05, ""C"": 3.7833583047889726e-11, ""L"": 0.7521693951568457, ""Q"": 0.0458169394941524, ""u1"": 0.004503783391437715}",250.89204006068803,253.71536126587307,279.28231823275837,282.1056394379434
expanded,heavy,NGC2903,34,C_k2,logsvt,3,1222.7151423794674,39.442423947724755,1229.5151423794673,515.7074867641007,1233.2942239533158,515.7074867641007,,2,2,0.9442983981529209,logC,"{""B"": 0.20883754694632836, ""C"": 3.7751345442796477e-11, ""u2"": 3.5775366352350746}",-25.977374810084484,-24.86391751127462,2.4129033619858546,3.526360660795717
expanded,heavy,NGC2903,34,C_k2_Q,logsvt,4,1158.800737842539,38.62669126141797,1168.1800481873668,454.3723925720002,1172.9061799410038,455.31944275178864,8772520142.862814,3,4,1.0,logC,"{""B"": 1.1315600361611953, ""C"": 3.775134850938877e-11, ""Q"": 1.6799761316795283, ""u2"": 0.912037679243237}",-87.31246900218503,-85.25196152358671,-58.92219083011469,-56.861683351516376
expanded,heavy,NGC2903,34,C_k2_L,logsvt,4,707.007655673158,23.56692185577193,716.3869660179855,2.579310402618944,721.1130977716226,3.5263605824075057,7764730887.289781,3,4,0.9988886797732615,logC,"{""B"": 1.1139716590698228, ""C"": 3.775135568822739e-11, ""L"": -3.047367050713504, ""u2"": 3.310312059340221}",-539.1055511715663,-537.0450436929679,-510.71527299949594,-508.6547655208975
expanded,heavy,NGC2903,34,C_k2_L_Q,logsvt,5,707.0076556802738,24.379574333802545,719.150512823131,5.342857207764382,724.6394583033547,7.052721114139558,,3,4,0.9999024895063279,,"{""B"": 1.1139716797875632, ""C"": 3.914837590382122e-11, ""L"": -3.047367150972182, ""Q"": 4.101388105616295e-11, ""u2"": 3.3103121153802753}",-536.3420043664208,-533.5186831612358,-507.9517261943505,-505.12840498916546
expanded,heavy,NGC2903,34,C_k12,logsvt,4,1222.7151423859427,40.75717141286476,1232.0944527307704,518.2867971154038,1236.8205844844074,519.2338472951923,,2,3,0.9982535402354168,logC,"{""B"": 0.20883738545370248, ""C"": 3.775135742359023e-11, ""u1"": 3.790834444604429e-11, ""u2"": 3.5775423917730245}",-23.39806445878139,-21.33755698018308,4.9922137132889475,7.052721191887258
expanded,heavy,NGC2903,34,C_k12_Q,logsvt,5,1158.8007378694163,39.95864613342815,1170.9435950122734,457.1359393969068,1176.432540492497,458.84580330328197,18049058839.250397,3,5,1.0,logC;logu1,"{""B"": 1.1315586263059372, ""C"": 3.775135604104162e-11, ""Q"": 1.6799743748789402, ""u1"": 3.7751357291441896e-11, ""u2"": 0.9120384861957261}",-84.54892217727843,-81.72560097209339,-56.15864400520809,-53.33532280002305
expanded,heavy,NGC2903,34,C_k12_L,logsvt,5,707.007655794466,24.37957433774021,719.1505129373231,5.342857321956558,724.6394584175468,7.052721228331734,13404414447.782106,3,5,0.999963952460928,,"{""B"": 1.1139716715219197, ""C"": 8.08934738361427e-11, ""L"": -3.047367088044392, ""u1"": 9.057201069531655e-10, ""u2"": 3.310312052003538}",-536.3420042522287,-533.5186830470436,-507.9517260801583,-505.1284048749733
expanded,heavy,NGC2903,34,C_k12_L_Q,logsvt,6,707.0076557381796,25.250273419220697,722.1187668492906,8.311111233924066,728.1658188858765,10.579081696661433,,3,5,0.999967911864264,,"{""B"": 1.1139716564756923, ""C"": 6.59642574555298e-11, ""L"": -3.0473670461238074, ""Q"": 1.2888876864692986e-10, ""u1"": 1.0158369340031051e-10, ""u2"": 3.3103120670408424}",-533.3737503402612,-529.9923225787139,-504.9834721681908,-501.6020444066436
expanded,heavy,NGC2903,34,cored_log,cored_log,2,1222.7151422432878,38.209848195102744,1227.1022390174815,513.2945834021149,1229.7678632925201,512.181126103305,5.910912643275877,2,2,0.9442983785253133,,"{""H"": 0.8353499532699785, ""Rc"": 0.5286981956091643}",-28.39027817207034,-28.39027817207034,0.0,0.0
expanded,heavy,NGC2903,34,pISO,piso,2,1251.1054204153581,39.09704438797994,1255.4925171895518,541.6848615741852,1258.1581414645905,540.5714042753754,7.4064107188180435,2,2,0.964153629952951,,"{""H"": 1.2006817160432364, ""Rc"": 0.3548179369511558}",0.0,0.0,28.39027817207034,28.39027817207034
expanded,heavy,NGC2903,34,NFW,nfw,2,1494.5716513741925,46.705364105443515,1498.9587481483861,785.1510925330196,1501.6243724234248,784.0376352342097,86.98478205294245,2,2,0.9996969281269266,,"{""V200"": 2.8365443704336664, ""c"": 1.0796133924851081}",243.46623095883433,243.46623095883433,271.85650913090467,271.85650913090467
expanded,heavy,NGC2976,27,baryons,logsvt,0,127.36418895033455,4.717192183345724,127.36418895033455,113.83552427988198,127.36418895033455,111.74385054787332,,0,0,,,{},113.83552427988198,111.74385054787332,113.83548712245498,111.74381339044632
expanded,heavy,NGC2976,27,Q,logsvt,1,127.36418895830963,4.898622652242678,129.52418895830962,115.99552428785705,130.66002582431395,115.03968742185272,,0,0,0.0,logQ,"{""Q"": 3.775134547390729e-11}",115.99552428785705,115.03968742185272,115.99548713043005,115.03965026442572
expanded,heavy,NGC2976,27,L,logsvt,1,30.70279979282861,1.1808769151087928,32.86279979282861,19.334135122376043,33.998636658832936,18.37829825637171,1.0,1,1,0.0,,"{""L"": 0.57415185592519}",19.334135122376043,18.37829825637171,19.334097964949038,18.378261098944705
expanded,heavy,NGC2976,27,L_Q,logsvt,2,30.702799794081102,1.2281119917632441,35.2027997940811,21.674135123628535,37.29447352608976,21.674135123628535,,1,1,0.0,logQ,"{""L"": 0.5741518465427997, ""Q"": 3.7830206824327314e-11}",21.674135123628535,21.674135123628535,21.67409796620153,21.67409796620153
expanded,heavy,NGC2976,27,k1,logsvt,2,30.70280433040642,1.2281121732162568,35.20280433040642,21.674139659953855,37.29447806241508,21.674139659953855,37302018.802024536,2,2,1.0,logB,"{""B"": 1202604.2841647598, ""u1"": 2.387118948726308e-07}",21.674139659953855,21.674139659953855,21.67410250252685,21.67410250252685
expanded,heavy,NGC2976,27,k1_Q,logsvt,3,30.702804331657426,1.2792835138190595,37.74628259252699,24.21761792207442,40.59031492967041,24.969976527209187,,2,2,0.9999999999999999,logB;logQ,"{""B"": 1202603.987716505, ""Q"": 3.7752060367555636e-11, ""u1"": 2.3871195343407076e-07}",24.21761792207442,24.969976527209187,24.217580764647415,24.969939369782182
expanded,heavy,NGC2976,27,k1_L,logsvt,3,30.702799792830124,1.2792833247012552,37.74627805369968,24.217613383247116,40.590310390843115,24.96997198838189,3.2393739300767936e+17,1,2,1.0,,"{""B"": 2.0656878110335252e-05, ""L"": 0.5741518550165873, ""u1"": 3.3290125341307125e-05}",24.217613383247116,24.96997198838189,24.21757622582011,24.969934830954884
expanded,heavy,NGC2976,27,k1_L_Q,logsvt,4,30.702799794078683,1.3349043388729862,40.520981612260506,26.99231694180794,43.886147258096,28.265808855634777,,1,2,1.0,logQ,"{""B"": 8.90444012641894e-06, ""L"": 0.5741518559879807, ""Q"": 3.7752833101337605e-11, ""u1"": 1.7262637441188435e-05}",26.99231694180794,28.265808855634777,26.992279784380933,28.26577169820777
expanded,heavy,NGC2976,27,k2,logsvt,2,9.028701827879571,0.3611480731151828,13.528701827879571,3.7157427003720045e-05,15.62037555988823,3.7157427003720045e-05,80.41402886440275,2,2,0.9996902465949048,,"{""B"": 3.4600583082507743, ""u2"": 0.09126533895486114}",3.7157427003720045e-05,3.7157427003720045e-05,-1.7763568394002505e-15,-1.7763568394002505e-15
expanded,heavy,NGC2976,27,k2_Q,logsvt,3,9.028701827880154,0.3761959094950064,16.072180088749718,2.543515418297151,18.916212425893143,3.2958740234319173,4615214815.979829,2,3,0.9999299559161581,,"{""B"": 3.4600684081056166, ""Q"": 3.1097827696429336e-10, ""u2"": 0.09126506167081413}",2.543515418297151,3.2958740234319173,2.5434782608701454,3.2958368660049118
expanded,heavy,NGC2976,27,k2_L,logsvt,3,7.598894771023583,0.31662061545931597,14.642373031893149,1.1137083614405814,17.48640536903657,1.866066966575346,24.34776218693166,3,3,0.9138698358686209,,"{""B"": 0.7862623404190053, ""L"": -0.35039387189712046, ""u2"": 0.7776923914873286}",1.1137083614405814,1.866066966575346,1.1136712040135759,1.8660298091483405
expanded,heavy,NGC2976,27,k2_L_Q,logsvt,4,7.598894771037188,0.3303867291755299,17.417076589219004,3.8884119187664368,20.782242235054504,5.1619038325932785,,3,3,0.9138695235865463,logQ,"{""B"": 0.7862617298754347, ""L"": -0.3503943333558461, ""Q"": 3.779960084468573e-11, ""u2"": 0.7776936229607206}",3.8884119187664368,5.1619038325932785,3.8883747613394313,5.161866675166273
expanded,heavy,NGC2976,27,k12,logsvt,3,9.028701830167053,0.37619590959029386,16.072180091036618,2.5435154205840504,18.91621242818004,3.2958740257188133,3629518159.0586977,2,3,0.9999300068039219,logu1,"{""B"": 3.4600600458879067, ""u1"": 3.775134544279111e-11, ""u2"": 0.09126529128455484}",2.5435154205840504,3.2958740257188133,2.543478263157045,3.2958368682918078
expanded,heavy,NGC2976,27,k12_Q,logsvt,4,9.028701831857585,0.39255225355902545,18.846883650039402,5.318218979586835,22.212049295874902,6.591710893413676,,2,3,0.9999289605627776,,"{""B"": 3.460062534282936, ""Q"": 5.412009590430416e-11, ""u1"": 6.564982991382221e-11, ""u2"": 0.09126522295444803}",5.318218979586835,6.591710893413676,5.318181822159829,6.591673735986671
expanded,heavy,NGC2976,27,k12_L,logsvt,4,7.358371554076511,0.3199291980033266,17.17655337225833,3.647888701805762,20.54171901809383,4.921380615632604,88878.93925665745,4,4,0.9999953350338232,,"{""B"": 6.595391107498927, ""L"": -5.099979305640959, ""u1"": 0.3554570421142828, ""u2"": 0.1793529749210978}",3.647888701805762,4.921380615632604,3.6478515443787565,4.921343458205598
expanded,heavy,NGC2976,27,k12_L_Q,logsvt,5,7.358371742446217,0.3344714428384644,20.215514599589074,6.686849929136507,23.837556072467862,8.217217670006637,1174852700.32827,4,5,0.9999999649622052,,"{""B"": 6.595394046323965, ""L"": -5.099976670930363, ""Q"": 1.2204965563595574e-06, ""u1"": 0.35545670200387575, ""u2"": 0.17935279086178585}",6.686849929136507,8.217217670006637,6.686812771709501,8.217180512579631
expanded,heavy,NGC2976,27,C,logsvt,1,97.55990838134888,3.7523041685134184,99.71990838134887,86.1912437108963,100.85574524735321,85.23540684489198,1.0,1,1,0.0,,"{""C"": 0.10309781913513905}",86.1912437108963,85.23540684489198,86.1912065534693,85.23536968746498
expanded,heavy,NGC2976,27,C_Q,logsvt,2,97.55990838663362,3.902396335465345,102.05990838663362,88.53124371618105,104.15158211864228,88.53124371618105,739737330.7725458,1,2,1.0,logQ,"{""C"": 0.1030978206066287, ""Q"": 3.7751422932452864e-11}",88.53124371618105,88.53124371618105,88.53120655875405,88.53120655875405
expanded,heavy,NGC2976,27,C_L,logsvt,2,30.70279980442356,1.2281119921769423,35.20279980442356,21.674135133970996,37.29447353643222,21.674135133970996,4809139138.026174,1,2,1.0,logC,"{""C"": 3.775134544524738e-11, ""L"": 0.5741518532937049}",21.674135133970996,21.674135133970996,21.67409797654399,21.67409797654399
expanded,heavy,NGC2976,27,C_L_Q,logsvt,3,30.702799805673433,1.279283325236393,37.746278066543,24.21761339609043,40.590310403686416,24.96997200122519,,1,2,1.0,logC;logQ,"{""C"": 3.7751345705823226e-11, ""L"": 0.5741518584742399, ""Q"": 3.775134652226323e-11}",24.21761339609043,24.96997200122519,24.217576238663426,24.969934843798185
expanded,heavy,NGC2976,27,C_k1,logsvt,3,30.70280434200138,1.2792835142500574,37.74628260287094,24.217617932418374,40.590314940014366,24.96997653755314,4848583798.106804,2,3,1.0,logC;logB,"{""B"": 1202604.2841647747, ""C"": 3.775134544279111e-11, ""u1"": 2.387118947011526e-07}",24.217617932418374,24.96997653755314,24.21758077499137,24.969939380126135
expanded,heavy,NGC2976,27,C_k1_Q,logsvt,4,30.70280434325124,1.3349045366630974,40.520986161433065,26.992321490980498,43.88615180726856,28.265813404807336,,2,3,1.0,logC;logB;logQ,"{""B"": 1202604.2840137328, ""C"": 3.775134553677175e-11, ""Q"": 3.775135286913735e-11, ""u1"": 2.3871189475815424e-07}",26.992321490980498,28.265813404807336,26.992284333553492,28.26577624738033
expanded,heavy,NGC2976,27,C_k1_L,logsvt,4,30.70279980442358,1.3349043393227644,40.5209816226054,26.99231695215283,43.886147268440894,28.26580886597967,,1,2,1.0,logC,"{""B"": 1.4437614424227833e-07, ""C"": 3.775135155524238e-11, ""L"": 0.5741518591193608, ""u1"": 3.314593247147876e-08}",26.99231695215283,28.26580886597967,26.992279794725825,28.265771708552663
expanded,heavy,NGC2976,27,C_k1_L_Q,logsvt,5,30.702799805723707,1.3955818093510777,43.55994266286656,30.031277992413994,47.18198413574535,31.561645733284127,,1,4,1.0,logC,"{""B"": 0.002800797323928855, ""C"": 3.780616884742097e-11, ""L"": 0.5741518552315383, ""Q"": 3.8761394338258096e-11, ""u1"": 2.5452321240995636e-07}",30.031277992413994,31.561645733284127,30.03124083498699,31.56160857585712
expanded,heavy,NGC2976,27,C_k2,logsvt,3,9.028701833424016,0.37619590972600064,16.072180094293582,2.543515423841015,18.916212431437003,3.2958740289757777,4206457235.1409497,2,3,1.0,logC,"{""B"": 3.4600585848063066, ""C"": 3.775134544801843e-11, ""u2"": 0.09126533146672466}",2.543515423841015,3.2958740289757777,2.5434782664140094,3.2958368715487723
expanded,heavy,NGC2976,27,C_k2_Q,logsvt,4,9.028701835169205,0.3925522537030089,18.84688365335102,5.318218982898454,22.21204929918652,6.591710896725296,6281982738.163125,2,4,1.0,logC,"{""B"": 3.4601026192754496, ""C"": 3.775134544286542e-11, ""Q"": 7.664014370316734e-06, ""u2"": 0.09126472274056337}",5.318218982898454,6.591710896725296,5.318181825471449,6.59167373929829
expanded,heavy,NGC2976,27,C_k2_L,logsvt,4,7.598894772852479,0.3303867292544556,17.417076591034295,3.888411920581728,20.782242236869795,5.1619038344085695,7136691280.265329,3,4,0.992904359445342,logC,"{""B"": 0.7862621609219779, ""C"": 3.775134544284624e-11, ""L"": -0.35039402948004666, ""u2"": 0.7776927764599394}",3.888411920581728,5.1619038344085695,3.8883747631547223,5.161866676981564
expanded,heavy,NGC2976,27,C_k2_L_Q,logsvt,5,7.59889477307979,0.34540430786726317,20.45603763022265,6.927372959770082,24.078079103101437,8.457740700640212,,3,4,0.9823894116544565,,"{""B"": 0.7862621664100337, ""C"": 4.127256343347369e-11, ""L"": -0.3503940237210299, ""Q"": 1.7253342743395184e-10, ""u2"": 0.7776927637620855}",6.927372959770082,8.457740700640212,6.927335802343077,8.457703543213206
expanded,heavy,NGC2976,27,C_k12,logsvt,4,9.028701835711507,0.39255225372658725,18.846883653893325,5.318218983440758,22.212049299728825,6.5917108972676,4913226112.297863,2,4,1.0,logC;logu1,"{""B"": 3.4600597651921, ""C"": 3.775134544589169e-11, ""u1"": 3.7751534553884234e-11, ""u2"": 0.09126529905048894}",5.318218983440758,6.5917108972676,5.3181818260137526,6.591673739840594
expanded,heavy,NGC2976,27,C_k12_Q,logsvt,5,9.028701839357918,0.41039553815263263,21.885844696500776,8.357180026048209,25.507886169379564,9.887547766918338,5966544303.364986,2,5,1.0,,"{""B"": 3.460078043829682, ""C"": 5.6840348314684315e-11, ""Q"": 3.000089113621278e-06, ""u1"": 4.038650993085782e-11, ""u2"": 0.09126503204360098}",8.357180026048209,9.887547766918338,8.357142868621203,9.887510609491333
expanded,heavy,NGC2976,27,C_k12_L,logsvt,5,7.358371613281321,0.3344714369673328,20.21551447042418,6.686849799971611,23.837555943302966,8.217217540841741,3492005489.5945272,4,5,1.0,,"{""B"": 6.595395172462679, ""C"": 1.3872123931885678e-09, ""L"": -5.099984451393475, ""u1"": 0.3554571948445767, ""u2"": 0.1793530109472986}",6.686849799971611,8.217217540841741,6.686812642544606,8.217180383414735
expanded,heavy,NGC2976,27,C_k12_L_Q,logsvt,6,7.358371572846563,0.3503986463260268,23.558371572846564,10.029706902393997,27.13339276887254,11.513054366411314,6405055057.126051,4,6,1.0,,"{""B"": 6.5954969297781085, ""C"": 4.211014388191166e-10, ""L"": -5.100051349286307, ""Q"": 5.127584991354046e-09, ""u1"": 0.3554567999987746, ""u2"": 0.17935105012200123}",10.029706902393997,11.513054366411314,10.029669744966991,11.513017208984309
expanded,heavy,NGC2976,27,cored_log,cored_log,2,9.028701827879573,0.36114807311518293,13.528701827879573,3.71574270054964e-05,15.620375559888231,3.71574270054964e-05,98.0733333889387,2,2,0.9996902464532126,,"{""H"": 13.840231622266883, ""Rc"": 3.3101451502155523}",3.71574270054964e-05,3.71574270054964e-05,0.0,0.0
expanded,heavy,NGC2976,27,pISO,piso,2,9.028664670452567,0.3611465868181027,13.528664670452567,0.0,15.620338402461226,0.0,99.74430892085078,2,2,0.9997004936979844,,"{""H"": 24.476832145431008, ""Rc"": 2.5411428368668347}",0.0,0.0,-3.71574270054964e-05,-3.71574270054964e-05
expanded,heavy,NGC2976,27,NFW,nfw,2,30.77064323205598,1.2308257292822393,35.27064323205598,21.741978561603414,37.36231696406464,21.741978561603414,39.0435402601111,2,2,0.9980591698145348,,"{""V200"": 8.865704113225167, ""c"": 0.6293314012435278}",21.741978561603414,21.741978561603414,21.74194140417641,21.74194140417641
expanded,heavy,NGC3198,43,baryons,logsvt,0,21477.205274327156,499.4698901006315,21477.205274327156,21424.722020671597,21477.205274327156,21421.499620440212,,0,0,,,{},21405.50320016877,21402.280799937384,21424.722020671597,21421.499620440212
expanded,heavy,NGC3198,43,Q,logsvt,1,21477.205275613378,511.3620303717471,21479.302836588988,21426.81958293343,21480.96647572907,21425.260821842126,1.0,1,1,0.0,logQ,"{""Q"": 3.7751345473396964e-11}",21407.6007624306,21406.042001339298,21426.81958293343,21425.260821842126
expanded,heavy,NGC3198,43,L,logsvt,1,1355.1960068141784,32.26657159081377,1357.293567789788,1304.8103141342306,1358.957206929872,1303.2515530429273,1.0,1,1,0.0,,"{""L"": 1.1983012321869129}",1285.5914936314011,1284.0327325400979,1304.8103141342306,1303.2515530429273
expanded,heavy,NGC3198,43,L_Q,logsvt,2,114.70868235113068,2.79777274027148,119.00868235113067,66.52542869557321,122.2310825825178,66.52542869557321,6.3509540965896765,2,2,0.9503027773998577,,"{""L"": 2.2688971898980976, ""Q"": 1.5781523165167406}",47.30660819274378,47.30660819274378,66.52542869557321,66.52542869557321
expanded,heavy,NGC3198,43,k1,logsvt,2,136.69622203791604,3.3340541960467327,140.99622203791606,88.5129683823586,144.21862226930318,88.5129683823586,7.741550402928314,2,2,0.9466123968201987,,"{""B"": 0.6025975622356798, ""u1"": 2.520867438453929}",69.29414787952916,69.29414787952916,88.5129683823586,88.5129683823586
expanded,heavy,NGC3198,43,k1_Q,logsvt,3,91.58352843117089,2.2895882107792724,98.1989130465555,45.71565939099804,102.86712877825158,47.161474891306995,60.9993377601446,3,3,0.9964490775828646,,"{""B"": 1.214985487540841, ""Q"": 0.4997305391017664, ""u1"": 1.0583434555740092}",26.49683888816861,27.942654388477564,45.71565939099804,47.161474891306995
expanded,heavy,NGC3198,43,k1_L,logsvt,3,88.75947348106232,2.218986837026558,95.37485809644693,42.891604440889466,100.04307382814301,44.33741994119842,348.27362417636067,3,3,0.998338880252576,,"{""B"": 3.3968652359195053, ""L"": -1.9580845653309196, ""u1"": 0.6647975120467059}",23.672783938060036,25.11859943836899,42.891604440889466,44.33741994119842
expanded,heavy,NGC3198,43,k1_L_Q,logsvt,4,88.75947348124856,2.27588393541663,97.81210506019593,45.32885140463847,103.80427394402281,48.09862005707822,,3,3,0.9983388776885127,logQ,"{""B"": 3.3968574652612302, ""L"": -1.9580807768457311, ""Q"": 3.77516518491871e-11, ""u1"": 0.6647985306745037}",26.11003090180904,28.87979955424879,45.32885140463847,48.09862005707822
expanded,heavy,NGC3198,43,k2,logsvt,2,48.1832536555575,1.1752013086721342,52.4832536555575,3.552713678800501e-14,55.705653886944624,3.552713678800501e-14,4.9706867760047455,2,2,0.6949927907214682,,"{""B"": 0.2055870000726689, ""u2"": 27.94685367756211}",-19.218820502829395,-19.218820502829395,3.552713678800501e-14,3.552713678800501e-14
expanded,heavy,NGC3198,43,k2_Q,logsvt,3,48.11584667243717,1.2028961668109293,54.731231287821785,2.2479776322643232,59.39944701951786,3.693793132573269,464.13526950776287,3,3,0.9247702732628468,,"{""B"": 0.20712216812959686, ""Q"": 0.009797755843547478, ""u2"": 27.595432556508975}",-16.970842870565107,-15.525027370256161,2.2479776322643232,3.693793132573269
expanded,heavy,NGC3198,43,k2_L,logsvt,3,48.02619252313504,1.2006548130783758,54.64157713851965,2.1583234829621887,59.30979287021572,3.6041389832711346,14.72217053600971,3,3,0.9765763017610107,,"{""B"": 0.20996767637572442, ""L"": -0.021816669091079943, ""u2"": 27.391871117669904}",-17.060497019867242,-15.614681519558296,2.1583234829621887,3.6041389832711346
expanded,heavy,NGC3198,43,k2_L_Q,logsvt,4,48.026192526823635,1.231440834021119,57.078824105771005,4.595570450213543,63.07099298959788,7.365339102653294,2379601367.161804,3,4,0.9866055893635425,,"{""B"": 0.20996767655927753, ""L"": -0.02181666979852691, ""Q"": 5.331762959453416e-10, ""u2"": 27.39187108998286}",-14.623250052615887,-11.853481400176136,4.595570450213543,7.365339102653294
expanded,heavy,NGC3198,43,k12,logsvt,3,48.077604733941754,1.2019401183485439,54.69298934932637,2.2097356937689057,59.36120508102244,3.6555511940778516,377.85637308284277,3,3,0.9177919434429621,,"{""B"": 0.20693710478848878, ""u1"": 0.20542082315493823, ""u2"": 27.421584193618504}",-17.009084809060525,-15.563269308751579,2.2097356937689057,3.6555511940778516
expanded,heavy,NGC3198,43,k12_Q,logsvt,4,47.7242028051405,1.2236975078241155,56.77683438408787,4.293580728530408,62.76900326791475,7.063349380970159,292.063846258204,4,4,0.9781169719769721,,"{""B"": 0.21380599559902616, ""Q"": 0.02953467237717793, ""u1"": 0.49650144635930143, ""u2"": 25.589540656599294}",-14.925239774299023,-12.155471121859271,4.293580728530408,7.063349380970159
expanded,heavy,NGC3198,43,k12_L,logsvt,4,47.18147757920252,1.2097814763898083,56.23410915814989,3.7508555025924295,62.22627804197677,6.520624155032181,194.04446409475312,4,4,0.9828388243412113,,"{""B"": 0.22893846880542984, ""L"": -0.08284246422026842, ""u1"": 0.8107386372925863, ""u2"": 23.737178459854473}",-15.467965000237001,-12.69819634779725,3.7508555025924295,6.520624155032181
expanded,heavy,NGC3198,43,k12_L_Q,logsvt,5,47.18147758160351,1.2416178310948291,58.80309920322513,6.3198455476676685,65.98747816007132,10.28182427312673,3950207354.486626,4,5,0.9995041938831385,,"{""B"": 0.2289384966857623, ""L"": -0.08284254363668085, ""Q"": 1.759763684278278e-10, ""u1"": 0.8107399233424283, ""u2"": 23.73717327046605}",-12.898974955161762,-8.9369962297027,6.3198455476676685,10.28182427312673
expanded,heavy,NGC3198,43,C,logsvt,1,2669.378792893381,63.556637926032884,2671.476353868991,2618.9931002134335,2673.1399930090747,2617.43433912213,1.0,1,1,0.0,,"{""C"": 0.5083527197339388}",2599.774279710604,2598.215518619301,2618.9931002134335,2617.43433912213
expanded,heavy,NGC3198,43,C_Q,logsvt,2,2669.3787930875515,65.10679983140369,2673.6787930875516,2621.1955394319943,2676.9011933189386,2621.195539431994,2897090219.411405,1,2,1.0,logQ,"{""C"": 0.5083527176455459, ""Q"": 3.775134555430281e-11}",2601.9767189291647,2601.9767189291647,2621.1955394319943,2621.195539431994
expanded,heavy,NGC3198,43,C_L,logsvt,2,462.17497975313256,11.27256048178372,466.4749797531326,413.9917260975751,469.69737998451967,413.9917260975751,3.7848030989004324,2,2,0.7858228117060614,,"{""C"": 0.21143557017908554, ""L"": 0.7830563020499827}",394.7729055947457,394.7729055947457,413.9917260975751,413.9917260975751
expanded,heavy,NGC3198,43,C_L_Q,logsvt,3,112.81017457260717,2.820254364315179,119.42555918799178,66.94230553243432,124.09377491968786,68.38812103274327,102.62434003578007,3,3,0.9761373492828299,,"{""C"": 0.017018626956350556, ""L"": 2.1749102869923456, ""Q"": 1.4891309736610343}",47.72348502960489,49.16930052991384,66.94230553243432,68.38812103274327
expanded,heavy,NGC3198,43,C_k1,logsvt,3,136.69622205841605,3.4174055514604014,143.31160667380067,90.8283530182432,147.97982240549675,92.27416851855216,,2,2,0.9466123936841275,logC,"{""B"": 0.6025975655277875, ""C"": 3.775134544706712e-11, ""u1"": 2.5208674038659655}",71.60953251541378,73.05534801572273,90.8283530182432,92.27416851855216
expanded,heavy,NGC3198,43,C_k1_Q,logsvt,4,91.58352844622283,2.3482956011852005,100.6361600251702,48.15290636961274,106.62832890899708,50.92267502205249,39509262604.43533,3,4,1.0,logC,"{""B"": 1.2149852984100866, ""C"": 3.7751345442878154e-11, ""Q"": 0.499730452106221, ""u1"": 1.0583436577182497}",28.934085866783306,31.703854519223057,48.15290636961274,50.92267502205249
expanded,heavy,NGC3198,43,C_k1_L,logsvt,4,88.75947349711706,2.275883935823514,97.81210507606443,45.328851420506965,103.8042739598913,48.098620072946716,70201177272.16385,3,4,1.0,logC,"{""B"": 3.3968655485937806, ""C"": 3.7751390223774476e-11, ""L"": -1.9580847137399011, ""u1"": 0.6647974698677228}",26.110030917677534,28.879799570117285,45.328851420506965,48.098620072946716
expanded,heavy,NGC3198,43,C_k1_L_Q,logsvt,5,88.75947349836254,2.3357756183779617,100.38109511998417,47.897841464426705,107.56547407683036,51.85982018988577,95578271830.30743,3,5,1.0,,"{""B"": 3.3968539109226246, ""C"": 3.964883119222438e-11, ""L"": -1.9580790372365866, ""Q"": 9.067746537645281e-11, ""u1"": 0.6647989946775477}",28.679020961597274,32.640999687056336,47.897841464426705,51.85982018988577
expanded,heavy,NGC3198,43,C_k2,logsvt,3,46.81265589832015,1.1703163974580038,53.428040513704765,0.9447868581473031,58.09625624540084,2.390602358456249,100.1589970811161,3,3,0.8841127697162188,,"{""B"": 0.20093925803360002, ""C"": 0.023242834499907297, ""u2"": 25.587070082456588}",-18.274033644682127,-16.82821814437318,0.9447868581473031,2.390602358456249
expanded,heavy,NGC3198,43,C_k2_Q,logsvt,4,46.367141014874235,1.188901051663442,55.419772593821605,2.9365189382641432,61.41194147764848,5.706287590703894,184.47910031035426,4,4,0.8481135627925819,,"{""B"": 0.2044647454409627, ""C"": 0.027562510796515168, ""Q"": 0.02724322531821556, ""u2"": 24.281758304117062}",-16.282301564565287,-13.512532912125536,2.9365189382641432,5.706287590703894
expanded,heavy,NGC3198,43,C_k2_L,logsvt,4,45.78298117087018,1.1739225941248763,54.83561274981755,2.3523590942600876,60.82778163364443,5.122127746699839,105.76633211014098,4,4,0.9355725051643965,,"{""B"": 0.21233132644356736, ""C"": 0.03299742882968409, ""L"": -0.06506736907579012, ""u2"": 23.28551552760545}",-16.866461408569343,-14.096692756129592,2.3523590942600876,5.122127746699839
expanded,heavy,NGC3198,43,C_k2_L_Q,logsvt,5,45.782981171688235,1.2048152939917955,57.404602793309856,4.921349137752394,64.58898175015605,8.883327863211463,,4,4,0.9355724563150082,,"{""B"": 0.21233131180191087, ""C"": 0.03299737030334747, ""L"": -0.06506724679358417, ""Q"": 4.9123847749860614e-11, ""u2"": 23.28552354230842}",-14.297471365077037,-10.335492639617968,4.921349137752394,8.883327863211463
expanded,heavy,NGC3198,43,C_k12,logsvt,4,46.812655898438976,1.200324510216384,55.865287477386346,3.382033821828884,61.857456361213224,6.151802474268635,,3,3,0.8841127697836374,logu1,"{""B"": 0.20093924867420435, ""C"": 0.023242915699977076, ""u1"": 3.787351050537721e-11, ""u2"": 25.587058487586805}",-15.836786681000547,-13.067018028560796,3.382033821828884,6.151802474268635
expanded,heavy,NGC3198,43,C_k12_Q,logsvt,5,46.36714101647351,1.220187921486145,57.98876263809513,5.50550898253767,65.17314159494133,9.467487707996739,5428332174.362696,4,5,0.990321915791063,,"{""B"": 0.20446473823822714, ""C"": 0.027562479974129164, ""Q"": 0.027243146706363405, ""u1"": 9.573823269158344e-10, ""u2"": 24.281763985785236}",-13.71331152029176,-9.751332794832692,5.50550898253767,9.467487707996739
expanded,heavy,NGC3198,43,C_k12_L,logsvt,5,45.782981171282124,1.2048152939811085,57.404602792903745,4.921349137346283,64.58898174974993,8.883327862805345,5.6386754261346765e+17,4,4,1.0,,"{""B"": 0.2123313202150157, ""C"": 0.03299743285931985, ""L"": -0.06506734488779051, ""u1"": 3.4386563623325006e-10, ""u2"": 23.285515935071153}",-14.297471365483148,-10.335492640024086,4.921349137346283,8.883327862805345
expanded,heavy,NGC3198,43,C_k12_L_Q,logsvt,6,45.78298118471645,1.2373778698572013,60.11631451804978,7.6330608624923215,68.35018187887782,12.64452799193323,4000142822.252278,4,6,0.9995018242014221,,"{""B"": 0.21233132602151747, ""C"": 0.032997441446575945, ""L"": -0.06506737749692858, ""Q"": 7.40861944403843e-10, ""u1"": 1.3468246320083832e-09, ""u2"": 23.285514193625836}",-11.585759640337109,-6.5742925108962,7.6330608624923215,12.64452799193323
expanded,heavy,NGC3198,43,cored_log,cored_log,2,48.183253655557465,1.1752013086721333,52.48325365555746,0.0,55.70565388694459,0.0,2.8429640470810353,2,2,0.6949927940150984,,"{""H"": 0.8223480011017347, ""Rc"": 0.18916184461342408}",-19.21882050282943,-19.21882050282943,0.0,0.0
expanded,heavy,NGC3198,43,pISO,piso,2,67.4020741583869,1.643953028253339,71.70207415838689,19.21882050282943,74.92447438977402,19.21882050282943,3.7881307683776058,2,2,0.8099444645771573,,"{""H"": 0.9787226871728191, ""Rc"": 0.10451719910017387}",0.0,0.0,19.21882050282943,19.21882050282943
expanded,heavy,NGC3198,43,NFW,nfw,2,112.9970510346592,2.756025634991688,117.29705103465919,64.81379737910173,120.51945126604632,64.81379737910173,6.297783549058337,2,2,0.9170757954159781,,"{""V200"": 0.8584362069575778, ""c"": 5.61894256255414}",45.5949768762723,45.5949768762723,64.81379737910173,64.81379737910173
expanded,heavy,NGC3521,41,baryons,logsvt,0,338.66280549232044,8.260068426641961,338.66280549232044,326.78468255016753,338.66280549232044,322.2926149987033,,0,0,,,{},236.33169864305592,233.22034398333153,236.33170266403272,233.22034800430833
expanded,heavy,NGC3521,41,Q,logsvt,1,338.6628055268965,8.466570138172411,340.76536962946057,328.88724668730765,342.3763775936008,326.00618709998366,1.0,1,1,0.0,logQ,"{""Q"": 3.7751345455227896e-11}",238.43426278019604,236.9339160846119,238.43426680117284,236.9339201055887
expanded,heavy,NGC3521,41,L,logsvt,1,163.72833795769267,4.093208448942317,165.8309020602568,153.9527791181039,167.44191002439698,151.07171953077983,1.0,1,1,0.0,,"{""L"": 0.4094822649658143}",63.499795210992275,61.99944851540805,63.49979923196908,61.99945253638485
expanded,heavy,NGC3521,41,L_Q,logsvt,2,163.72833796276757,4.198162511865835,168.0441274364518,156.1660044942989,171.15548209617617,154.78529160255903,,1,1,0.0,logQ,"{""L"": 0.40948225767289864, ""Q"": 3.775134691982883e-11}",65.71302058718727,65.71302058718724,65.71302460816408,65.71302460816405
expanded,heavy,NGC3521,41,k1,logsvt,2,163.72834732945154,4.198162752037219,168.04413680313576,156.16601386098287,171.15549146286014,154.785300969243,51969148.21491883,2,2,1.0,logB,"{""B"": 1202604.284164326, ""u1"": 1.7024813955698198e-07}",65.71302995387124,65.71302995387121,65.71303397484805,65.71303397484802
expanded,heavy,NGC3521,41,k1_Q,logsvt,3,163.72834733452646,4.308640719329643,170.3769959831751,158.49887304102222,174.8690635346394,158.49887304102225,4745694808.82577,2,3,1.0,logB;logQ,"{""B"": 1202604.283692874, ""Q"": 3.775134544352676e-11, ""u1"": 1.7024813982087734e-07}",68.04588913391059,69.42660202565047,68.0458931548874,69.42660604662727
expanded,heavy,NGC3521,41,k1_L,logsvt,3,163.7283379576926,4.308640472570858,170.37698660634123,158.49886366418835,174.86905415780552,158.49886366418838,,1,1,0.0,logB;logu1,"{""B"": 3.775197629937582e-11, ""L"": 0.4094822543530612, ""u1"": 3.7752591043234774e-11}",68.04587975707672,69.4265926488166,68.04588377805352,69.4265966697934
expanded,heavy,NGC3521,41,k1_L_Q,logsvt,4,163.72833796339097,4.425090215226783,172.83944907450208,160.9613261323492,178.5826262302082,162.21243573659103,,1,3,1.0,,"{""B"": 0.0003926651069681115, ""L"": 0.4094822092788215, ""Q"": 3.997566106168602e-11, ""u1"": 5.543777904739292e-05}",70.50834222523757,73.14016472121928,70.50834624621437,73.14016874219608
expanded,heavy,NGC3521,41,k2,logsvt,2,98.01531193871622,2.513213126633749,102.33110141240043,90.45297847024754,105.44245607212484,89.07226557850768,117026156.6393082,1,2,0.9999999999999999,logB,"{""B"": 1202601.2268314834, ""u2"": 1.3380608059071977e-07}",-5.436864086050264e-06,-5.436864086050264e-06,-1.4158872829739266e-06,-1.4158872829739266e-06
expanded,heavy,NGC3521,41,k2_Q,logsvt,3,98.0153119390345,2.5793503141851186,104.66396058768315,92.78583764553026,109.15602813914742,92.78583764553026,,1,2,1.0,logB;logQ,"{""B"": 1201790.8975003448, ""Q"": 3.7797593303684125e-11, ""u2"": 1.3389630057081384e-07}",2.3328537384186347,3.713566630158496,2.332857759395438,3.7135706511352993
expanded,heavy,NGC3521,41,k2_L,logsvt,3,5.229474293504235,0.13761774456590092,11.878122942152885,0.0,16.37019049361716,0.0,24.303461760575974,3,3,0.6960646438920923,,"{""B"": 1.048072140393829, ""L"": -2.211215803337928, ""u2"": 1.8290452746371906}",-90.45298390711163,-89.07227101537177,-90.45297988613483,-89.07226699439497
expanded,heavy,NGC3521,41,k2_L_Q,logsvt,4,5.229474293553961,0.14133714306902598,14.340585404665072,2.462462462512187,20.08376256037119,3.7135720667540326,8739059111.482933,3,4,0.9673874351736279,logQ,"{""B"": 1.0480721456537725, ""L"": -2.2112158183628696, ""Q"": 3.7751345442810694e-11, ""u2"": 1.829045277222247}",-87.99052144459944,-85.35869894861773,-87.99051742362263,-85.35869492764093
expanded,heavy,NGC3521,41,k12,logsvt,3,98.01545036593922,2.5793539569984003,104.66409901458786,92.78597607243498,109.15616656605214,92.78597607243498,4924853.64167682,3,3,1.0,logu1,"{""B"": 8174.14854102698, ""u1"": 3.7751345442953796e-11, ""u2"": 1.9686134902001073e-05}",2.332992165323347,3.7137050570632084,2.33299618630015,3.7137090780400115
expanded,heavy,NGC3521,41,k12_Q,logsvt,4,98.01545036593895,2.649066226106458,107.12656147705006,95.24843853489718,112.86973863275618,96.49954813913902,,3,3,1.0,logu1,"{""B"": 8173.60004374949, ""Q"": 3.8410076983022013e-11, ""u1"": 3.775134544279125e-11, ""u2"": 1.9687455999095498e-05}",4.795454627785546,7.427277123767254,4.795458648762349,7.427281144744057
expanded,heavy,NGC3521,41,k12_L,logsvt,4,5.229474293539303,0.1413371430686298,14.340585404650414,2.4624624624975286,20.083762560356533,3.713572066739374,5600895864.188117,3,4,0.9818166382736471,,"{""B"": 1.0480721427206772, ""L"": -2.2112157968700754, ""u1"": 6.297680739877273e-11, ""u2"": 1.8290452567454891}",-87.9905214446141,-85.3586989486324,-87.9905174236373,-85.35869492765559
expanded,heavy,NGC3521,41,k12_L_Q,logsvt,5,5.229474297498902,0.14526317493052504,16.943760011784615,5.06563706963173,23.79733463102044,7.427144137403282,5181889081.186493,3,5,0.9976719939620817,,"{""B"": 1.0480721472912036, ""L"": -2.2112158290418833, ""Q"": 2.9572290539907435e-09, ""u1"": 1.7920953137021548e-10, ""u2"": 1.8290452895484133}",-85.3873468374799,-81.6451268779685,-85.3873428165031,-81.64512285699169
expanded,heavy,NGC3521,41,C,logsvt,1,331.6165845519183,8.290414613797958,333.7191486544824,321.8410257123295,335.33015661862265,318.9599661250055,1.0,1,1,0.0,,"{""C"": 0.03536881008990638}",231.38804180521788,229.88769510963374,231.38804582619468,229.88769913061054
expanded,heavy,NGC3521,41,C_Q,logsvt,2,331.61658458188265,8.5029893482534,335.93237405556687,324.054251113414,339.04372871529125,322.6735382216741,247400334.3670037,1,2,1.0,logQ,"{""C"": 0.035368814347452635, ""Q"": 3.775162966487104e-11}",233.60126720630234,233.60126720630234,233.60127122727914,233.60127122727914
expanded,heavy,NGC3521,41,C_L,logsvt,2,163.72833799902045,4.198162512795396,168.04412747270467,156.1660045305518,171.15548213242906,154.78529163881188,1757942277.5643213,1,2,1.0,logC,"{""C"": 3.775134544279111e-11, ""L"": 0.40948225439355407}",65.71302062344016,65.71302062344013,65.71302464441696,65.71302464441693
expanded,heavy,NGC3521,41,C_L_Q,logsvt,3,163.7283380040954,4.308640473791985,170.37698665274405,158.49886371059117,174.86905420420834,158.4988637105912,,1,1,0.0,logC;logQ,"{""C"": 3.7751345869342797e-11, ""L"": 0.4094822538339631, ""Q"": 3.77513466891763e-11}",68.04587980347954,69.42659269521941,68.04588382445634,69.42659671619622
expanded,heavy,NGC3521,41,C_k1,logsvt,3,163.7283473707794,4.308640720283669,170.37699601942805,158.49887307727516,174.86906357089234,158.49887307727516,1445502123.6418316,2,3,1.0,logC;logB,"{""B"": 1202604.2840887923, ""C"": 3.775134544279111e-11, ""u1"": 1.7024813939188949e-07}",68.04588917016353,69.42660206190341,68.04589319114034,69.42660608288021
expanded,heavy,NGC3521,41,C_k1_Q,logsvt,4,163.72834737585652,4.425090469617744,172.83945848696763,160.96133554481474,178.58263564267375,162.21244514905658,,2,3,1.0,logC;logB;logQ,"{""B"": 1202604.2687700586, ""C"": 3.7752900436122395e-11, ""Q"": 3.775297063073161e-11, ""u1"": 1.7024814338607544e-07}",70.50835163770311,73.14017413368482,70.50835565867992,73.14017815466163
expanded,heavy,NGC3521,41,C_k1_L,logsvt,4,163.7283379990348,4.42509021619013,172.83944911014592,160.96132616799304,178.58262626585204,162.21243577223487,9091354040.030495,1,4,1.0,logC,"{""B"": 0.005460224699462586, ""C"": 3.775231603589777e-11, ""L"": 0.40948222281087054, ""u1"": 3.0064644248906255e-06}",70.5083422608814,73.14016475686311,70.50834628185821,73.14016877783992
expanded,heavy,NGC3521,41,C_k1_L_Q,logsvt,5,163.72833800422532,4.548009389006259,175.44262371851104,163.56450077635816,182.29619833774686,165.92600784412969,,1,2,1.0,logC,"{""B"": 9.820218241736335e-11, ""C"": 3.7751375622907046e-11, ""L"": 0.4094822532407672, ""Q"": 3.871656404082123e-11, ""u1"": 2.030686916799615e-08}",73.11151686924653,76.85373682875793,73.11152089022333,76.85374084973473
expanded,heavy,NGC3521,41,C_k2,logsvt,3,98.01531197659355,2.5793503151735147,104.6639606252422,92.78583768308931,109.15602817670647,92.78583768308931,1368226704.753661,1,3,1.0,logC;logB,"{""B"": 1202603.3025472737, ""C"": 3.775134544279111e-11, ""u2"": 1.338058592434244e-07}",2.332853775977682,3.7135666677175436,2.3328577969544853,3.7135706886943467
expanded,heavy,NGC3521,41,C_k2_Q,logsvt,4,98.01531197673822,2.64906248585779,107.12642308784933,95.24830014569645,112.86960024355545,96.4994097499383,2376955545.4034653,1,4,1.0,logC;logB,"{""B"": 1202375.1183947737, ""C"": 3.775134544279111e-11, ""Q"": 3.82546820053886e-05, ""u2"": 1.3383919666343785e-07}",4.795316238584817,7.427138734566526,4.7953202595616204,7.427142755543329
expanded,heavy,NGC3521,41,C_k2_L,logsvt,4,5.229474294026205,0.14133714308178932,14.340585405137315,2.46246246298443,20.083762560843436,3.713572067226277,5390461402.528644,3,4,0.9861131808486568,logC,"{""B"": 1.0480721438463072, ""C"": 3.77513454446087e-11, ""L"": -2.211215829380946, ""u2"": 1.8290452993288933}",-87.9905214441272,-85.35869894814549,-87.9905174231504,-85.35869492716868
expanded,heavy,NGC3521,41,C_k2_L_Q,logsvt,5,5.2294742940759456,0.14526317483544293,16.94376000836166,5.065637066208776,23.797334627597486,7.4271441339803275,,3,4,0.9647350676318828,logC;logQ,"{""B"": 1.0480721386667788, ""C"": 3.7751345524908324e-11, ""L"": -2.2112157852822687, ""Q"": 3.775134769555749e-11, ""u2"": 1.8290452545183855}",-85.38734684090285,-81.64512688139143,-85.38734281992605,-81.64512286041463
expanded,heavy,NGC3521,41,C_k12,logsvt,4,98.0154504038256,2.6490662271304215,107.12656151493671,95.24843857278383,112.86973867064283,96.49954817702567,,3,3,1.0,logC;logu1,"{""B"": 8170.600452866787, ""C"": 3.775134544279111e-11, ""u1"": 3.775134544279111e-11, ""u2"": 1.969468380004408e-05}",4.795454665672196,7.427277161653905,4.795458686648999,7.427281182630708
expanded,heavy,NGC3521,41,C_k12_Q,logsvt,5,98.0154504038181,2.722651400106058,109.7297361181038,97.85161317595092,116.58331073733963,100.21312024372247,,3,4,1.0,logC;logu1,"{""B"": 8173.7445546567615, ""C"": 3.7753159627922917e-11, ""Q"": 1.7858883673561896e-10, ""u1"": 3.775134544440015e-11, ""u2"": 1.968710791940006e-05}",7.3986292688392865,11.140849228350703,7.39863328981609,11.140853249327506
expanded,heavy,NGC3521,41,C_k12_L,logsvt,5,5.229474294889398,0.14526317485803883,16.94376000917511,5.065637067022227,23.797334628410937,7.427144134793778,5482481548.633696,3,5,0.9995581379115236,,"{""B"": 1.0480721417972334, ""C"": 9.257740565537746e-11, ""L"": -2.2112158130531188, ""u1"": 1.8881324238926366e-10, ""u2"": 1.8290452832322415}",-85.3873468400894,-81.64512688057799,-85.3873428191126,-81.64512285960119
expanded,heavy,NGC3521,41,C_k12_L_Q,logsvt,6,5.229474294101116,0.14941355126003186,19.700062529395233,7.821939587242348,27.510906694326962,11.140716200709804,,3,5,0.9996383061977973,logC,"{""B"": 1.048072140636116, ""C"": 3.7754489854771376e-11, ""L"": -2.2112157917402597, ""Q"": 3.8593580170261046e-11, ""u1"": 4.314812029702953e-11, ""u2"": 1.8290452569893267}",-82.63104431986929,-77.93155481466196,-82.63104029889249,-77.93155079368516
expanded,heavy,NGC3521,41,cored_log,cored_log,2,98.0153133546035,2.5132131629385515,102.33110282828771,90.45297988613483,105.44245748801212,89.07226699439497,23513079.1308329,2,2,1.0,logH,"{""H"": 1202604.2841629353, ""Rc"": 1366.8868654012413}",-4.020976803076337e-06,-4.020976803076337e-06,0.0,0.0
expanded,heavy,NGC3521,41,pISO,piso,2,98.01531737558031,2.5132132660405206,102.33110684926451,90.45298390711163,105.44246150898893,89.07227101537177,5144.142308404765,2,2,0.9999998819121606,,"{""H"": 696749.6958945803, ""Rc"": 600.6827671306546}",0.0,0.0,4.020976803076337e-06,4.020976803076337e-06
expanded,heavy,NGC3521,41,NFW,nfw,2,164.29801452226454,4.212769603134988,168.61380399594876,156.73568105379587,171.72515865567314,155.35496816205597,233.12714275335117,2,2,0.9999339621360215,logc,"{""V200"": 3.9172305542121912, ""c"": 0.5000000020659965}",66.28269714668424,66.28269714668421,66.28270116766105,66.28270116766102
expanded,heavy,NGC5055,28,baryons,logsvt,0,42922.15824383153,1532.9342229939832,42922.15824383153,40243.32347514811,42922.15824383153,40240.326861617585,,0,0,,,{},28606.86039001271,28604.67598099236,28619.009075190046,28616.824666169698
expanded,heavy,NGC5055,28,Q,logsvt,1,42922.15824700331,1589.7095647038263,42924.312093157154,40245.47732447373,42925.490451513484,40243.65906929954,1.0,1,1,0.0,logQ,"{""Q"": 3.775134544638217e-11}",28609.014239338332,28608.008188674314,28621.16292451567,28620.15687385165
expanded,heavy,NGC5055,28,L,logsvt,1,17852.473744283925,661.202731269775,17854.627590437773,15175.792821754352,17855.8059487941,15173.974566580153,1.0,1,1,0.0,,"{""L"": 0.5974001683507729}",3539.329736618951,3538.323685954927,3551.478421796288,3550.472371132264
expanded,heavy,NGC5055,28,L_Q,logsvt,2,17852.473744482726,686.633605557028,17856.953744482726,15178.118975799305,17859.138153503078,15177.306771289132,,1,1,0.0,logQ,"{""L"": 0.5974001647689793, ""Q"": 3.7751345743732164e-11}",3541.655890663904,3541.6558906639057,3553.804575841241,3553.8045758412427
expanded,heavy,NGC5055,28,k1,logsvt,2,17852.474525692538,686.6336356035591,17856.954525692538,15178.119757009117,17859.13893471289,15177.307552498944,46999996.34935717,2,2,1.0,logB,"{""B"": 1202604.2801536154, ""u1"": 2.4837773259138674e-07}",3541.656671873716,3541.6566718737176,3553.805357051053,3553.8053570510547
expanded,heavy,NGC5055,28,k1_Q,logsvt,3,17852.47452589332,714.0989810357329,17859.47452589332,15180.639757209901,17862.471139423847,15180.639757209901,,2,2,1.0,logB;logQ,"{""B"": 1202601.9281758377, ""Q"": 3.7831931419239695e-11, ""u1"": 2.483782207602181e-07}",3544.1766720745,3544.9888765846754,3556.325357251837,3557.1375617620124
expanded,heavy,NGC5055,28,k1_L,logsvt,3,17852.47374428444,714.0989497713776,17859.47374428444,15180.638975601021,17862.470357814967,15180.638975601021,,1,1,0.0,,"{""B"": 1.5652411269102934e-09, ""L"": 0.5974002682580273, ""u1"": 9.798276269341032e-11}",3544.17589046562,3544.9880949757953,3556.324575642957,3557.1367801531323
expanded,heavy,NGC5055,28,k1_L_Q,logsvt,4,17852.47375826213,743.8530732609221,17862.212888696915,15183.378120013494,17865.80257630283,15183.971194088885,9631496857.810902,2,4,1.0,,"{""B"": 0.26647875759637185, ""L"": 0.5973638249666812, ""Q"": 1.751342680937229e-10, ""u1"": 6.820560993215703e-05}",3546.915034878093,3548.3203134636587,3559.06372005543,3560.468998640996
expanded,heavy,NGC5055,28,k2,logsvt,2,14298.66916863951,549.9488141784427,14303.14916863951,11624.314399956089,14305.33357765986,11623.502195445912,24.17652736873757,2,2,0.9960314358003681,,"{""B"": 0.40600880813223494, ""u2"": 0.8157586310931302}",-12.148685179312452,-12.148685179312452,-1.9754224922508e-09,-1.9754224922508e-09
expanded,heavy,NGC5055,28,k2_Q,logsvt,3,14209.884190940187,568.3953676376075,14216.884190940187,11538.049422256765,14219.880804470713,11538.049422256765,5934406.741444439,3,3,0.9999999285378928,,"{""B"": 38121.62041894925, ""Q"": 362.60795922138914, ""u2"": 0.0023872957802862434}",-98.41366287863457,-97.60145836845913,-86.26497770129754,-85.4527731911221
expanded,heavy,NGC5055,28,k2_L,logsvt,3,2671.8347686834213,106.87339074733686,2678.8347686834213,0.0,2681.831382213947,0.0,76.42207355378078,3,3,0.9718769948881262,,"{""B"": 1.7854836248561008, ""L"": -5.729093902423399, ""u2"": 3.991435342827406}",-11636.463085135401,-11635.650880625224,-11624.314399958064,-11623.502195447887
expanded,heavy,NGC5055,28,k2_L_Q,logsvt,4,2671.834768714263,111.32644869642763,2681.5738991490457,2.7391304656243847,2685.163586754964,3.3322045410168357,,3,3,0.9718769920707654,logQ,"{""B"": 1.7854836325732155, ""L"": -5.729093912840798, ""Q"": 3.775135113947064e-11, ""u2"": 3.9914353229194783}",-11633.723954669777,-11632.318676084207,-11621.57526949244,-11620.16999090687
expanded,heavy,NGC5055,28,k12,logsvt,3,14298.669168803899,571.946766752156,14305.669168803899,11626.834400120479,14308.665782334425,11626.834400120479,1084289172.0768957,2,3,0.9996224377494204,,"{""B"": 0.4060104988455412, ""u1"": 4.181169054555121e-11, ""u2"": 0.815753624783639}",-9.628685014922667,-8.816480504747233,2.5200001624143624,3.3322046725897962
expanded,heavy,NGC5055,28,k12_Q,logsvt,4,14209.900286055963,592.0791785856651,14219.639416490745,11540.804647807323,14223.229104096665,11541.397721882717,1088613215.6065996,3,4,0.9999999817436064,logu1,"{""B"": 37317.82094452371, ""Q"": 358.7422338307589, ""u1"": 3.775134544279111e-11, ""u2"": 0.002412818891927724}",-95.65843732807662,-94.25315874250737,-83.50975215073959,-82.10447356517034
expanded,heavy,NGC5055,28,k12_L,logsvt,4,2671.834768710928,111.32644869628867,2681.5738991457106,2.7391304622892676,2685.163586751629,3.3322045376817186,8.646473916433428e+17,3,3,0.9718769947751802,,"{""B"": 1.785483631571077, ""L"": -5.729093891154503, ""u1"": 3.7944965979678484e-11, ""u2"": 3.9914353050847313}",-11633.72395467311,-11632.318676087543,-11621.575269495774,-11620.169990910206
expanded,heavy,NGC5055,28,k12_L_Q,logsvt,5,2671.834768741896,116.16672907573461,2684.5620414691684,5.727272785747118,2688.495791292772,6.664409078824974,1.3425026534512343e+18,3,4,1.0,logQ,"{""B"": 1.7854836416208117, ""L"": -5.72909394628216, ""Q"": 3.775134545416728e-11, ""u1"": 3.812147329864551e-11, ""u2"": 3.9914353249672105}",-11630.735812349652,-11628.9864715464,-11618.587127172315,-11616.837786369062
expanded,heavy,NGC5055,28,C,logsvt,1,36971.82931666522,1369.3270117283416,36973.983162819066,34295.14839413564,36975.161521175396,34293.33013896145,1.0,1,1,0.0,,"{""C"": 0.13842958888438656}",22658.685309000244,22657.679258336226,22670.83399417758,22669.827943513563
expanded,heavy,NGC5055,28,C_Q,logsvt,2,36971.82931849058,1421.9934353265608,36976.30931849058,34297.47454980716,36978.493727510926,34296.66234529698,,1,1,0.0,logQ,"{""C"": 0.13842958188985227, ""Q"": 3.775134544279111e-11}",22661.01146467176,22661.011464671756,22673.160149849096,22673.160149849093
expanded,heavy,NGC5055,28,C_L,logsvt,2,17852.473746671858,686.6336056412254,17856.953746671858,15178.118977988437,17859.13815569221,15177.306773478263,,1,1,0.0,logC,"{""C"": 3.7751345866453855e-11, ""L"": 0.5974001614034966}",3541.6558928530358,3541.6558928530376,3553.804578030373,3553.8045780303746
expanded,heavy,NGC5055,28,C_L_Q,logsvt,3,17852.47374687186,714.0989498748744,17859.47374687186,15180.638978188439,17862.470360402385,15180.638978188439,,1,1,0.0,logC,"{""C"": 3.7751826055779095e-11, ""L"": 0.5974001764621312, ""Q"": 3.797146600766418e-11}",3544.1758930530377,3544.988097563213,3556.3245782303748,3557.13678274055
expanded,heavy,NGC5055,28,C_k1,logsvt,3,17852.474528080485,714.0989811232195,17859.474528080485,15180.639759397065,17862.47114161101,15180.639759397065,,2,2,1.0,logC;logB,"{""B"": 1202604.2783905026, ""C"": 3.775134544279111e-11, ""u1"": 2.483777341609246e-07}",3544.1766742616637,3544.988878771839,3556.3253594390007,3557.137563949176
expanded,heavy,NGC5055,28,C_k1_Q,logsvt,4,17852.47452828037,743.8531053450155,17862.213658715154,15183.378890031734,17865.80334632107,15183.971964107124,,2,2,1.0,logC;logB;logQ,"{""B"": 1202603.4912576503, ""C"": 3.776036266398422e-11, ""Q"": 3.775178007773128e-11, ""u1"": 2.4837789640535344e-07}",3546.9158048963327,3548.3210834818983,3559.0644900736697,3560.4697686592353
expanded,heavy,NGC5055,28,C_k1_L,logsvt,4,17852.473746682394,743.8530727784331,17862.212877117177,15183.378108433757,17865.802564723093,15183.971182509147,,1,2,1.0,,"{""B"": 6.356347442337672e-11, ""C"": 3.7915670844760286e-11, ""L"": 0.597400218494705, ""u1"": 6.368176907214497e-11}",3546.9150232983557,3548.3203018839213,3559.0637084756927,3560.4689870612583
expanded,heavy,NGC5055,28,C_k1_L_Q,logsvt,5,17852.473774787937,776.1945119473016,17865.20104751521,15186.366278831789,17869.134797338815,15187.303415124868,4153985320.244502,1,5,1.0,,"{""B"": 0.00020283800352117565, ""C"": 3.353575532510392e-10, ""L"": 0.5974001694258846, ""Q"": 1.7643041045985872e-09, ""u1"": 1.3711414002409287e-06}",3549.9031936963875,3551.6525344996426,3562.0518788737245,3563.8012196769796
expanded,heavy,NGC5055,28,C_k2,logsvt,3,14298.669170896463,571.9467668358585,14305.669170896463,11626.83440221304,14308.665784426988,11626.83440221304,,2,2,0.9960316532249129,logC,"{""B"": 0.4060164378873568, ""C"": 3.775134544279111e-11, ""u2"": 0.8157358724043391}",-9.628682922359076,-8.816478412183642,2.5200022549779533,3.332206765153387
expanded,heavy,NGC5055,28,C_k2_Q,logsvt,4,14209.88388268251,592.0784951117713,14219.623013117292,11540.788244433872,14223.212700723212,11541.381318509266,6478446070641.874,3,4,1.0,,"{""B"": 38232.366671252814, ""C"": 6.68379279508765e-11, ""Q"": 363.13583625747583, ""u2"": 0.0023838323568473978}",-95.67484070152932,-94.26956211596007,-83.52615552419229,-82.12087693862304
expanded,heavy,NGC5055,28,C_k2_L,logsvt,4,2671.834769001879,111.32644870841163,2681.5738994366616,2.7391307532402607,2685.16358704258,3.3322048286327117,16185953609.365856,3,4,0.9999794092975173,logC,"{""B"": 1.785483633931515, ""C"": 3.775134544279111e-11, ""L"": -5.729093918023991, ""u2"": 3.991435323441511}",-11633.72395438216,-11632.318675796592,-11621.575269204823,-11620.169990619255
expanded,heavy,NGC5055,28,C_k2_L_Q,logsvt,5,2671.8347690328037,116.16672908838277,2684.562041760076,5.72727307665491,2688.49579158368,6.664409369732766,311277233552.94635,3,5,1.0,logC;logQ,"{""B"": 1.7854835772247493, ""C"": 3.775134544582181e-11, ""L"": -5.729093683608915, ""Q"": 3.7751345660040117e-11, ""u2"": 3.991435264604781}",-11630.735812058745,-11628.986471255492,-11618.587126881408,-11616.837786078155
expanded,heavy,NGC5055,28,C_k12,logsvt,4,14298.66917502475,595.7778822926979,14308.408305459532,11629.573536776112,14311.997993065452,11630.166610851506,2.4127825987937174e+20,2,3,1.0,,"{""B"": 0.4060137228867194, ""C"": 7.84156411498021e-11, ""u1"": 4.5681400177293853e-10, ""u2"": 0.8157441503645294}",-6.88954835928962,-5.484269773720371,5.259136818047409,6.664415403616658
expanded,heavy,NGC5055,28,C_k12_Q,logsvt,5,14209.904255834956,617.8219241667372,14222.631528562228,11543.796759878805,14226.565278385831,11544.733896171885,,3,4,0.9999999809339504,logu1,"{""B"": 35814.3303523629, ""C"": 3.877220338366245e-11, ""Q"": 351.4317920278486, ""u1"": 3.775134544279111e-11, ""u2"": 0.0024630795183299948}",-92.66632525659406,-90.91698445334077,-80.51764007925703,-78.76829927600375
expanded,heavy,NGC5055,28,C_k12_L,logsvt,5,2671.834769128095,116.16672909252587,2684.5620418553676,5.727273171946308,2688.4957916789713,6.664409465024164,,3,4,0.9971542298285113,logC,"{""B"": 1.7854836311332605, ""C"": 3.775151852988585e-11, ""L"": -5.729093911327913, ""u1"": 1.7410899259189764e-10, ""u2"": 3.991435329051692}",-11630.735811963454,-11628.9864711602,-11618.587126786117,-11616.837785982863
expanded,heavy,NGC5055,28,C_k12_L_Q,logsvt,6,2671.8347697642057,121.44703498928207,2687.8347697642057,9.000001080784386,2691.827996825257,9.996614611309724,,3,5,0.9999695592866439,logC;logQ,"{""B"": 1.7854836451804508, ""C"": 3.775134555905199e-11, ""L"": -5.729093969226614, ""Q"": 3.775142092723424e-11, ""u1"": 1.0090805389787522e-09, ""u2"": 3.991435343427346}",-11627.463084054616,-11625.654266013915,-11615.314398877279,-11613.505580836578
expanded,heavy,NGC5055,28,cored_log,cored_log,2,14298.669168641485,549.9488141785187,14303.149168641485,11624.314399958064,14305.333577661835,11623.502195447887,23.457073451877225,2,2,0.9960314214994922,,"{""H"": 1.6240334575776627, ""Rc"": 1.1071814718771549}",-12.148685177337029,-12.148685177337029,0.0,0.0
expanded,heavy,NGC5055,28,pISO,piso,2,14310.817853818822,550.416071300724,14315.297853818822,11636.463085135401,14317.482262839172,11635.650880625224,28.69095472476007,2,2,0.9972772723620799,,"{""H"": 2.825700306182294, ""Rc"": 0.8510984219475592}",0.0,0.0,12.148685177337029,12.148685177337029
expanded,heavy,NGC5055,28,NFW,nfw,2,18110.98109310317,696.5761958885835,18115.46109310317,15436.62632441975,18117.645502123523,15435.814119909577,61.91305437603627,2,2,0.9988272129919955,logc,"{""V200"": 1.7316469906450893, ""c"": 0.500000000000034}",3800.1632392843494,3800.163239284351,3812.3119244616864,3812.3119244616882
expanded,heavy,NGC6946,58,baryons,logsvt,0,2176.7980880019936,37.531001517275755,2176.7980880019936,1967.8814967211367,2176.7980880019936,1962.1446121339418,,0,0,,,{},1631.1860718342,1627.283367631289,1631.5668011266912,1627.66409692378
expanded,heavy,NGC6946,58,Q,logsvt,1,2176.798088176728,38.18944014345137,2178.8695167481565,1969.9529254672996,2180.8585311872744,1966.2050553192225,,0,0,0.0,logQ,"{""Q"": 3.77513455378034e-11}",1633.2575005803628,1631.3438108165697,1633.638229872854,1631.7245401090609
expanded,heavy,NGC6946,58,L,logsvt,1,800.6803598094731,14.047023856306545,802.7517883809016,593.8351971000446,804.7408028200196,590.0873269519677,1.0,1,1,0.0,,"{""L"": 0.3689707378627392}",257.139772213108,255.22608244931496,257.5205015055992,255.60681174180615
expanded,heavy,NGC6946,58,L_Q,logsvt,2,800.6803598279776,14.297863568356743,804.8985416461594,595.9819503653024,808.8012458490704,594.1477699810187,7441193175.741459,1,2,1.0,logQ,"{""L"": 0.3689707380956011, ""Q"": 3.775134593027768e-11}",259.2865254783658,259.2865254783658,259.66725477085697,259.66725477085697
expanded,heavy,NGC6946,58,k1,logsvt,2,800.680387553666,14.297864063458322,804.8985693718479,595.9819780909909,808.8012735747589,594.147797706707,87336873.32775174,2,2,1.0,logB,"{""B"": 1202604.2841518952, ""u1"": 1.534048917352105e-07}",259.28655320405426,259.28655320405426,259.66728249654545,259.66728249654545
expanded,heavy,NGC6946,58,k1_Q,logsvt,3,800.6803875721704,14.557825228584916,807.1248320166148,598.2082407357578,812.8617166038097,598.208240735758,1624685698.4879725,2,3,1.0,logB;logQ,"{""B"": 1202604.2831042951, ""Q"": 3.7751345442910615e-11, ""u1"": 1.5340489170494861e-07}",261.5128158488212,263.3469962331051,261.8935451413124,263.72772552559627
expanded,heavy,NGC6946,58,k1_L,logsvt,3,800.6803599507937,14.557824726378067,807.1248043952381,598.2082131143811,812.861688982433,598.2082131143811,408221691.14180434,1,3,1.0,,"{""B"": 0.0006121302881415454, ""L"": 0.36897014713170373, ""u1"": 0.0004853818438273301}",261.5127882274445,263.34696861172836,261.8935175199357,263.72769790421955
expanded,heavy,NGC6946,58,k1_L_Q,logsvt,4,800.6803599817432,14.827414073735985,809.4350769628753,600.5184856820183,816.9221320239288,602.2686561558771,2235834359.05974,1,4,1.0,,"{""B"": 0.005205268761865789, ""L"": 0.3689707093084646, ""Q"": 3.5137386352254805e-10, ""u1"": 2.7710365504428255e-06}",263.8230607950817,267.40741165322424,264.2037900875729,267.78814094571544
expanded,heavy,NGC6946,58,k2,logsvt,2,541.0131050571079,9.660948304591212,545.2312868752897,336.3146955944327,549.1339910782007,334.4805152101489,39.17750994844751,2,2,0.9986852393490857,,"{""B"": 0.6949110991194155, ""u2"": 0.3089570844497876}",-0.3807292925039292,-0.3807292925039292,-1.2732925824820995e-11,-1.2732925824820995e-11
expanded,heavy,NGC6946,58,k2_Q,logsvt,3,537.758185970444,9.777421563098981,544.2026304148884,335.2860391340314,549.9395150020832,335.28603913403145,14945351.79511251,3,3,0.9999999824297822,,"{""B"": 164735.55828313765, ""Q"": 451.1552230784525, ""u2"": 0.0006860117719632136}",-1.409385752905223,0.4247946313786315,-1.0286564604140267,0.8055239238698277
expanded,heavy,NGC6946,58,k2_L,logsvt,3,202.47214683641252,3.681311760662046,208.91659128085698,0.0,214.65347586805177,0.0,31.33804990123461,3,3,0.7952380925818255,,"{""B"": 0.7528932619898744, ""L"": -1.8731853214724805, ""u2"": 2.568300121427469}",-336.6954248869366,-334.8612445026528,-336.3146955944454,-334.4805152101616
expanded,heavy,NGC6946,58,k2_L_Q,logsvt,4,202.4721468371512,3.749484200687985,211.22686381828328,2.3102725374263002,218.7139188793369,4.060443011285116,3662152326.4881067,3,4,0.9121707955881241,logQ,"{""B"": 0.7528932641800841, ""L"": -1.8731853005781245, ""Q"": 3.775134600889021e-11, ""u2"": 2.568300071371016}",-334.38515234951035,-330.8008014913677,-334.00442305701915,-330.4200721988765
expanded,heavy,NGC6946,58,k12,logsvt,3,541.0131050822995,9.836601910587264,547.457549526744,338.54095824588694,553.1944341139388,338.540958245887,,2,2,0.9986852549248086,logu1,"{""B"": 0.6949153819574176, ""u1"": 3.775134548263017e-11, ""u2"": 0.30895499919904656}",1.8455333589503198,3.679713743234174,2.226262651441516,4.0604430357253705
expanded,heavy,NGC6946,58,k12_Q,logsvt,4,537.7642472721953,9.958597171707321,546.5189642533275,337.60237297247045,554.006019314381,339.3525434463292,277334785.29699606,3,4,0.9999999922245266,logu1,"{""B"": 88221.83117763899, ""Q"": 329.96168599286364, ""u1"": 3.775134544279111e-11, ""u2"": 0.0009375474040097109}",0.906948085533827,4.491298943676384,1.2876773780250232,4.87202823616758
expanded,heavy,NGC6946,58,k12_L,logsvt,4,201.42808210791554,3.730149668665103,210.18279908904762,1.266207808190643,217.66985415010123,3.016378282049459,1569.9376996563424,4,4,0.9996256853739085,,"{""B"": 1.214499395144135, ""L"": -2.8027758987341524, ""u1"": 0.3549461539074935, ""u2"": 1.8684264594863056}",-335.429217078746,-331.84486622060336,-335.0484877862548,-331.46413692811217
expanded,heavy,NGC6946,58,k12_L_Q,logsvt,5,201.42808210866662,3.8005298511069174,212.58192826251278,3.6653369816557984,221.7302971613987,7.0768212933469385,62237109026.95914,4,5,0.999875317122191,,"{""B"": 1.2144918919737682, ""L"": -2.8027618057769352, ""Q"": 3.854150076334681e-11, ""u1"": 0.35494272433400736, ""u2"": 1.868434488341209}",-333.0300879052809,-327.7844232093059,-332.6493586127897,-327.4036939168147
expanded,heavy,NGC6946,58,C,logsvt,1,1593.8055428035668,27.96150075093977,1595.8769713749955,1386.9603800941386,1597.8659858141132,1383.2125099460613,1.0,1,1,0.0,,"{""C"": 0.09984499429754813}",1050.2649552072019,1048.3512654434085,1050.645684499693,1048.7319947358997
expanded,heavy,NGC6946,58,C_Q,logsvt,2,1593.8055428906184,28.4608132659039,1598.0237247088003,1389.1071334279434,1601.9264289117114,1387.2729530436595,4032425912.8797603,1,2,1.0,logQ,"{""C"": 0.09984499159628273, ""Q"": 3.775134544279111e-11}",1052.4117085410066,1052.4117085410066,1052.7924378334978,1052.7924378334978
expanded,heavy,NGC6946,58,C_L,logsvt,2,800.6803599923389,14.297863571291767,804.8985418105208,595.9819505296638,808.8012460134318,594.14777014538,2805459573.547747,1,2,1.0,logC,"{""C"": 3.7751345484231156e-11, ""L"": 0.3689707387444644}",259.28652564272716,259.28652564272716,259.66725493521835,259.66725493521835
expanded,heavy,NGC6946,58,C_L_Q,logsvt,3,800.6803600108436,14.557824727469884,807.1248044552881,598.2082131744311,812.8616890424829,598.2082131744312,,1,2,0.9999999999999998,logC;logQ,"{""C"": 3.7751345516357926e-11, ""L"": 0.3689707415448236, ""Q"": 3.775134894358263e-11}",261.51278828749446,263.3469686717783,261.89351757998566,263.7276979642695
expanded,heavy,NGC6946,58,C_k1,logsvt,3,800.6803877365313,14.557825231573297,807.1248321809758,598.2082409001188,812.8617167681706,598.2082409001189,657386072.4251263,2,3,1.0,logC;logB,"{""B"": 1202604.2839103318, ""C"": 3.775134544279111e-11, ""u1"": 1.5340489184352098e-07}",261.51281601318215,263.346996397466,261.89354530567334,263.7277256899572
expanded,heavy,NGC6946,58,C_k1_Q,logsvt,4,800.6803877550361,14.827414588056225,809.4351047361682,600.5185134553112,816.9221597972218,602.26868392917,,2,3,1.0,logC;logB;logQ,"{""B"": 1202604.2841523439, ""C"": 3.7751345847422536e-11, ""Q"": 3.775135103247434e-11, ""u1"": 1.5340489148973758e-07}",263.8230885683746,267.40743942651716,264.2038178608658,267.78816871900835
expanded,heavy,NGC6946,58,C_k1_L,logsvt,4,800.6803601290052,14.827414076463059,809.4350771101373,600.5184858292803,816.9221321711908,602.2686563031391,2436812611.019062,1,4,1.0,,"{""B"": 0.0024420872946764745, ""C"": 5.599940522217008e-11, ""L"": 0.36897004550911616, ""u1"": 0.00014200859727332523}",263.82306094234366,267.4074118004862,264.20379023483486,267.7881410929774
expanded,heavy,NGC6946,58,C_k1_L_Q,logsvt,5,800.6803603999264,15.107176611319366,811.8342065537726,602.9176152729156,820.9825754526585,606.3290995846066,,1,4,1.0,logQ,"{""B"": 0.006745100419806341, ""C"": 3.91230171353508e-11, ""L"": 0.36896748183333433, ""Q"": 3.784935016475883e-11, ""u1"": 0.000240500889846406}",266.22219038597893,271.46785508195387,266.60291967847013,271.84858437444507
expanded,heavy,NGC6946,58,C_k2,logsvt,3,541.0131052245506,9.836601913173647,547.4575496689951,338.54095838813805,553.1944342561899,338.5409583881381,1277431578.17735,2,3,0.9997820375644336,logC,"{""B"": 0.6949150022710129, ""C"": 3.775134544282196e-11, ""u2"": 0.30895518495158536}",1.8455335012014302,3.6797138854852847,2.2262627936926265,4.060443177976481
expanded,heavy,NGC6946,58,C_k2_Q,logsvt,4,537.7579371107454,9.958480316865655,546.5126540918775,337.5960628110205,553.999709152931,339.34623328487925,,3,3,0.9999999854974865,,"{""B"": 176341.59797511695, ""C"": 3.7990782545295065e-11, ""Q"": 466.79990276162783, ""u2"": 0.0006630409548095353}",0.9006379240838669,4.484988782226424,1.2813672165750631,4.86571807471762
expanded,heavy,NGC6946,58,C_k2_L,logsvt,4,202.47214686124667,3.7494842011341976,211.22686384237875,2.3102725615217707,218.71391890343236,4.060443035380587,4153797066.188535,3,4,0.9983475185947823,logC,"{""B"": 0.7528932586953643, ""C"": 3.7751731244756516e-11, ""L"": -1.8731853154621685, ""u2"": 2.5683001279382855}",-334.3851523254149,-330.8008014672722,-334.0044230329237,-330.420072174781
expanded,heavy,NGC6946,58,C_k2_L_Q,logsvt,5,202.47214687301872,3.820229186283372,213.62599302686488,4.709401746007899,222.7743619257508,8.120886057699039,5691121618.5027485,3,5,0.998456747536736,,"{""B"": 0.7528932610214073, ""C"": 4.9193632419032764e-11, ""L"": -1.8731853075336613, ""Q"": 2.1699030636019492e-10, ""u2"": 2.568300100199689}",-331.98602314092875,-326.7403584449538,-331.60529384843755,-326.3596291524626
expanded,heavy,NGC6946,58,C_k12,logsvt,4,541.0131052499261,10.018761208331965,549.7678222310582,340.85123095020117,557.2548772921117,342.60140142405993,5200948018.16315,2,4,1.0,logC;logu1,"{""B"": 0.6949160466950907, ""C"": 3.775135233486664e-11, ""u1"": 3.775148299496009e-11, ""u2"": 0.308954676272647}",4.155806063264549,7.740156921407106,4.5365353557557455,8.120886213898302
expanded,heavy,NGC6946,58,C_k12_Q,logsvt,5,537.7640754647339,10.146491989900639,548.9179216185801,340.00133033772306,558.066290517466,343.4128146494142,,3,4,0.9999999928439034,logu1,"{""B"": 99880.67533719933, ""C"": 5.029856154514697e-11, ""Q"": 351.142849066009, ""u1"": 3.775134544279111e-11, ""u2"": 0.0008811257964120358}",3.3059054507864403,8.551570146761378,3.6866347432776365,8.932299439252574
expanded,heavy,NGC6946,58,C_k12_L,logsvt,5,201.4280844634912,3.8005298955375695,212.58193061733735,3.665339336480372,221.73029951622328,7.076823648171512,2066283561.0791447,4,5,1.0,,"{""B"": 1.214505604739196, ""C"": 3.6317796688611498e-09, ""L"": -2.802787397411142, ""u1"": 0.3549489432062246, ""u2"": 1.8684196598081808}",-333.0300855504563,-327.7844208544813,-332.6493562579651,-327.4036915619901
expanded,heavy,NGC6946,58,C_k12_L_Q,logsvt,6,201.42808909733114,3.8736170980255986,215.07514792086056,6.158556640003582,225.79074716060967,11.137271292557898,3405971282.4418244,4,6,1.0,,"{""B"": 1.2145002003110603, ""C"": 7.001251923871263e-09, ""L"": -2.802778081722494, ""Q"": 1.494013736141911e-07, ""u1"": 0.35494655096126776, ""u2"": 1.8684263722331385}",-330.53686824693307,-323.7239732100949,-330.1561389544419,-323.34324391760373
expanded,heavy,NGC6946,58,cored_log,cored_log,2,541.0131050571206,9.66094830459144,545.2312868753024,336.3146955944454,549.1339910782134,334.4805152101616,46.10775391152229,2,2,0.9986852396334128,,"{""H"": 2.779643794859382, ""Rc"": 1.7990816143070425}",-0.38072929249119625,-0.38072929249119625,0.0,0.0
expanded,heavy,NGC6946,58,pISO,piso,2,541.3938343496118,9.667747041957353,545.6120161677936,336.6954248869366,549.5147203707046,334.8612445026528,51.25195454935462,2,2,0.9989291085771586,,"{""H"": 5.1127905607793585, ""Rc"": 1.4119643064274232}",0.0,0.0,0.38072929249119625,0.38072929249119625
expanded,heavy,NGC6946,58,NFW,nfw,2,805.1233831846066,14.37720327115369,809.3415650027885,600.4249737219315,813.2442692056994,598.5907933376477,222.6201726175757,2,2,0.9999261711497078,logc,"{""V200"": 2.417674346539691, ""c"": 0.5000000000088339}",263.72954883499483,263.72954883499483,264.110278127486,264.110278127486
expanded,heavy,NGC7331,36,baryons,logsvt,0,4536.654775057961,126.01818819605448,4536.654775057961,4097.238916029058,4536.654775057961,4093.2383592136894,,0,0,,,{},3302.7244468972303,3299.921045383954,3302.7244670821456,3299.92106556887
expanded,heavy,NGC7331,36,Q,logsvt,1,4536.654775509091,129.61870787168831,4538.772422567915,4099.356563539011,4540.238294447548,4096.821878603276,,0,0,0.0,logQ,"{""Q"": 3.775134546892702e-11}",3304.842094407184,3303.5045647735406,3304.8421145920993,3303.5045849584562
expanded,heavy,NGC7331,36,L,logsvt,1,1597.6547209487003,45.647277741391434,1599.7723680075237,1160.3565089786202,1601.2382398871564,1157.8218240428846,1.0,1,1,0.0,,"{""L"": 0.43470631277988775}",365.8420398467929,364.5045102131496,365.84206003170834,364.50453039806507
expanded,heavy,NGC7331,36,L_Q,logsvt,2,1597.6547209781497,46.98984473465146,1602.018357341786,1162.6024983128825,1604.821758855062,1161.4053430107901,3324534370.406566,1,2,1.0,logQ,"{""L"": 0.43470631225754797, ""Q"": 3.775137039246451e-11}",368.08802918105516,368.08802918105516,368.0880493659706,368.0880493659706
expanded,heavy,NGC7331,36,k1,logsvt,2,1597.6547822388127,46.989846536435664,1602.018418602449,1162.6025595735455,1604.821820115725,1161.405404271453,72617909.07866098,2,2,1.0,logB,"{""B"": 1202604.2838096223, ""u1"": 1.8073541125349803e-07}",368.0880904417181,368.0880904417181,368.0881106266336,368.0881106266336
expanded,heavy,NGC7331,36,k1_Q,logsvt,3,1597.6547822682621,48.413781280856426,1604.4047822682621,1164.9889232393587,1608.4053390836305,1164.9889232393587,3644862083.375643,2,3,1.0,logB;logQ,"{""B"": 1202604.2841102318, ""Q"": 3.775134544279111e-11, ""u1"": 1.8073541082231426e-07}",370.4744541075313,371.67160940962367,370.47447429244676,371.6716295945391
expanded,heavy,NGC7331,36,k1_L,logsvt,3,1597.6547209499347,48.41377942272529,1604.4047209499347,1164.9888619210312,1608.405277765303,1164.9888619210312,1.4846931372210526e+19,1,2,1.0,,"{""B"": 9.09362669679011e-05, ""L"": 0.43470629608987826, ""u1"": 9.326610891246199e-05}",370.4743927892039,371.67154809129624,370.47441297411933,371.6715682762117
expanded,heavy,NGC7331,36,k1_L_Q,logsvt,4,1597.6547215575458,49.92671004867331,1606.945044138191,1167.5291851092875,1611.9887973113703,1168.5723814670985,1908394855.4237916,1,4,1.0,,"{""B"": 0.0026802849517520437, ""L"": 0.4347059972888999, ""Q"": 7.618367727052921e-10, ""u1"": 5.895904555928232e-05}",373.0147159774601,375.2550676373635,373.0147361623756,375.25508782227894
expanded,heavy,NGC7331,36,k2,logsvt,2,1229.5666551762577,36.163725152242876,1233.930291539894,794.5144325109904,1236.7336930531699,793.3172772088981,143736568.26667967,1,2,1.0,logB,"{""B"": 1202603.2520602066, ""u2"": 1.3317695129913089e-07}",-3.662083690869622e-05,-3.662083690869622e-05,-1.6435921452284674e-05,-1.6435921452284674e-05
expanded,heavy,NGC7331,36,k2_Q,logsvt,3,1229.5666551768106,37.259595611418504,1236.3166551768106,796.9007961479072,1240.317211992179,796.9007961479072,510602395.88699204,1,3,1.0,logB,"{""B"": 1202483.0299388396, ""Q"": 3.189044713274607e-07, ""u2"": 1.3319033238095657e-07}",2.386327016079804,3.583482318172173,2.38634720099526,3.5835025030876295
expanded,heavy,NGC7331,36,k2_L,logsvt,3,432.6658590289035,13.1110866372395,439.4158590289035,0.0,443.41641584427185,0.0,103.68548783297568,3,3,0.9522220038404562,,"{""B"": 1.8664663420701553, ""L"": -4.524741624374, ""u2"": 1.878875857024246}",-794.5144691318274,-793.317313829735,-794.5144489469119,-793.3172936448195
expanded,heavy,NGC7331,36,k2_L_Q,logsvt,4,432.6658590316368,13.52080809473865,441.95618161228197,2.5403225833784404,446.9999347854612,3.583518941189368,,3,3,0.9522220107708442,logQ,"{""B"": 1.8664663747282566, ""L"": -4.524741728669864, ""Q"": 3.7751497495066805e-11, ""u2"": 1.8788758679353559}",-791.9741465484489,-789.7337948885456,-791.9741263635334,-789.7337747036302
expanded,heavy,NGC7331,36,k12,logsvt,3,1229.5676990712861,37.25962724458443,1236.3176990712861,796.9018400423827,1240.3182558866545,796.9018400423827,6367876.324757079,3,3,1.0,logu1,"{""B"": 12557.969635255187, ""u1"": 3.775134544279111e-11, ""u2"": 1.2753647000489732e-05}",2.387370910555319,3.5845262126476882,2.3873910954707753,3.5845463975631446
expanded,heavy,NGC7331,36,k12_Q,logsvt,4,1229.5676990713894,38.42399059598092,1238.8580216520345,799.442162623131,1243.9017748252138,800.485358980942,1954231211.2863204,3,4,1.0,logu1,"{""B"": 12552.613992708337, ""Q"": 2.334037254886573e-10, ""u1"": 3.775134544279111e-11, ""u2"": 1.2759088544550135e-05}",4.927693491303671,7.168045151207025,4.927713676219128,7.168065336122481
expanded,heavy,NGC7331,36,k12_L,logsvt,4,432.5834735442803,13.51823354825876,441.8737961249255,2.457937096021965,446.91754929810475,3.5011334538328924,10616.177186586523,4,4,0.9997637902555669,,"{""B"": 1.9777380677333267, ""L"": -4.7285670672134295, ""u1"": 0.046650008965411036, ""u2"": 1.8090787527456205}",-792.0565320358053,-789.816180375902,-792.0565118508898,-789.8161601909866
expanded,heavy,NGC7331,36,k12_L_Q,logsvt,5,432.5834735491628,13.95430559836009,444.5834735491628,5.167614520259292,450.50106824144336,7.08465239717151,48687880566.32028,4,5,0.9999971740146307,,"{""B"": 1.977731643282333, ""L"": -4.7285560845432535, ""Q"": 6.43718238799594e-11, ""u1"": 0.04664740929783796, ""u2"": 1.8090830902031674}",-789.346854611568,-786.2326614325634,-789.3468344266525,-786.232641247648
expanded,heavy,NGC7331,36,C,logsvt,1,2803.2452816059863,80.0927223315996,2805.3629286648097,2365.9470696359062,2806.8288005444424,2363.4123847001706,1.0,1,1,0.0,,"{""C"": 0.20972305468845961}",1571.432600504079,1570.0950708704356,1571.4326206889943,1570.095091055351
expanded,heavy,NGC7331,36,C_Q,logsvt,2,2803.245281749961,82.44839063970474,2807.6089181135976,2368.193059084694,2810.4123196268733,2366.9959037826015,,1,1,0.0,logQ,"{""C"": 0.20972305153951143, ""Q"": 3.77513454428406e-11}",1573.6785899528668,1573.6785899528666,1573.6786101377822,1573.678610137782
expanded,heavy,NGC7331,36,C_L,logsvt,2,1597.6547211020259,46.98984473829488,1602.0183574656621,1162.6024984367587,1604.821758978938,1161.4053431346663,,1,1,0.0,logC,"{""C"": 3.775134559634384e-11, ""L"": 0.43470631220276523}",368.0880293049313,368.0880293049313,368.08804948984675,368.08804948984675
expanded,heavy,NGC7331,36,C_L_Q,logsvt,3,1597.6547211314762,48.413779428226555,1604.4047211314762,1164.9888621025727,1608.4052779468445,1164.9888621025727,,1,2,1.0,logC;logQ,"{""C"": 3.775134544512694e-11, ""L"": 0.4347063116492175, ""Q"": 3.7751346033346805e-11}",370.4743929707454,371.67154827283775,370.47441315566084,371.6715684577532
expanded,heavy,NGC7331,36,C_k1,logsvt,3,1597.6547823921387,48.413781284610266,1604.4047823921387,1164.9889233632352,1608.405339207507,1164.9889233632352,,2,2,1.0,logC;logB,"{""B"": 1202604.283306167, ""C"": 3.775135176195242e-11, ""u1"": 1.807354106840901e-07}",370.4744542314079,371.67160953350026,370.47447441632335,371.6716297184157
expanded,heavy,NGC7331,36,C_k1_Q,logsvt,4,1597.6547824216182,49.92671195067557,1606.9451050022633,1167.5292459733598,1611.9888581754426,1168.5724423311708,,2,2,1.0,logC;logB;logQ,"{""B"": 1202604.284163446, ""C"": 3.7751422675501485e-11, ""Q"": 3.7789240386910546e-11, ""u1"": 1.8073541103128545e-07}",373.01477684153247,375.2551285014358,373.0147970264479,375.2551486863513
expanded,heavy,NGC7331,36,C_k1_L,logsvt,4,1597.654721609157,49.926710050286154,1606.945044189802,1167.5291851608986,1611.9887973629814,1168.5723815187096,3.020517552872726e+18,1,3,1.0,,"{""B"": 7.804093148097009e-06, ""C"": 1.6261523471509136e-10, ""L"": 0.43470631134899745, ""u1"": 6.062643426119574e-06}",373.0147160290712,375.2550676889746,373.0147362139867,375.25508787389003
expanded,heavy,NGC7331,36,C_k1_L_Q,logsvt,5,1597.654721135286,51.53724906888019,1609.654721135286,1170.2388621063826,1615.5723158275666,1172.1558999832948,,1,2,1.0,logQ,"{""B"": 0.001114980892565886, ""C"": 3.868592622819888e-11, ""L"": 0.43470631209775784, ""Q"": 3.776887335220571e-11, ""u1"": 2.7777159677492066e-09}",375.72439297455526,378.83858615355985,375.7244131594707,378.8386063384753
expanded,heavy,NGC7331,36,C_k2,logsvt,3,1229.5666553212786,37.25959561579632,1236.3166553212786,796.9007962923752,1240.317212136647,796.9007962923752,5785961103.992893,2,3,1.0,logC;logB,"{""B"": 1202604.082727581, ""C"": 3.775134544279111e-11, ""u2"": 1.3317686426768206e-07}",2.3863271605478076,3.583482462640177,2.386347345463264,3.5835026475556333
expanded,heavy,NGC7331,36,C_k2_Q,logsvt,4,1229.5666553335047,38.42395797917202,1238.8569779141499,799.4411188852464,1243.9007310873292,800.4843152430574,,1,2,1.0,logC;logB;logQ,"{""B"": 1199925.4724967047, ""C"": 3.775134544279111e-11, ""Q"": 3.7751582655851895e-11, ""u2"": 1.334741519605474e-07}",4.926649753419042,7.167001413322396,4.9266699383344985,7.167021598237852
expanded,heavy,NGC7331,36,C_k2_L,logsvt,4,432.6658590539382,13.52080809543557,441.9561816345834,2.540322605679876,446.99993480776266,3.5835189634908033,,3,3,0.9522220043956308,logC,"{""B"": 1.8664663914110358, ""C"": 3.775567525071915e-11, ""L"": -4.52474176967024, ""u2"": 1.8788758655717195}",-791.9741465261475,-789.7337948662441,-791.974126341232,-789.7337746813287
expanded,heavy,NGC7331,36,C_k2_L_Q,logsvt,5,432.66585905779436,13.95696319541272,444.66585905779436,5.250000028890838,450.5834537500749,7.167037905803056,,3,3,0.9522220088613897,logQ,"{""B"": 1.8664663663160934, ""C"": 3.944870158986518e-11, ""L"": -4.524741687843305, ""Q"": 3.775634807243541e-11, ""u2"": 1.878875854502406}",-789.2644691029365,-786.1502759239319,-789.264448918021,-786.1502557390164
expanded,heavy,NGC7331,36,C_k12,logsvt,4,1229.5676992163897,38.42399060051218,1238.8580217970348,799.4421627681313,1243.901774970214,800.4853591259423,,3,3,1.0,logC;logu1,"{""B"": 12563.14206842329, ""C"": 3.775134548126939e-11, ""u1"": 3.775134544676213e-11, ""u2"": 1.2748396056719615e-05}",4.927693636303957,7.1680452962073105,4.927713821219413,7.168065481122767
expanded,heavy,NGC7331,36,C_k12_Q,logsvt,5,1229.5676992163171,39.663474168268294,1241.5676992163171,802.1518401874137,1247.4852939085977,804.0688780643259,,3,4,1.0,logC;logu1,"{""B"": 12556.434635090709, ""C"": 3.775136482429861e-11, ""Q"": 1.7489252065325884e-10, ""u1"": 3.775134544279111e-11, ""u2"": 1.2755206122815823e-05}",7.6373710555863,10.751564234590887,7.637391240501756,10.751584419506344
expanded,heavy,NGC7331,36,C_k12_L,logsvt,5,432.5834780050058,13.954305742096961,444.5834780050058,5.16761897610229,450.50107269728636,7.084656853014508,3399918113.339175,4,5,1.0,,"{""B"": 1.9777454422412206, ""C"": 6.7591943248884454e-09, ""L"": -4.728580114951094, ""u1"": 0.04665295732785225, ""u2"": 1.8090740689788773}",-789.346850155725,-786.2326569767204,-789.3468299708095,-786.2326367918049
expanded,heavy,NGC7331,36,C_k12_L_Q,logsvt,6,432.58347511792977,14.419449170597659,447.4800268420677,8.064167813164147,454.0845887486664,10.668172904394567,11151918968.664587,4,6,1.0,,"{""B"": 1.977736055293601, ""C"": 1.5142450201979397e-09, ""L"": -4.728564301226103, ""Q"": 8.168702702292898e-09, ""u1"": 0.04664911578514988, ""u2"": 1.8090805887198513}",-786.4503013186632,-782.6491409253404,-786.4502811337477,-782.6491207404249
expanded,heavy,NGC7331,36,cored_log,cored_log,2,1229.566671612179,36.16372563565233,1233.9303079758154,794.5144489469119,1236.7337094890913,793.3172936448195,23067103.840157423,2,2,1.0,logH,"{""H"": 1202604.2820470524, ""Rc"": 1370.1105300468796}",-2.0184915456411545e-05,-2.0184915456411545e-05,0.0,0.0
expanded,heavy,NGC7331,36,pISO,piso,2,1229.5666917970946,36.16372622932631,1233.9303281607308,794.5144691318274,1236.7337296740068,793.317313829735,3246.177645948357,2,2,0.9999997033524864,,"{""H"": 1126583.10320746, ""Rc"": 765.6229529664454}",0.0,0.0,2.0184915456411545e-05,2.0184915456411545e-05
expanded,heavy,NGC7331,36,NFW,nfw,2,1608.4627815205597,47.30772886825176,1612.826417884196,1173.4105588552925,1615.629819397472,1172.2134035532001,171.78644611295064,2,2,0.9998703621425392,logc,"{""V200"": 2.3139834647292146, ""c"": 0.5000000000000002}",378.89608972346514,378.89608972346514,378.8961099083806,378.8961099083806
expanded,heavy,NGC7793,46,baryons,logsvt,0,306.50815353598625,6.6632207290431795,306.50815353598625,275.86769245523726,306.50815353598625,270.95319683719856,,0,0,,,{},266.98636069373106,263.60814766819476,268.5050099159442,265.12679689040783
expanded,heavy,NGC7793,46,Q,logsvt,1,306.5081535498901,6.811292301108669,308.59906264079916,277.95860156005017,310.3367949463792,274.7818382475915,1.0,1,1,0.0,logQ,"{""Q"": 3.775134544347512e-11}",269.07726979854397,267.4367890785877,270.5959190207571,268.9554383008008
expanded,heavy,NGC7793,46,L,logsvt,1,43.376595444727705,0.9639243432161713,45.4675045356368,14.827043454887797,47.2052368412168,11.65028014242909,1.0,1,1,0.0,,"{""L"": 1.1470723741929727}",5.945711693381632,4.30523097342531,7.464360915594739,5.823880195638409
expanded,heavy,NGC7793,46,L_Q,logsvt,2,38.15481834895638,0.8671549624762814,42.43388811639824,11.793427035649241,45.812101141934576,10.257144443146863,6.371306545704801,2,2,0.9140125350424593,,"{""L"": 1.5525984891734586, ""Q"": 0.6136315728700337}",2.912095274143077,2.912095274143084,4.4307444963561835,4.4307444963561835
expanded,heavy,NGC7793,46,k1,logsvt,2,39.65195525884837,0.9011808013374629,43.93102502629023,13.290563945541226,47.309238051826554,11.754281353038841,17.271156865669393,2,2,0.9929603223748125,,"{""B"": 1.5783325625057594, ""u1"": 0.47119617506947115}",4.409232184035062,4.409232184035062,5.927881406248169,5.9278814062481615
expanded,heavy,NGC7793,46,k1_Q,logsvt,3,38.154818359352056,0.8873213571942339,44.726246930780626,14.085785850031623,49.64074254881934,14.085785850031627,452966778.4279732,2,3,0.9999999739474366,,"{""B"": 23720.369656763967, ""Q"": 0.6135807414773172, ""u1"": 3.272711383848549e-05}",5.204454088525459,6.7407366810278475,6.723103310738566,8.259385903240947
expanded,heavy,NGC7793,46,k1_L,logsvt,3,38.1665000327802,0.8875930240181442,44.73792860420877,14.097467523459766,49.65242422224748,14.09746752345977,266865755.95355332,2,3,0.9999999530838939,L,"{""B"": 33073.06203942833, ""L"": -199.99999999248823, ""u1"": 0.0030470708857334417}",5.216135761953602,6.75241835445599,6.7347849841667085,8.27106757666909
expanded,heavy,NGC7793,46,k1_L_Q,logsvt,4,38.15481834895642,0.9084480559275337,47.13042810505398,16.489967024304978,53.4693839349128,17.914427236125086,372823648.9450891,2,4,0.999700999454786,,"{""B"": 7.451781717231842e-05, ""L"": 1.5525984552038687, ""Q"": 0.6136315860124046, ""u1"": 0.00030668983595088834}",7.608635262798813,10.569378067121306,9.12728448501192,12.088027289334406
expanded,heavy,NGC7793,46,k2,logsvt,2,33.7240738526002,0.7664562239227318,38.00314362004206,7.362682539293058,41.38135664557839,5.82639994679068,4.95062038356454,2,2,0.8394903666762361,,"{""B"": 0.27682355312147855, ""u2"": 7.029346409542959}",-1.5186492222131065,-1.5186492222130994,0.0,0.0
expanded,heavy,NGC7793,46,k2_Q,logsvt,3,24.06903250932043,0.5597449420772193,30.640461080749002,0.0,35.55495669878771,0.0,165.65315120798275,3,3,0.9979536318890958,,"{""B"": 2.817753074736123, ""Q"": 4.69731473808231, ""u2"": 0.8928433213517998}",-8.881331761506164,-7.345049169003779,-7.362682539293058,-5.82639994679068
expanded,heavy,NGC7793,46,k2_L,logsvt,3,33.57690469721385,0.780858248772415,40.14833326864242,9.507872187893415,45.06282888668113,9.507872187893419,12.912515339524024,3,3,0.9570163810612322,,"{""B"": 0.3198106548940448, ""L"": -0.1686374337779566, ""u2"": 6.808310110039865}",0.6265404263872512,2.1628230188896396,2.1451896486003577,3.681472241102739
expanded,heavy,NGC7793,46,k2_L_Q,logsvt,4,22.50227331135725,0.5357684121751726,31.477883067454812,0.8374219867058095,37.81683889731363,2.2618821985259174,1078.6172795248924,4,4,0.9993739786918898,,"{""B"": 10.166263526580991, ""L"": 0.48731681873763855, ""Q"": 9.911486965232653, ""u2"": 0.3276377650033126}",-8.043909774800355,-5.083166970477862,-6.525260552587248,-3.5645177482647625
expanded,heavy,NGC7793,46,k12,logsvt,3,33.34589768349055,0.7754859926393151,39.91732625491912,9.276865174170116,44.83182187295783,9.27686517417012,27.317574177514675,3,3,0.9423208726899864,,"{""B"": 0.2933681398286465, ""u1"": 0.4884456145771407, ""u2"": 5.931608506349612}",0.39553341266395137,1.9318160051663398,1.9141826348770579,3.450465227379439
expanded,heavy,NGC7793,46,k12_Q,logsvt,4,22.568413529954682,0.5373431792846353,31.544023286052244,0.9035622053032419,37.88297911591106,2.32802241712335,1889.1443366158805,4,4,0.9992407475840229,,"{""B"": 16.06949726274797, ""Q"": 12.29592315718884, ""u1"": 0.015040765509320129, ""u2"": 0.2455129517933115}",-7.977769556202922,-5.0170267518804295,-6.459120333989816,-3.49837752966733
expanded,heavy,NGC7793,46,k12_L,logsvt,4,23.718415477813036,0.5647241780431675,32.694025233910594,2.0535641531615916,39.03298106376941,3.4780243649816995,5899130.976849745,4,4,0.999965421284278,L,"{""B"": 466.8179867142944, ""L"": -199.99999999519596, ""u1"": 0.21452569648930683, ""u2"": 0.02605137196492838}",-6.827767608344573,-3.86702480402208,-5.309118386131466,-2.3483755818089804
expanded,heavy,NGC7793,46,k12_L_Q,logsvt,5,22.502273311490512,0.5488359344265978,34.00227331149051,3.36181223074151,41.64548029393599,6.090523595148277,9065324416.682312,4,5,0.9993739757385662,,"{""B"": 10.166234646690747, ""L"": 0.48731658888439333, ""Q"": 9.91147148895889, ""u1"": 3.801884881641032e-11, ""u2"": 0.3276383422124154}",-5.519519530764654,-1.2545255738555028,-4.000870308551548,0.2641236483575966
expanded,heavy,NGC7793,46,C,logsvt,1,204.76640854049603,4.5503646342332456,206.85731763140512,176.21685655065613,208.59504993698513,173.04009323819741,1.0,1,1,0.0,,"{""C"": 0.20063946104837038}",167.33552478914996,165.69504406919364,168.85417401136306,167.21369329140674
expanded,heavy,NGC7793,46,C_Q,logsvt,2,204.76640854921118,4.653782012482072,209.04547831665303,178.40501723590404,212.42369134218936,176.86873464340164,,1,1,0.0,logQ,"{""C"": 0.20063945105987568, ""Q"": 3.77513456488273e-11}",169.52368547439787,169.52368547439787,171.04233469661096,171.04233469661096
expanded,heavy,NGC7793,46,C_L,logsvt,2,43.37659544745484,0.9858317147148827,47.6556652148967,17.015204134147698,51.033878240433026,15.478921541645313,3470162249.123074,1,2,1.0,logC,"{""C"": 3.775135521217481e-11, ""L"": 1.147072377690071}",8.133872372641534,8.133872372641534,9.65252159485464,9.652521594854633
expanded,heavy,NGC7793,46,C_L_Q,logsvt,3,38.15481835615903,0.8873213571199775,44.7262469275876,14.0857858468386,49.64074254562632,14.085785846838604,7793078534.569691,2,3,0.9970964075543246,logC,"{""C"": 3.775136889487563e-11, ""L"": 1.5525984882556247, ""Q"": 0.6136315701826217}",5.204454085332436,6.740736677834825,6.723103307545543,8.259385900047924
expanded,heavy,NGC7793,46,C_k1,logsvt,3,39.65195526507862,0.922138494536712,46.22338383650719,15.582922755758187,51.1378794545459,15.58292275575819,3861142138.8928843,2,3,0.9990444491966397,logC,"{""B"": 1.5783323579555695, ""C"": 3.775134544279111e-11, ""u1"": 0.4711962540869274}",6.701590994252022,8.23787358675441,8.220240216465129,9.75652280896751
expanded,heavy,NGC7793,46,C_k1_Q,logsvt,4,38.15481838373773,0.9084480567556602,47.13042813983529,16.489967059086286,53.46938396969411,17.914427270906394,6556873572.207828,2,4,0.999999934104249,,"{""B"": 14927.245646994674, ""C"": 4.471770002025107e-11, ""Q"": 0.613550797981829, ""u1"": 5.2005524101694086e-05}",7.608635297580122,10.569378101902615,9.127284519793228,12.088027324115714
expanded,heavy,NGC7793,46,C_k1_L,logsvt,4,38.16650004504091,0.9087261915485931,47.142109801138474,16.501648720389472,53.48106563099729,17.92610893220958,,2,3,0.9999999531610794,L,"{""B"": 33073.0884495891, ""C"": 3.94366447873334e-11, ""L"": -199.9999998855377, ""u1"": 0.0030470684459431483}",7.620316958883308,10.5810597632058,9.138966181096414,12.0997089854189
expanded,heavy,NGC7793,46,C_k1_L_Q,logsvt,5,38.15481835617444,0.9306053257603522,49.65481835617444,19.014357275425436,57.298025338619915,21.743068639832202,1.3849932118934758e+18,2,3,0.9962224539076443,logC,"{""B"": 1.9869516617409477e-07, ""C"": 3.7831993190803646e-11, ""L"": 1.5525984604946783, ""Q"": 0.6136315249668669, ""u1"": 2.2217044040023795e-06}",10.133025513919272,14.398019470828423,11.651674736132378,15.916668693041522
expanded,heavy,NGC7793,46,C_k2,logsvt,3,33.68302023377275,0.7833260519482035,40.25444880520132,9.613987724452318,45.168944423240035,9.613987724452322,72.99765547954178,3,3,0.7864525284253389,,"{""B"": 0.27690000484398086, ""C"": 0.004680839437985213, ""u2"": 6.848338384262127}",0.7326559629461542,2.2689385554485426,2.2513051851592607,3.787587777661642
expanded,heavy,NGC7793,46,C_k2_Q,logsvt,4,23.619964025416976,0.5623800958432613,32.59557378151454,1.955112700765536,38.93452961137336,3.379572912585644,234.14526601595065,4,4,0.9983316214853147,,"{""B"": 3.5647988805224773, ""C"": 0.01452734693939904, ""Q"": 5.459195059450328, ""u2"": 0.7387968695961279}",-6.926219060740628,-3.9654762564181354,-5.407569838527522,-2.446827034205036
expanded,heavy,NGC7793,46,C_k2_L,logsvt,4,32.98555363076596,0.7853703245420467,41.961163386863525,11.320702306114523,48.300119216722344,12.74516251793463,38.58393997904863,4,4,0.9822812250912253,,"{""B"": 0.43542824774471073, ""C"": 0.02875362648866293, ""L"": -0.6029960388973516, ""u2"": 5.67443652674828}",2.4393705446083587,5.4001133489308515,3.958019766821465,6.918762571143951
expanded,heavy,NGC7793,46,C_k2_L_Q,logsvt,5,22.502273313816133,0.5488359344833204,34.00227331381613,3.3618122330671305,41.64548029626161,6.090523597473897,17620925501.793404,4,5,1.0,,"{""B"": 10.166248183744043, ""C"": 6.893313002003068e-11, ""L"": 0.48731655261360785, ""Q"": 9.911479060748185, ""u2"": 0.32763809130232985}",-5.519519528439034,-1.2545255715298822,-4.000870306225927,0.2641236506832172
expanded,heavy,NGC7793,46,C_k12,logsvt,4,33.34589768549125,0.7939499448926488,42.321507441588814,11.681046360839812,48.66046327144763,13.10550657265992,1223649106.172903,3,4,0.9890044913613628,,"{""B"": 0.29336730918708526, ""C"": 6.387895192209298e-11, ""u1"": 0.48843751070954794, ""u2"": 5.931658168149266}",2.7997145993336474,5.76045740365614,4.318363821546754,7.27910662586924
expanded,heavy,NGC7793,46,C_k12_Q,logsvt,5,22.568413531280754,0.5504491105190428,34.068413531280754,3.427952450531752,41.71162051372623,6.156663814938518,17851716211.132942,4,5,1.0,logC,"{""B"": 16.069368402272897, ""C"": 3.775134544399296e-11, ""Q"": 12.295867912521107, ""u1"": 0.015040876274643485, ""u2"": 0.245514096996587}",-5.453379310974412,-1.188385354065261,-3.934730088761306,0.3302638681478385
expanded,heavy,NGC7793,46,C_k12_L,logsvt,5,23.718415478833283,0.5784979385081288,35.21841547883328,4.577954398084277,42.861622461278756,7.306665762491043,,4,4,0.9999654212889232,L,"{""B"": 466.8182625115619, ""C"": 3.790776538180125e-11, ""L"": -199.99999999957816, ""u1"": 0.21452557145619322, ""u2"": 0.026051339037315276}",-4.3033773634218875,-0.038383406512735974,-2.784728141208781,1.4802658157003634
expanded,heavy,NGC7793,46,C_k12_L_Q,logsvt,6,22.502273313708958,0.562556832842724,36.65611946755511,6.0156583868061055,45.47412169264353,9.919164993855816,43879631678.54603,4,6,1.0,,"{""B"": 10.166214108667397, ""C"": 4.887159876853488e-11, ""L"": 0.4873165270273177, ""Q"": 9.911460174383297, ""u1"": 1.734691097157602e-10, ""u2"": 0.32763873556463136}",-2.8656733747000587,2.5741158248520364,-1.3470241524869522,4.092765047065136
expanded,heavy,NGC7793,46,cored_log,cored_log,2,33.7240738526002,0.7664562239227318,38.00314362004206,7.362682539293058,41.38135664557839,5.82639994679068,3.4462390190795973,2,2,0.8394903476700842,,"{""H"": 1.1072941431916328, ""Rc"": 0.3771746423445944}",-1.5186492222131065,-1.5186492222130994,0.0,0.0
expanded,heavy,NGC7793,46,pISO,piso,2,35.242723074813306,0.8009709789730297,39.52179284225517,8.881331761506164,42.90000586779149,7.345049169003779,4.244127989268713,2,2,0.8906739890206151,,"{""H"": 1.4254553801367986, ""Rc"": 0.2291223723004704}",0.0,0.0,1.5186492222131065,1.5186492222130994
expanded,heavy,NGC7793,46,NFW,nfw,2,39.46525858645253,0.8969376951466483,43.74432835389439,13.103867273145386,47.122541379430714,11.567584680643002,10.981275483701584,2,2,0.9833372743801527,,"{""V200"": 1.2605959256251715, ""c"": 5.784247067024941}",4.222535511639222,4.222535511639222,5.741184733852329,5.741184733852322
