{
 "config": {
  "quick": false,
  "seed": 20260612,
  "S": 10,
  "k": 2,
  "C": 10,
  "A": 0.8,
  "n_hops": 5000,
  "seeds": 20
 },
 "D1_sync": {
  "worked_example_ledger": [
   8,
   2
  ],
  "slot2_fraction_of_available": 0.25,
  "gamma_wall": -1.2000000000034205e-05,
  "stderr_wall": 8.532291603097999e-06,
  "gamma_rate": 0.0,
  "stderr_rate": 0.0,
  "delta_clock": 0.25,
  "PASS": true
 },
 "D2_indep": {
  "gamma_wall": 1.2495999999999998,
  "stderr_wall": 0.0010787400057474625,
  "gamma_rate": 1.249608708019376,
  "stderr_rate": 0.0010768116882170834,
  "predicted": 1.25,
  "PASS": true
 },
 "D3_correlation": {
  "curve": {
   "0.0": {
    "gamma_wall": 1.2504240000000002,
    "stderr_wall": 0.0010313191552570066,
    "gamma_rate": 1.2504538009826276,
    "stderr_rate": 0.0010327247035616756,
    "predicted": 1.25
   },
   "0.25": {
    "gamma_wall": 1.1526,
    "stderr_wall": 0.0010809107271185728,
    "gamma_rate": 1.152636850332462,
    "stderr_rate": 0.0010778622816941992,
    "predicted": 1.1538461538461537
   },
   "0.5": {
    "gamma_wall": 0.880536,
    "stderr_wall": 0.0017709667416414125,
    "gamma_rate": 0.8805491810324323,
    "stderr_rate": 0.0017777860608376183,
    "predicted": 0.8823529411764705
   },
   "0.75": {
    "gamma_wall": 0.47899599999999987,
    "stderr_wall": 0.0020372096602951657,
    "gamma_rate": 0.4790131419814555,
    "stderr_rate": 0.002033391246670871,
    "predicted": 0.4794520547945206
   },
   "1.0": {
    "gamma_wall": -1.2000000000078615e-05,
    "stderr_wall": 6.38748776911037e-06,
    "gamma_rate": 0.0,
    "stderr_rate": 0.0,
    "predicted": 0.0
   }
  },
  "cassini_c_bound": 0.00479583152331272,
  "PASS": true
 },
 "D4_achromaticity": {
  "rate_levy_delays": {
   "5": 0.562411,
   "10": 0.5621390000000004,
   "20": 0.5623710000000002,
   "40": 0.5632900000000003
  },
  "spread_relative": 0.0020460303500425543,
  "latency_control_extra": {
   "5": 1.0,
   "10": 0.5,
   "20": 0.25,
   "40": 0.125
  },
  "latency_control_predicted": {
   "5": 1.0,
   "10": 0.5,
   "20": 0.25,
   "40": 0.125
  },
  "PASS": true
 },
 "D5_linearity": {
  "preregistered": {
   "indep": {
    "delays": {
     "0.01": 0.020300499999999833,
     "0.02": 0.04121749999999991,
     "0.03": 0.06279900000000005,
     "0.04": 0.08505699999999994,
     "0.05": 0.10803799999999986
    },
    "slope": 2.193145000000001,
    "slope_exact_closed_form": 2.192950055662668
   },
   "sync": {
    "delays": {
     "0.01": 0.010101500000000208,
     "0.02": 0.020405499999999854,
     "0.03": 0.030935500000000005,
     "0.04": 0.04166900000000018,
     "0.05": 0.05265049999999993
    },
    "slope": 1.0636149999999978,
    "slope_exact_closed_form": 1.063196410940773
   }
  },
  "weak_load": {
   "indep": {
    "delays": {
     "0.001": 0.002004000000000117,
     "0.002": 0.004011500000000057,
     "0.003": 0.006026000000000087,
     "0.004": 0.00804500000000008,
     "0.005": 0.010068500000000036
    },
    "slope": 2.016249999999986,
    "slope_exact_closed_form": 2.0181223483688298
   },
   "sync": {
    "delays": {
     "0.001": 0.0010004999999997377,
     "0.002": 0.0020050000000000345,
     "0.003": 0.0030079999999998996,
     "0.004": 0.004013500000000114,
     "0.005": 0.005029499999999798
    },
    "slope": 1.00665000000002,
    "slope_exact_closed_form": 1.0060305495275461
   }
  },
  "preregistered_PASS": false,
  "weak_load_PASS": true,
  "curvature_explained": true,
  "PASS": true
 },
 "verdict": {
  "D1_sync": true,
  "D2_indep": true,
  "D3_correlation": true,
  "D4_achromaticity": true,
  "D5_linearity": true,
  "D5_preregistered_window_literal": false
 }
}