{
  "issue": 149,
  "hypothesis": "H-EXT: energy-sourced monopole vs circulation multipole ladder (rules of #149)",
  "mode": "full",
  "b": 1.0,
  "results": {
    "E0": {
      "floor_relaxed_max": 0.0,
      "floor_evolved_max": 0.0,
      "elapsed_s": 58.0
    },
    "E1": {
      "drho_r2_plateau_relaxed": -0.5221008392604027,
      "drho_r2_plateau_evolved_snapshot": -0.4473379367901642,
      "evolved_core_xy": [
        -0.44,
        0.88
      ],
      "expected": -0.5,
      "rel_dev": 0.044201678520805476,
      "rel_dev_evolved": 0.1053241264196716,
      "window": [
        3.0,
        7.0
      ],
      "elapsed_s": 59.2
    },
    "E2": {
      "slope": 6.041621277905322,
      "n_valid_bins": 28,
      "drho_r2_far": -0.003258456063021329,
      "ratio_to_E1_plateau": 0.006241047357129688,
      "drho_r2_far_evolved": -3.7265266631840315,
      "monopole_bound_r": 39.5,
      "monopole_bound_coeff": 0.0033302116131964064,
      "monopole_bound_ratio_to_E1": 0.0063784835471896876,
      "slope_window": [
        12.0,
        40.0
      ],
      "amp_window": [
        36.0,
        44.0
      ],
      "elapsed_s": 58.0
    },
    "E2b": {
      "cores": [
        [
          3.06,
          6.12
        ],
        [
          -3.06,
          6.12
        ]
      ],
      "d_eff": 6.12,
      "centroid": [
        0.0,
        6.12
      ],
      "slope_evolved_snapshot": null,
      "n_valid_bins_evolved": 1,
      "slope_relaxed": 4.014341338577327,
      "n_valid_bins_relaxed": 16,
      "slope_window": [
        12.0,
        36.0
      ],
      "elapsed_s": 58.5
    },
    "E3": {
      "drho_r2_far_2clusters": -0.276215590128393,
      "drho_r2_far_1cluster": -0.003258456063021329,
      "ratio": 84.76885518360446,
      "coeff_2clusters_at_bound_r": 0.23727778644182165,
      "ratio_at_bound_r": 71.25006275924835,
      "elapsed_s": 58.9
    },
    "E4": {
      "aperture": 3.5,
      "E_single_core": 6.659943651072585,
      "E_cluster_4cores": 29.136774333265297,
      "ratio_over_4x": 1.0937320141054352
    },
    "deviations_from_preregistration": [
      "E1 plateau window moved from (5, 12) to (3, 7): the registered window reaches into the screen-cancellation zone (partners at D = 30 cancel the test vortex's velocity beyond r ~ D/4) and, past r ~ 17, the bins pass through the partner cores. Geometry, fixed before any rule re-evaluation.",
      "Rule source moved from evolved-state profiles to the RELAXED (static) state: the first full run showed a ~1e-3 standing-sound/boundary-ring floor in the evolved fields that swamps any far signal (drho*r^2 grows toward the box edge). The static question is pre-registered as 'the medium's static response'; the evolved profiles are retained in the receipt as the stability cross-check. First-run numbers recorded in the result note.",
      "Amplitude clause: reported at the pre-registered r = 40 AND as the monopole bound at the deepest above-floor radius; if the 5% certification is floor-limited at r = 40, the achieved bound is recorded instead of silently passing."
    ]
  },
  "profiles": {
    "r": [
      1.5,
      2.5,
      3.5,
      4.5,
      5.5,
      6.5,
      7.5,
      8.5,
      9.5,
      10.5,
      11.5,
      12.5,
      13.5,
      14.5,
      15.5,
      16.5,
      17.5,
      18.5,
      19.5,
      20.5,
      21.5,
      22.5,
      23.5,
      24.5,
      25.5,
      26.5,
      27.5,
      28.5,
      29.5,
      30.5,
      31.5,
      32.5,
      33.5,
      34.5,
      35.5,
      36.5,
      37.5,
      38.5,
      39.5,
      40.5,
      41.5,
      42.5,
      43.5,
      44.5,
      45.5,
      46.5,
      47.5,
      48.5
    ],
    "E1_absdrho": [
      0.23013201878630954,
      0.09266691476009097,
      0.044939002460391814,
      0.02553213586203946,
      0.016739630717233386,
      0.012177538378679338,
      0.009205015868264577,
      0.007178041844443234,
      0.005776693109278076,
      0.00478872474633292,
      0.004069316173172508,
      0.0035126080925901,
      0.003082240182892277,
      0.0028063705431633865,
      0.0025418375747843216,
      0.0023586923291739263,
      0.0022660839542631706,
      0.002198638521252243,
      0.002188738130722618,
      0.0022200102168503425,
      0.002437845818308264,
      0.002567138370133749,
      0.002854794996306867,
      0.0035966222220775255,
      0.004164178659296526,
      0.005176579240611242,
      0.006982246576609717,
      0.016141099198990413,
      0.022868723926032345,
      0.020532237598222803,
      0.013600071324612087,
      0.006429786835055443,
      0.00434748668458352,
      0.0035107312423243884,
      0.0031297666614941676,
      0.0027316199989527016,
      0.002634621242986893,
      0.0028704806252126667,
      0.0032953643250239533,
      0.004552059384563648,
      0.007326645275782271,
      0.008890785947539366,
      0.006734160867640821,
      0.002853497900469193,
      0.00177768790158642,
      0.0012835660900372197,
      0.0010164133926942843,
      0.000753259828276954
    ],
    "E2_absdrho": [
      0.0308824058265794,
      0.06714598999254026,
      0.12855619762125128,
      0.2659330601370737,
      0.26184337766763477,
      0.12409791234637585,
      0.04881557605053711,
      0.023317621970676453,
      0.01150342557425881,
      0.006130370055943144,
      0.003627230761686641,
      0.0022259089971217883,
      0.0014052785626658213,
      0.0009031939844793638,
      0.0006015309215106204,
      0.00041587173596449947,
      0.0002902208305700764,
      0.00020510498929647014,
      0.0001489440581342665,
      0.00011132088470186942,
      8.33969742066108e-05,
      6.288380681749868e-05,
      4.8444951488086954e-05,
      3.775341176998467e-05,
      2.967578578667862e-05,
      2.3585399646841535e-05,
      1.886534567631932e-05,
      1.5193155582972582e-05,
      1.2307476148496364e-05,
      1.0078078190076659e-05,
      8.291760785550171e-06,
      6.893222675912461e-06,
      5.745531651695216e-06,
      4.8171285641329264e-06,
      4.051100911682899e-06,
      3.3998731698191666e-06,
      2.9066636297368722e-06,
      2.480169510610288e-06,
      2.1344089813788856e-06,
      1.8340711804526148e-06,
      1.5837958683338403e-06,
      1.3700769805079285e-06,
      1.1803406738249504e-06,
      1.0402654846127614e-06,
      9.094233933120515e-07,
      8.07873048656003e-07,
      7.022674878345918e-07,
      6.198222735922417e-07
    ],
    "E2_absdrho_evolved": [
      0.028117261352420524,
      0.02456432752159247,
      0.018644305058032443,
      0.0058486165656667305,
      0.020906539323371977,
      0.07397390944564548,
      0.13394520186100456,
      0.13811427813702637,
      0.08174371858818168,
      0.03024443257623429,
      0.01266221574580391,
      0.005823014859100864,
      0.002637219778057064,
      0.0003693163683788947,
      0.00029437597076843925,
      0.0007530659278995042,
      0.0011570997603370654,
      0.0013575597463353517,
      0.0013598604959548695,
      0.0012505142471151505,
      0.0012529739766376767,
      0.0011654321450826897,
      0.001124031796250806,
      0.0011273701050870972,
      0.001068679685227308,
      0.00092888556895339,
      0.0006339075388578377,
      0.00011772749337257785,
      0.0005541209162071053,
      0.001356531590202364,
      0.002056054119005006,
      0.0025326907968451135,
      0.0027755663201259333,
      0.0028319225288669274,
      0.0027811953726759524,
      0.002725691133288445,
      0.0026136190087886935,
      0.0025122457673687894,
      0.00240683425886366,
      0.002352743544247722,
      0.0022862756285361584,
      0.002088254398889667,
      0.0018274196397262625,
      0.0014351489547716858,
      0.0009704427432724688,
      0.0004964767572467421,
      9.812721495997773e-05,
      0.00015054802263746807
    ],