{
  "issue": 129,
  "battery": "GW-POL",
  "quick": false,
  "moduleA_antenna_vs_closedform_max_abs_err": 3.3306690738754696e-16,
  "moduleA_helicity_content": {
    "plus": 2,
    "cross": 2,
    "vec_x": 1,
    "vec_y": 1,
    "breathing": 0,
    "longitudinal": 0
  },
  "moduleB_longwavelength_max_F_ssv": 3.085097281807503e-16,
  "moduleB_longwavelength_max_F_tensor": 0.9999500016666446,
  "moduleB_suppression_curve": [
    [
      1.0,
      2.948289247352396e-05
    ],
    [
      10.0,
      0.00029482895211930686
    ],
    [
      50.0,
      0.0014741463500002156
    ],
    [
      100.0,
      0.002948302644166535
    ],
    [
      300.0,
      0.008845226168093502
    ],
    [
      1000.0,
      0.029496162089191185
    ]
  ],
  "moduleB_suppression_at_100Hz_4km": 0.002948302644166535,
  "moduleC_i_ssv_helicity_set": [
    0
  ],
  "moduleC_i_tensor_overlap": 0.0,
  "moduleC_ii_distance_bias_factor": 339.17820545953253,
  "moduleC_ii_gw170817_D_em_Mpc": 40.0,
  "moduleC_ii_gw170817_D_inferred_Mpc": 13567.128218381302,
  "moduleC_iii_emission": {
    "monopole_d2M_peak": 0.0,
    "dipole_d2P_peak": 0.0,
    "quadrupole_d3Q_peak": 124.10549968323386
  },
  "verdict": "R2",
  "runtime_s": 1.4666554927825928
}